-- --------------------------------------------------------
-- Servidor:                     193.203.175.85
-- Versão do servidor:           11.8.3-MariaDB-log - MariaDB Server
-- OS do Servidor:               Linux
-- HeidiSQL Versão:              12.10.0.7000
-- --------------------------------------------------------

/*!40101 SET @OLD_CHARACTER_SET_CLIENT=@@CHARACTER_SET_CLIENT */;
/*!40101 SET NAMES utf8 */;
/*!50503 SET NAMES utf8mb4 */;
/*!40103 SET @OLD_TIME_ZONE=@@TIME_ZONE */;
/*!40103 SET TIME_ZONE='+00:00' */;
/*!40014 SET @OLD_FOREIGN_KEY_CHECKS=@@FOREIGN_KEY_CHECKS, FOREIGN_KEY_CHECKS=0 */;
/*!40101 SET @OLD_SQL_MODE=@@SQL_MODE, SQL_MODE='NO_AUTO_VALUE_ON_ZERO' */;
/*!40111 SET @OLD_SQL_NOTES=@@SQL_NOTES, SQL_NOTES=0 */;

-- Copiando estrutura para tabela u690128405_role.ads_banners_tb
CREATE TABLE IF NOT EXISTS `ads_banners_tb` (
  `banner_id` int(11) unsigned NOT NULL AUTO_INCREMENT,
  `title` varchar(255) DEFAULT NULL,
  `placement` varchar(64) NOT NULL,
  `link_url` varchar(255) DEFAULT NULL,
  `image_desktop_url` varchar(255) NOT NULL,
  `image_mobile_url` varchar(255) DEFAULT NULL,
  `width` int(11) DEFAULT NULL,
  `height` int(11) DEFAULT NULL,
  `start_at` datetime DEFAULT NULL,
  `end_at` datetime DEFAULT NULL,
  `active` tinyint(1) NOT NULL DEFAULT 1,
  `created_at` datetime DEFAULT NULL,
  `updated_at` datetime DEFAULT NULL,
  PRIMARY KEY (`banner_id`),
  KEY `placement` (`placement`)
) ENGINE=InnoDB DEFAULT CHARSET=utf8mb4 COLLATE=utf8mb4_general_ci;

-- Copiando dados para a tabela u690128405_role.ads_banners_tb: ~0 rows (aproximadamente)

-- Copiando estrutura para tabela u690128405_role.bar_stories_tb
CREATE TABLE IF NOT EXISTS `bar_stories_tb` (
  `story_id` int(10) unsigned NOT NULL AUTO_INCREMENT,
  `bares_id` int(10) unsigned NOT NULL COMMENT 'ID do estabelecimento (form_perfil_bares_tb.bares_id)',
  `user_id` int(10) unsigned NOT NULL COMMENT 'Usuário que publicou o story',
  `image_url` varchar(255) NOT NULL,
  `overlay_json` text DEFAULT NULL,
  `expires_at` datetime NOT NULL,
  `created_at` datetime DEFAULT NULL,
  `updated_at` datetime DEFAULT NULL,
  `deleted_at` datetime DEFAULT NULL,
  PRIMARY KEY (`story_id`),
  KEY `bares_id` (`bares_id`),
  KEY `user_id` (`user_id`)
) ENGINE=InnoDB DEFAULT CHARSET=utf8mb4 COLLATE=utf8mb4_general_ci;

-- Copiando dados para a tabela u690128405_role.bar_stories_tb: ~0 rows (aproximadamente)

-- Copiando estrutura para tabela u690128405_role.base_bairros
CREATE TABLE IF NOT EXISTS `base_bairros` (
  `id` int(10) unsigned NOT NULL AUTO_INCREMENT,
  `nome` varchar(255) NOT NULL,
  `cidade_id` int(10) unsigned NOT NULL,
  `status` int(11) NOT NULL DEFAULT 1,
  `created_at` timestamp NOT NULL DEFAULT current_timestamp(),
  `updated_at` timestamp NULL DEFAULT NULL,
  `deleted_at` timestamp NULL DEFAULT NULL,
  PRIMARY KEY (`id`),
  KEY `base_bairros_cidade_id_foreign` (`cidade_id`),
  CONSTRAINT `base_bairros_cidade_id_foreign` FOREIGN KEY (`cidade_id`) REFERENCES `base_cidades` (`id`) ON DELETE CASCADE
) ENGINE=InnoDB AUTO_INCREMENT=5605 DEFAULT CHARSET=utf8mb3 COLLATE=utf8mb3_uca1400_ai_ci;

-- Copiando dados para a tabela u690128405_role.base_bairros: ~21 rows (aproximadamente)
INSERT INTO `base_bairros` (`id`, `nome`, `cidade_id`, `status`, `created_at`, `updated_at`, `deleted_at`) VALUES
	(1, 'Bonito', 323, 1, '2024-01-10 14:13:17', NULL, NULL),
	(2, 'Bom Jardim', 323, 1, '2024-01-10 14:13:17', NULL, NULL),
	(3, 'Cidade Nova', 323, 1, '2024-01-10 14:13:17', NULL, NULL),
	(4, 'Bela Vista', 323, 1, '2024-01-10 14:13:17', NULL, NULL),
	(5, 'Portal da Cidade', 323, 1, '2024-01-10 14:13:17', NULL, NULL),
	(6, 'Cruzeiro do Sul', 323, 1, '2024-01-10 14:13:17', NULL, NULL),
	(7, 'Alvorada', 323, 1, '2024-01-10 14:13:17', NULL, NULL),
	(8, 'Germon Viana', 323, 1, '2024-01-10 14:13:17', NULL, NULL),
	(9, 'Centro', 323, 1, '2024-01-10 14:13:17', NULL, NULL),
	(10, 'Morada Real', 323, 1, '2024-01-10 14:13:17', NULL, NULL),
	(11, 'Não Identificado', 323, 1, '2024-01-10 14:13:17', NULL, NULL),
	(5595, 'Cidade Nova', 323, 1, '2025-12-30 23:15:20', NULL, NULL),
	(5596, 'Cruzeiro do Sul', 323, 1, '2025-12-30 23:15:34', NULL, NULL),
	(5597, 'teste', 79, 1, '2025-12-31 13:53:04', NULL, NULL),
	(5598, 'Centro', 79, 1, '2025-12-31 23:28:22', NULL, NULL),
	(5599, 'centro', 893, 1, '2025-12-31 23:55:03', NULL, NULL),
	(5600, 'Campo Belo', 5265, 1, '2026-01-04 17:05:40', NULL, NULL),
	(5601, 'Liberdade', 5265, 1, '2026-01-07 06:23:10', NULL, NULL),
	(5602, 'Glicério', 5265, 1, '2026-01-16 22:35:36', NULL, NULL),
	(5603, 'Indianópolis', 5265, 1, '2026-01-26 17:08:21', NULL, NULL),
	(5604, 'teste', 102, 1, '2026-02-15 11:33:49', NULL, NULL);

-- Copiando estrutura para tabela u690128405_role.base_cidades
CREATE TABLE IF NOT EXISTS `base_cidades` (
  `id` int(10) unsigned NOT NULL AUTO_INCREMENT,
  `nome` varchar(255) NOT NULL,
  `estado_id` int(10) unsigned NOT NULL,
  `codigo_ibge` varchar(20) NOT NULL,
  `created_at` timestamp NOT NULL DEFAULT current_timestamp(),
  `updated_at` timestamp NULL DEFAULT NULL,
  `deleted_at` timestamp NULL DEFAULT NULL,
  PRIMARY KEY (`id`),
  KEY `base_cidades_estado_id_foreign` (`estado_id`),
  CONSTRAINT `base_cidades_estado_id_foreign` FOREIGN KEY (`estado_id`) REFERENCES `base_estados` (`id`) ON DELETE CASCADE
) ENGINE=InnoDB AUTO_INCREMENT=5596 DEFAULT CHARSET=utf8mb3 COLLATE=utf8mb3_uca1400_ai_ci;

-- Copiando dados para a tabela u690128405_role.base_cidades: ~5.575 rows (aproximadamente)
INSERT INTO `base_cidades` (`id`, `nome`, `estado_id`, `codigo_ibge`, `created_at`, `updated_at`, `deleted_at`) VALUES
	(1, 'Afonso Cláudio', 8, '3200102', '2024-01-14 15:15:38', NULL, NULL),
	(2, 'Água Doce do Norte', 8, '3200169', '2024-01-14 15:15:38', NULL, NULL),
	(3, 'Águia Branca', 8, '3200136', '2024-01-14 15:15:38', NULL, NULL),
	(4, 'Alegre', 8, '3200201', '2024-01-14 15:15:38', NULL, NULL),
	(5, 'Alfredo Chaves', 8, '3200300', '2024-01-14 15:15:38', NULL, NULL),
	(6, 'Alto Rio Novo', 8, '3200359', '2024-01-14 15:15:38', NULL, NULL),
	(7, 'Anchieta', 8, '3200409', '2024-01-14 15:15:38', NULL, NULL),
	(8, 'Apiacá', 8, '3200508', '2024-01-14 15:15:38', NULL, NULL),
	(9, 'Aracruz', 8, '3200607', '2024-01-14 15:15:38', NULL, NULL),
	(10, 'Atilio Vivacqua', 8, '3200706', '2024-01-14 15:15:38', NULL, NULL),
	(11, 'Baixo Guandu', 8, '3200805', '2024-01-14 15:15:38', NULL, NULL),
	(12, 'Barra de São Francisco', 8, '3200904', '2024-01-14 15:15:38', NULL, NULL),
	(13, 'Boa Esperança', 8, '3201001', '2024-01-14 15:15:38', NULL, NULL),
	(14, 'Bom Jesus do Norte', 8, '3201100', '2024-01-14 15:15:38', NULL, NULL),
	(15, 'Brejetuba', 8, '3201159', '2024-01-14 15:15:38', NULL, NULL),
	(16, 'Cachoeiro de Itapemirim', 8, '3201209', '2024-01-14 15:15:38', NULL, NULL),
	(17, 'Cariacica', 8, '3201308', '2024-01-14 15:15:38', NULL, NULL),
	(18, 'Castelo', 8, '3201407', '2024-01-14 15:15:38', NULL, NULL),
	(19, 'Colatina', 8, '3201506', '2024-01-14 15:15:38', NULL, NULL),
	(20, 'Conceição da Barra', 8, '3201605', '2024-01-14 15:15:38', NULL, NULL),
	(21, 'Conceição do Castelo', 8, '3201704', '2024-01-14 15:15:38', NULL, NULL),
	(22, 'Divino de São Lourenço', 8, '3201803', '2024-01-14 15:15:38', NULL, NULL),
	(23, 'Domingos Martins', 8, '3201902', '2024-01-14 15:15:38', NULL, NULL),
	(24, 'Dores do Rio Preto', 8, '3202009', '2024-01-14 15:15:38', NULL, NULL),
	(25, 'Ecoporanga', 8, '3202108', '2024-01-14 15:15:38', NULL, NULL),
	(26, 'Fundão', 8, '3202207', '2024-01-14 15:15:38', NULL, NULL),
	(27, 'Governador Lindenberg', 8, '3202256', '2024-01-14 15:15:38', NULL, NULL),
	(28, 'Guaçuí', 8, '3202306', '2024-01-14 15:15:38', NULL, NULL),
	(29, 'Guarapari', 8, '3202405', '2024-01-14 15:15:38', NULL, NULL),
	(30, 'Ibatiba', 8, '3202454', '2024-01-14 15:15:38', NULL, NULL),
	(31, 'Ibiraçu', 8, '3202504', '2024-01-14 15:15:38', NULL, NULL),
	(32, 'Ibitirama', 8, '3202553', '2024-01-14 15:15:38', NULL, NULL),
	(33, 'Iconha', 8, '3202603', '2024-01-14 15:15:38', NULL, NULL),
	(34, 'Irupi', 8, '3202652', '2024-01-14 15:15:38', NULL, NULL),
	(35, 'Itaguaçu', 8, '3202702', '2024-01-14 15:15:38', NULL, NULL),
	(36, 'Itapemirim', 8, '3202801', '2024-01-14 15:15:38', NULL, NULL),
	(37, 'Itarana', 8, '3202900', '2024-01-14 15:15:38', NULL, NULL),
	(38, 'Iúna', 8, '3203007', '2024-01-14 15:15:38', NULL, NULL),
	(39, 'Jaguaré', 8, '3203056', '2024-01-14 15:15:38', NULL, NULL),
	(40, 'Jerônimo Monteiro', 8, '3203106', '2024-01-14 15:15:38', NULL, NULL),
	(41, 'João Neiva', 8, '3203130', '2024-01-14 15:15:38', NULL, NULL),
	(42, 'Laranja da Terra', 8, '3203163', '2024-01-14 15:15:38', NULL, NULL),
	(43, 'Linhares', 8, '3203205', '2024-01-14 15:15:38', NULL, NULL),
	(44, 'Mantenópolis', 8, '3203304', '2024-01-14 15:15:38', NULL, NULL),
	(45, 'Marataízes', 8, '3203320', '2024-01-14 15:15:38', NULL, NULL),
	(46, 'Marechal Floriano', 8, '3203346', '2024-01-14 15:15:38', NULL, NULL),
	(47, 'Marilândia', 8, '3203353', '2024-01-14 15:15:38', NULL, NULL),
	(48, 'Mimoso do Sul', 8, '3203403', '2024-01-14 15:15:38', NULL, NULL),
	(49, 'Montanha', 8, '3203502', '2024-01-14 15:15:38', NULL, NULL),
	(50, 'Mucurici', 8, '3203601', '2024-01-14 15:15:38', NULL, NULL),
	(51, 'Muniz Freire', 8, '3203700', '2024-01-14 15:15:38', NULL, NULL),
	(52, 'Muqui', 8, '3203809', '2024-01-14 15:15:38', NULL, NULL),
	(53, 'Nova Venécia', 8, '3203908', '2024-01-14 15:15:38', NULL, NULL),
	(54, 'Pancas', 8, '3204005', '2024-01-14 15:15:38', NULL, NULL),
	(55, 'Pedro Canário', 8, '3204054', '2024-01-14 15:15:38', NULL, NULL),
	(56, 'Pinheiros', 8, '3204104', '2024-01-14 15:15:38', NULL, NULL),
	(57, 'Piúma', 8, '3204203', '2024-01-14 15:15:38', NULL, NULL),
	(58, 'Ponto Belo', 8, '3204252', '2024-01-14 15:15:38', NULL, NULL),
	(59, 'Presidente Kennedy', 8, '3204302', '2024-01-14 15:15:38', NULL, NULL),
	(60, 'Rio Bananal', 8, '3204351', '2024-01-14 15:15:38', NULL, NULL),
	(61, 'Rio Novo do Sul', 8, '3204401', '2024-01-14 15:15:38', NULL, NULL),
	(62, 'Santa Leopoldina', 8, '3204500', '2024-01-14 15:15:38', NULL, NULL),
	(63, 'Santa Maria de Jetibá', 8, '3204559', '2024-01-14 15:15:38', NULL, NULL),
	(64, 'Santa Teresa', 8, '3204609', '2024-01-14 15:15:38', NULL, NULL),
	(65, 'São Domingos do Norte', 8, '3204658', '2024-01-14 15:15:38', NULL, NULL),
	(66, 'São Gabriel da Palha', 8, '3204708', '2024-01-14 15:15:38', NULL, NULL),
	(67, 'São José do Calçado', 8, '3204807', '2024-01-14 15:15:38', NULL, NULL),
	(68, 'São Mateus', 8, '3204906', '2024-01-14 15:15:38', NULL, NULL),
	(69, 'São Roque do Canaã', 8, '3204955', '2024-01-14 15:15:38', NULL, NULL),
	(70, 'Serra', 8, '3205002', '2024-01-14 15:15:38', NULL, NULL),
	(71, 'Sooretama', 8, '3205010', '2024-01-14 15:15:38', NULL, NULL),
	(72, 'Vargem Alta', 8, '3205036', '2024-01-14 15:15:38', NULL, NULL),
	(73, 'Venda Nova do Imigrante', 8, '3205069', '2024-01-14 15:15:38', NULL, NULL),
	(74, 'Viana', 8, '3205101', '2024-01-14 15:15:38', NULL, NULL),
	(75, 'Vila Pavão', 8, '3205150', '2024-01-14 15:15:38', NULL, NULL),
	(76, 'Vila Valério', 8, '3205176', '2024-01-14 15:15:38', NULL, NULL),
	(77, 'Vila Velha', 8, '3205200', '2024-01-14 15:15:38', NULL, NULL),
	(78, 'Vitória', 8, '3205309', '2024-01-14 15:15:38', NULL, NULL),
	(79, 'Acrelândia', 5, '1200013', '2024-01-14 15:15:38', NULL, NULL),
	(80, 'Assis Brasil', 5, '1200054', '2024-01-14 15:15:38', NULL, NULL),
	(81, 'Brasiléia', 5, '1200104', '2024-01-14 15:15:38', NULL, NULL),
	(82, 'Bujari', 5, '1200138', '2024-01-14 15:15:38', NULL, NULL),
	(83, 'Capixaba', 5, '1200179', '2024-01-14 15:15:38', NULL, NULL),
	(84, 'Cruzeiro do Sul', 5, '1200203', '2024-01-14 15:15:38', NULL, NULL),
	(85, 'Epitaciolândia', 5, '1200252', '2024-01-14 15:15:38', NULL, NULL),
	(86, 'Feijó', 5, '1200302', '2024-01-14 15:15:38', NULL, NULL),
	(87, 'Jordão', 5, '1200328', '2024-01-14 15:15:38', NULL, NULL),
	(88, 'Mâncio Lima', 5, '1200336', '2024-01-14 15:15:38', NULL, NULL),
	(89, 'Manoel Urbano', 5, '1200344', '2024-01-14 15:15:38', NULL, NULL),
	(90, 'Marechal Thaumaturgo', 5, '1200351', '2024-01-14 15:15:38', NULL, NULL),
	(91, 'Plácido de Castro', 5, '1200385', '2024-01-14 15:15:38', NULL, NULL),
	(92, 'Porto Acre', 5, '1200807', '2024-01-14 15:15:38', NULL, NULL),
	(93, 'Porto Walter', 5, '1200393', '2024-01-14 15:15:38', NULL, NULL),
	(94, 'Rio Branco', 5, '1200401', '2024-01-14 15:15:38', NULL, NULL),
	(95, 'Rodrigues Alves', 5, '1200427', '2024-01-14 15:15:38', NULL, NULL),
	(96, 'Santa Rosa do Purus', 5, '1200435', '2024-01-14 15:15:38', NULL, NULL),
	(97, 'Sena Madureira', 5, '1200500', '2024-01-14 15:15:38', NULL, NULL),
	(98, 'Senador Guiomard', 5, '1200450', '2024-01-14 15:15:38', NULL, NULL),
	(99, 'Tarauacá', 5, '1200609', '2024-01-14 15:15:38', NULL, NULL),
	(100, 'Xapuri', 5, '1200708', '2024-01-14 15:15:38', NULL, NULL),
	(101, 'Água Branca', 2, '2700102', '2024-01-14 15:15:38', NULL, NULL),
	(102, 'Anadia', 2, '2700201', '2024-01-14 15:15:39', NULL, NULL),
	(103, 'Arapiraca', 2, '2700300', '2024-01-14 15:15:39', NULL, NULL),
	(104, 'Atalaia', 2, '2700409', '2024-01-14 15:15:39', NULL, NULL),
	(105, 'Barra de Santo Antônio', 2, '2700508', '2024-01-14 15:15:39', NULL, NULL),
	(106, 'Barra de São Miguel', 2, '2700607', '2024-01-14 15:15:39', NULL, NULL),
	(107, 'Batalha', 2, '2700706', '2024-01-14 15:15:39', NULL, NULL),
	(108, 'Belém', 2, '2700805', '2024-01-14 15:15:39', NULL, NULL),
	(109, 'Belo Monte', 2, '2700904', '2024-01-14 15:15:39', NULL, NULL),
	(110, 'Boca da Mata', 2, '2701001', '2024-01-14 15:15:39', NULL, NULL),
	(111, 'Branquinha', 2, '2701100', '2024-01-14 15:15:39', NULL, NULL),
	(112, 'Cacimbinhas', 2, '2701209', '2024-01-14 15:15:39', NULL, NULL),
	(113, 'Cajueiro', 2, '2701308', '2024-01-14 15:15:39', NULL, NULL),
	(114, 'Campestre', 2, '2701357', '2024-01-14 15:15:39', NULL, NULL),
	(115, 'Campo Alegre', 2, '2701407', '2024-01-14 15:15:39', NULL, NULL),
	(116, 'Campo Grande', 2, '2701506', '2024-01-14 15:15:39', NULL, NULL),
	(117, 'Canapi', 2, '2701605', '2024-01-14 15:15:39', NULL, NULL),
	(118, 'Capela', 2, '2701704', '2024-01-14 15:15:39', NULL, NULL),
	(119, 'Carneiros', 2, '2701803', '2024-01-14 15:15:39', NULL, NULL),
	(120, 'Chã Preta', 2, '2701902', '2024-01-14 15:15:39', NULL, NULL),
	(121, 'Coité do Nóia', 2, '2702009', '2024-01-14 15:15:39', NULL, NULL),
	(122, 'Colônia Leopoldina', 2, '2702108', '2024-01-14 15:15:39', NULL, NULL),
	(123, 'Coqueiro Seco', 2, '2702207', '2024-01-14 15:15:39', NULL, NULL),
	(124, 'Coruripe', 2, '2702306', '2024-01-14 15:15:39', NULL, NULL),
	(125, 'Craíbas', 2, '2702355', '2024-01-14 15:15:39', NULL, NULL),
	(126, 'Delmiro Gouveia', 2, '2702405', '2024-01-14 15:15:39', NULL, NULL),
	(127, 'Dois Riachos', 2, '2702504', '2024-01-14 15:15:39', NULL, NULL),
	(128, 'Estrela de Alagoas', 2, '2702553', '2024-01-14 15:15:39', NULL, NULL),
	(129, 'Feira Grande', 2, '2702603', '2024-01-14 15:15:39', NULL, NULL),
	(130, 'Feliz Deserto', 2, '2702702', '2024-01-14 15:15:39', NULL, NULL),
	(131, 'Flexeiras', 2, '2702801', '2024-01-14 15:15:39', NULL, NULL),
	(132, 'Girau do Ponciano', 2, '2702900', '2024-01-14 15:15:39', NULL, NULL),
	(133, 'Ibateguara', 2, '2703007', '2024-01-14 15:15:39', NULL, NULL),
	(134, 'Igaci', 2, '2703106', '2024-01-14 15:15:39', NULL, NULL),
	(135, 'Igreja Nova', 2, '2703205', '2024-01-14 15:15:39', NULL, NULL),
	(136, 'Inhapi', 2, '2703304', '2024-01-14 15:15:39', NULL, NULL),
	(137, 'Jacaré dos Homens', 2, '2703403', '2024-01-14 15:15:39', NULL, NULL),
	(138, 'Jacuípe', 2, '2703502', '2024-01-14 15:15:39', NULL, NULL),
	(139, 'Japaratinga', 2, '2703601', '2024-01-14 15:15:39', NULL, NULL),
	(140, 'Jaramataia', 2, '2703700', '2024-01-14 15:15:39', NULL, NULL),
	(141, 'Jequiá da Praia', 2, '2703759', '2024-01-14 15:15:39', NULL, NULL),
	(142, 'Joaquim Gomes', 2, '2703809', '2024-01-14 15:15:39', NULL, NULL),
	(143, 'Jundiá', 2, '2703908', '2024-01-14 15:15:39', NULL, NULL),
	(144, 'Junqueiro', 2, '2704005', '2024-01-14 15:15:39', NULL, NULL),
	(145, 'Lagoa da Canoa', 2, '2704104', '2024-01-14 15:15:39', NULL, NULL),
	(146, 'Limoeiro de Anadia', 2, '2704203', '2024-01-14 15:15:39', NULL, NULL),
	(147, 'Maceió', 2, '2704302', '2024-01-14 15:15:39', NULL, NULL),
	(148, 'Major Isidoro', 2, '2704401', '2024-01-14 15:15:39', NULL, NULL),
	(149, 'Mar Vermelho', 2, '2704906', '2024-01-14 15:15:39', NULL, NULL),
	(150, 'Maragogi', 2, '2704500', '2024-01-14 15:15:39', NULL, NULL),
	(151, 'Maravilha', 2, '2704609', '2024-01-14 15:15:39', NULL, NULL),
	(152, 'Marechal Deodoro', 2, '2704708', '2024-01-14 15:15:39', NULL, NULL),
	(153, 'Maribondo', 2, '2704807', '2024-01-14 15:15:39', NULL, NULL),
	(154, 'Mata Grande', 2, '2705002', '2024-01-14 15:15:39', NULL, NULL),
	(155, 'Matriz de Camaragibe', 2, '2705101', '2024-01-14 15:15:39', NULL, NULL),
	(156, 'Messias', 2, '2705200', '2024-01-14 15:15:39', NULL, NULL),
	(157, 'Minador do Negrão', 2, '2705309', '2024-01-14 15:15:39', NULL, NULL),
	(158, 'Monteirópolis', 2, '2705408', '2024-01-14 15:15:39', NULL, NULL),
	(159, 'Murici', 2, '2705507', '2024-01-14 15:15:39', NULL, NULL),
	(160, 'Novo Lino', 2, '2705606', '2024-01-14 15:15:39', NULL, NULL),
	(161, 'Olho dÁgua das Flores', 2, '2705705', '2024-01-14 15:15:39', NULL, NULL),
	(162, 'Olho dÁgua do Casado', 2, '2705804', '2024-01-14 15:15:39', NULL, NULL),
	(163, 'Olho dÁgua Grande', 2, '2705903', '2024-01-14 15:15:39', NULL, NULL),
	(164, 'Olivença', 2, '2706000', '2024-01-14 15:15:39', NULL, NULL),
	(165, 'Ouro Branco', 2, '2706109', '2024-01-14 15:15:39', NULL, NULL),
	(166, 'Palestina', 2, '2706208', '2024-01-14 15:15:39', NULL, NULL),
	(167, 'Palmeira dos Índios', 2, '2706307', '2024-01-14 15:15:39', NULL, NULL),
	(168, 'Pão de Açúcar', 2, '2706406', '2024-01-14 15:15:39', NULL, NULL),
	(169, 'Pariconha', 2, '2706422', '2024-01-14 15:15:39', NULL, NULL),
	(170, 'Paripueira', 2, '2706448', '2024-01-14 15:15:39', NULL, NULL),
	(171, 'Passo de Camaragibe', 2, '2706505', '2024-01-14 15:15:39', NULL, NULL),
	(172, 'Paulo Jacinto', 2, '2706604', '2024-01-14 15:15:39', NULL, NULL),
	(173, 'Penedo', 2, '2706703', '2024-01-14 15:15:39', NULL, NULL),
	(174, 'Piaçabuçu', 2, '2706802', '2024-01-14 15:15:39', NULL, NULL),
	(175, 'Pilar', 2, '2706901', '2024-01-14 15:15:39', NULL, NULL),
	(176, 'Pindoba', 2, '2707008', '2024-01-14 15:15:39', NULL, NULL),
	(177, 'Piranhas', 2, '2707107', '2024-01-14 15:15:39', NULL, NULL),
	(178, 'Poço das Trincheiras', 2, '2707206', '2024-01-14 15:15:39', NULL, NULL),
	(179, 'Porto Calvo', 2, '2707305', '2024-01-14 15:15:39', NULL, NULL),
	(180, 'Porto de Pedras', 2, '2707404', '2024-01-14 15:15:39', NULL, NULL),
	(181, 'Porto Real do Colégio', 2, '2707503', '2024-01-14 15:15:39', NULL, NULL),
	(182, 'Quebrangulo', 2, '2707602', '2024-01-14 15:15:39', NULL, NULL),
	(183, 'Rio Largo', 2, '2707701', '2024-01-14 15:15:39', NULL, NULL),
	(184, 'Roteiro', 2, '2707800', '2024-01-14 15:15:39', NULL, NULL),
	(185, 'Santa Luzia do Norte', 2, '2707909', '2024-01-14 15:15:39', NULL, NULL),
	(186, 'Santana do Ipanema', 2, '2708006', '2024-01-14 15:15:39', NULL, NULL),
	(187, 'Santana do Mundaú', 2, '2708105', '2024-01-14 15:15:39', NULL, NULL),
	(188, 'São Brás', 2, '2708204', '2024-01-14 15:15:39', NULL, NULL),
	(189, 'São José da Laje', 2, '2708303', '2024-01-14 15:15:39', NULL, NULL),
	(190, 'São José da Tapera', 2, '2708402', '2024-01-14 15:15:39', NULL, NULL),
	(191, 'São Luís do Quitunde', 2, '2708501', '2024-01-14 15:15:39', NULL, NULL),
	(192, 'São Miguel dos Campos', 2, '2708600', '2024-01-14 15:15:39', NULL, NULL),
	(193, 'São Miguel dos Milagres', 2, '2708709', '2024-01-14 15:15:39', NULL, NULL),
	(194, 'São Sebastião', 2, '2708808', '2024-01-14 15:15:39', NULL, NULL),
	(195, 'Satuba', 2, '2708907', '2024-01-14 15:15:39', NULL, NULL),
	(196, 'Senador Rui Palmeira', 2, '2708956', '2024-01-14 15:15:39', NULL, NULL),
	(197, 'Tanque dArca', 2, '2709004', '2024-01-14 15:15:39', NULL, NULL),
	(198, 'Taquarana', 2, '2709103', '2024-01-14 15:15:39', NULL, NULL),
	(199, 'Teotônio Vilela', 2, '2709152', '2024-01-14 15:15:39', NULL, NULL),
	(200, 'Traipu', 2, '2709202', '2024-01-14 15:15:39', NULL, NULL),
	(201, 'União dos Palmares', 2, '2709301', '2024-01-14 15:15:39', NULL, NULL),
	(202, 'Viçosa', 2, '2709400', '2024-01-14 15:15:39', NULL, NULL),
	(203, 'Amapá', 4, '1600105', '2024-01-14 15:15:39', NULL, NULL),
	(204, 'Calçoene', 4, '1600204', '2024-01-14 15:15:39', NULL, NULL),
	(205, 'Cutias', 4, '1600212', '2024-01-14 15:15:39', NULL, NULL),
	(206, 'Ferreira Gomes', 4, '1600238', '2024-01-14 15:15:39', NULL, NULL),
	(207, 'Itaubal', 4, '1600253', '2024-01-14 15:15:39', NULL, NULL),
	(208, 'Laranjal do Jari', 4, '1600279', '2024-01-14 15:15:39', NULL, NULL),
	(209, 'Macapá', 4, '1600303', '2024-01-14 15:15:39', NULL, NULL),
	(210, 'Mazagão', 4, '1600402', '2024-01-14 15:15:39', NULL, NULL),
	(211, 'Oiapoque', 4, '1600501', '2024-01-14 15:15:39', NULL, NULL),
	(212, 'Pedra Branca do Amaparí', 4, '1600154', '2024-01-14 15:15:39', NULL, NULL),
	(213, 'Porto Grande', 4, '1600535', '2024-01-14 15:15:39', NULL, NULL),
	(214, 'Pracuúba', 4, '1600550', '2024-01-14 15:15:39', NULL, NULL),
	(215, 'Santana', 4, '1600600', '2024-01-14 15:15:39', NULL, NULL),
	(216, 'Serra do Navio', 4, '1600055', '2024-01-14 15:15:39', NULL, NULL),
	(217, 'Tartarugalzinho', 4, '1600709', '2024-01-14 15:15:39', NULL, NULL),
	(218, 'Vitória do Jari', 4, '1600808', '2024-01-14 15:15:39', NULL, NULL),
	(219, 'Alvarães', 3, '1300029', '2024-01-14 15:15:39', NULL, NULL),
	(220, 'Amaturá', 3, '1300060', '2024-01-14 15:15:39', NULL, NULL),
	(221, 'Anamã', 3, '1300086', '2024-01-14 15:15:39', NULL, NULL),
	(222, 'Anori', 3, '1300102', '2024-01-14 15:15:39', NULL, NULL),
	(223, 'Apuí', 3, '1300144', '2024-01-14 15:15:39', NULL, NULL),
	(224, 'Atalaia do Norte', 3, '1300201', '2024-01-14 15:15:39', NULL, NULL),
	(225, 'Autazes', 3, '1300300', '2024-01-14 15:15:39', NULL, NULL),
	(226, 'Barcelos', 3, '1300409', '2024-01-14 15:15:39', NULL, NULL),
	(227, 'Barreirinha', 3, '1300508', '2024-01-14 15:15:39', NULL, NULL),
	(228, 'Benjamin Constant', 3, '1300607', '2024-01-14 15:15:39', NULL, NULL),
	(229, 'Beruri', 3, '1300631', '2024-01-14 15:15:39', NULL, NULL),
	(230, 'Boa Vista do Ramos', 3, '1300680', '2024-01-14 15:15:39', NULL, NULL),
	(231, 'Boca do Acre', 3, '1300706', '2024-01-14 15:15:39', NULL, NULL),
	(232, 'Borba', 3, '1300805', '2024-01-14 15:15:39', NULL, NULL),
	(233, 'Caapiranga', 3, '1300839', '2024-01-14 15:15:39', NULL, NULL),
	(234, 'Canutama', 3, '1300904', '2024-01-14 15:15:39', NULL, NULL),
	(235, 'Carauari', 3, '1301001', '2024-01-14 15:15:39', NULL, NULL),
	(236, 'Careiro', 3, '1301100', '2024-01-14 15:15:39', NULL, NULL),
	(237, 'Careiro da Várzea', 3, '1301159', '2024-01-14 15:15:39', NULL, NULL),
	(238, 'Coari', 3, '1301209', '2024-01-14 15:15:39', NULL, NULL),
	(239, 'Codajás', 3, '1301308', '2024-01-14 15:15:39', NULL, NULL),
	(240, 'Eirunepé', 3, '1301407', '2024-01-14 15:15:39', NULL, NULL),
	(241, 'Envira', 3, '1301506', '2024-01-14 15:15:39', NULL, NULL),
	(242, 'Fonte Boa', 3, '1301605', '2024-01-14 15:15:39', NULL, NULL),
	(243, 'Guajará', 3, '1301654', '2024-01-14 15:15:39', NULL, NULL),
	(244, 'Humaitá', 3, '1301704', '2024-01-14 15:15:39', NULL, NULL),
	(245, 'Ipixuna', 3, '1301803', '2024-01-14 15:15:39', NULL, NULL),
	(246, 'Iranduba', 3, '1301852', '2024-01-14 15:15:39', NULL, NULL),
	(247, 'Itacoatiara', 3, '1301902', '2024-01-14 15:15:39', NULL, NULL),
	(248, 'Itamarati', 3, '1301951', '2024-01-14 15:15:39', NULL, NULL),
	(249, 'Itapiranga', 3, '1302009', '2024-01-14 15:15:39', NULL, NULL),
	(250, 'Japurá', 3, '1302108', '2024-01-14 15:15:39', NULL, NULL),
	(251, 'Juruá', 3, '1302207', '2024-01-14 15:15:39', NULL, NULL),
	(252, 'Jutaí', 3, '1302306', '2024-01-14 15:15:39', NULL, NULL),
	(253, 'Lábrea', 3, '1302405', '2024-01-14 15:15:39', NULL, NULL),
	(254, 'Manacapuru', 3, '1302504', '2024-01-14 15:15:39', NULL, NULL),
	(255, 'Manaquiri', 3, '1302553', '2024-01-14 15:15:39', NULL, NULL),
	(256, 'Manaus', 3, '1302603', '2024-01-14 15:15:39', NULL, NULL),
	(257, 'Manicoré', 3, '1302702', '2024-01-14 15:15:39', NULL, NULL),
	(258, 'Maraã', 3, '1302801', '2024-01-14 15:15:39', NULL, NULL),
	(259, 'Maués', 3, '1302900', '2024-01-14 15:15:39', NULL, NULL),
	(260, 'Nhamundá', 3, '1303007', '2024-01-14 15:15:39', NULL, NULL),
	(261, 'Nova Olinda do Norte', 3, '1303106', '2024-01-14 15:15:39', NULL, NULL),
	(262, 'Novo Airão', 3, '1303205', '2024-01-14 15:15:39', NULL, NULL),
	(263, 'Novo Aripuanã', 3, '1303304', '2024-01-14 15:15:39', NULL, NULL),
	(264, 'Parintins', 3, '1303403', '2024-01-14 15:15:39', NULL, NULL),
	(265, 'Pauini', 3, '1303502', '2024-01-14 15:15:39', NULL, NULL),
	(266, 'Presidente Figueiredo', 3, '1303536', '2024-01-14 15:15:39', NULL, NULL),
	(267, 'Rio Preto da Eva', 3, '1303569', '2024-01-14 15:15:39', NULL, NULL),
	(268, 'Santa Isabel do Rio Negro', 3, '1303601', '2024-01-14 15:15:39', NULL, NULL),
	(269, 'Santo Antônio do Içá', 3, '1303700', '2024-01-14 15:15:39', NULL, NULL),
	(270, 'São Gabriel da Cachoeira', 3, '1303809', '2024-01-14 15:15:39', NULL, NULL),
	(271, 'São Paulo de Olivença', 3, '1303908', '2024-01-14 15:15:39', NULL, NULL),
	(272, 'São Sebastião do Uatumã', 3, '1303957', '2024-01-14 15:15:39', NULL, NULL),
	(273, 'Silves', 3, '1304005', '2024-01-14 15:15:39', NULL, NULL),
	(274, 'Tabatinga', 3, '1304062', '2024-01-14 15:15:39', NULL, NULL),
	(275, 'Tapauá', 3, '1304104', '2024-01-14 15:15:39', NULL, NULL),
	(276, 'Tefé', 3, '1304203', '2024-01-14 15:15:39', NULL, NULL),
	(277, 'Tonantins', 3, '1304237', '2024-01-14 15:15:39', NULL, NULL),
	(278, 'Uarini', 3, '1304260', '2024-01-14 15:15:39', NULL, NULL),
	(279, 'Urucará', 3, '1304302', '2024-01-14 15:15:39', NULL, NULL),
	(280, 'Urucurituba', 3, '1304401', '2024-01-14 15:15:39', NULL, NULL),
	(281, 'Abaíra', 1, '2900108', '2024-01-14 15:15:39', NULL, NULL),
	(282, 'Abaré', 1, '2900207', '2024-01-14 15:15:39', NULL, NULL),
	(283, 'Acajutiba', 1, '2900306', '2024-01-14 15:15:39', NULL, NULL),
	(284, 'Adustina', 1, '2900355', '2024-01-14 15:15:39', NULL, NULL),
	(285, 'Água Fria', 1, '2900405', '2024-01-14 15:15:39', NULL, NULL),
	(286, 'Aiquara', 1, '2900603', '2024-01-14 15:15:39', NULL, NULL),
	(287, 'Alagoinhas', 1, '2900702', '2024-01-14 15:15:39', NULL, NULL),
	(288, 'Alcobaça', 1, '2900801', '2024-01-14 15:15:39', NULL, NULL),
	(289, 'Almadina', 1, '2900900', '2024-01-14 15:15:39', NULL, NULL),
	(290, 'Amargosa', 1, '2901007', '2024-01-14 15:15:39', NULL, NULL),
	(291, 'Amélia Rodrigues', 1, '2901106', '2024-01-14 15:15:39', NULL, NULL),
	(292, 'América Dourada', 1, '2901155', '2024-01-14 15:15:39', NULL, NULL),
	(293, 'Anagé', 1, '2901205', '2024-01-14 15:15:39', NULL, NULL),
	(294, 'Andaraí', 1, '2901304', '2024-01-14 15:15:39', NULL, NULL),
	(295, 'Andorinha', 1, '2901353', '2024-01-14 15:15:39', NULL, NULL),
	(296, 'Angical', 1, '2901403', '2024-01-14 15:15:39', NULL, NULL),
	(297, 'Anguera', 1, '2901502', '2024-01-14 15:15:39', NULL, NULL),
	(298, 'Antas', 1, '2901601', '2024-01-14 15:15:39', NULL, NULL),
	(299, 'Antônio Cardoso', 1, '2901700', '2024-01-14 15:15:39', NULL, NULL),
	(300, 'Antônio Gonçalves', 1, '2901809', '2024-01-14 15:15:39', NULL, NULL),
	(301, 'Aporá', 1, '2901908', '2024-01-14 15:15:39', NULL, NULL),
	(302, 'Apuarema', 1, '2901957', '2024-01-14 15:15:39', NULL, NULL),
	(303, 'Araças', 1, '2902054', '2024-01-14 15:15:39', NULL, NULL),
	(304, 'Aracatu', 1, '2902005', '2024-01-14 15:15:39', NULL, NULL),
	(305, 'Araci', 1, '2902104', '2024-01-14 15:15:39', NULL, NULL),
	(306, 'Aramari', 1, '2902203', '2024-01-14 15:15:39', NULL, NULL),
	(307, 'Arataca', 1, '2902252', '2024-01-14 15:15:39', NULL, NULL),
	(308, 'Aratuípe', 1, '2902302', '2024-01-14 15:15:39', NULL, NULL),
	(309, 'Aurelino Leal', 1, '2902401', '2024-01-14 15:15:39', NULL, NULL),
	(310, 'Baianópolis', 1, '2902500', '2024-01-14 15:15:39', NULL, NULL),
	(311, 'Baixa Grande', 1, '2902609', '2024-01-14 15:15:39', NULL, NULL),
	(312, 'Banzaê', 1, '2902658', '2024-01-14 15:15:39', NULL, NULL),
	(313, 'Barra', 1, '2902708', '2024-01-14 15:15:39', NULL, NULL),
	(314, 'Barra da Estiva', 1, '2902807', '2024-01-14 15:15:39', NULL, NULL),
	(315, 'Barra do Choça', 1, '2902906', '2024-01-14 15:15:39', NULL, NULL),
	(316, 'Barra do Mendes', 1, '2903003', '2024-01-14 15:15:39', NULL, NULL),
	(317, 'Barra do Rocha', 1, '2903102', '2024-01-14 15:15:39', NULL, NULL),
	(318, 'Barreiras', 1, '2903201', '2024-01-14 15:15:39', NULL, NULL),
	(319, 'Barro Alto', 1, '2903235', '2024-01-14 15:15:39', NULL, NULL),
	(320, 'Barro Preto (antigo Gov. Lomanto Jr.)', 1, '2903300', '2024-01-14 15:15:39', NULL, NULL),
	(321, 'Barrocas', 1, '2903276', '2024-01-14 15:15:39', NULL, NULL),
	(322, 'Belmonte', 1, '2903409', '2024-01-14 15:15:39', NULL, NULL),
	(323, 'Belo Campo', 1, '2903508', '2024-01-14 15:15:39', NULL, NULL),
	(324, 'Biritinga', 1, '2903607', '2024-01-14 15:15:39', NULL, NULL),
	(325, 'Boa Nova', 1, '2903706', '2024-01-14 15:15:39', NULL, NULL),
	(326, 'Boa Vista do Tupim', 1, '2903805', '2024-01-14 15:15:39', NULL, NULL),
	(327, 'Bom Jesus da Lapa', 1, '2903904', '2024-01-14 15:15:39', NULL, NULL),
	(328, 'Bom Jesus da Serra', 1, '2903953', '2024-01-14 15:15:39', NULL, NULL),
	(329, 'Boninal', 1, '2904001', '2024-01-14 15:15:39', NULL, NULL),
	(330, 'Bonito', 1, '2904050', '2024-01-14 15:15:39', NULL, NULL),
	(331, 'Boquira', 1, '2904100', '2024-01-14 15:15:39', NULL, NULL),
	(332, 'Botuporã', 1, '2904209', '2024-01-14 15:15:39', NULL, NULL),
	(333, 'Brejões', 1, '2904308', '2024-01-14 15:15:39', NULL, NULL),
	(334, 'Brejolândia', 1, '2904407', '2024-01-14 15:15:39', NULL, NULL),
	(335, 'Brotas de Macaúbas', 1, '2904506', '2024-01-14 15:15:39', NULL, NULL),
	(336, 'Brumado', 1, '2904605', '2024-01-14 15:15:39', NULL, NULL),
	(337, 'Buerarema', 1, '2904704', '2024-01-14 15:15:39', NULL, NULL),
	(338, 'Buritirama', 1, '2904753', '2024-01-14 15:15:40', NULL, NULL),
	(339, 'Caatiba', 1, '2904803', '2024-01-14 15:15:40', NULL, NULL),
	(340, 'Cabaceiras do Paraguaçu', 1, '2904852', '2024-01-14 15:15:40', NULL, NULL),
	(341, 'Cachoeira', 1, '2904902', '2024-01-14 15:15:40', NULL, NULL),
	(342, 'Caculé', 1, '2905008', '2024-01-14 15:15:40', NULL, NULL),
	(343, 'Caém', 1, '2905107', '2024-01-14 15:15:40', NULL, NULL),
	(344, 'Caetanos', 1, '2905156', '2024-01-14 15:15:40', NULL, NULL),
	(345, 'Caetité', 1, '2905206', '2024-01-14 15:15:40', NULL, NULL),
	(346, 'Cafarnaum', 1, '2905305', '2024-01-14 15:15:40', NULL, NULL),
	(347, 'Cairu', 1, '2905404', '2024-01-14 15:15:40', NULL, NULL),
	(348, 'Caldeirão Grande', 1, '2905503', '2024-01-14 15:15:40', NULL, NULL),
	(349, 'Camacan', 1, '2905602', '2024-01-14 15:15:40', NULL, NULL),
	(350, 'Camaçari', 1, '2905701', '2024-01-14 15:15:40', NULL, NULL),
	(351, 'Camamu', 1, '2905800', '2024-01-14 15:15:40', NULL, NULL),
	(352, 'Campo Alegre de Lourdes', 1, '2905909', '2024-01-14 15:15:40', NULL, NULL),
	(353, 'Campo Formoso', 1, '2906006', '2024-01-14 15:15:40', NULL, NULL),
	(354, 'Canápolis', 1, '2906105', '2024-01-14 15:15:40', NULL, NULL),
	(355, 'Canarana', 1, '2906204', '2024-01-14 15:15:40', NULL, NULL),
	(356, 'Canavieiras', 1, '2906303', '2024-01-14 15:15:40', NULL, NULL),
	(357, 'Candeal', 1, '2906402', '2024-01-14 15:15:40', NULL, NULL),
	(358, 'Candeias', 1, '2906501', '2024-01-14 15:15:40', NULL, NULL),
	(359, 'Candiba', 1, '2906600', '2024-01-14 15:15:40', NULL, NULL),
	(360, 'Cândido Sales', 1, '2906709', '2024-01-14 15:15:40', NULL, NULL),
	(361, 'Cansanção', 1, '2906808', '2024-01-14 15:15:40', NULL, NULL),
	(362, 'Canudos', 1, '2906824', '2024-01-14 15:15:40', NULL, NULL),
	(363, 'Capela do Alto Alegre', 1, '2906857', '2024-01-14 15:15:40', NULL, NULL),
	(364, 'Capim Grosso', 1, '2906873', '2024-01-14 15:15:40', NULL, NULL),
	(365, 'Caraíbas', 1, '2906899', '2024-01-14 15:15:40', NULL, NULL),
	(366, 'Caravelas', 1, '2906907', '2024-01-14 15:15:40', NULL, NULL),
	(367, 'Cardeal da Silva', 1, '2907004', '2024-01-14 15:15:40', NULL, NULL),
	(368, 'Carinhanha', 1, '2907103', '2024-01-14 15:15:40', NULL, NULL),
	(369, 'Casa Nova', 1, '2907202', '2024-01-14 15:15:40', NULL, NULL),
	(370, 'Castro Alves', 1, '2907301', '2024-01-14 15:15:40', NULL, NULL),
	(371, 'Catolândia', 1, '2907400', '2024-01-14 15:15:40', NULL, NULL),
	(372, 'Catu', 1, '2907509', '2024-01-14 15:15:40', NULL, NULL),
	(373, 'Caturama', 1, '2907558', '2024-01-14 15:15:40', NULL, NULL),
	(374, 'Central', 1, '2907608', '2024-01-14 15:15:40', NULL, NULL),
	(375, 'Chorrochó', 1, '2907707', '2024-01-14 15:15:40', NULL, NULL),
	(376, 'Cícero Dantas', 1, '2907806', '2024-01-14 15:15:40', NULL, NULL),
	(377, 'Cipó', 1, '2907905', '2024-01-14 15:15:40', NULL, NULL),
	(378, 'Coaraci', 1, '2908002', '2024-01-14 15:15:40', NULL, NULL),
	(379, 'Cocos', 1, '2908101', '2024-01-14 15:15:40', NULL, NULL),
	(380, 'Conceição da Feira', 1, '2908200', '2024-01-14 15:15:40', NULL, NULL),
	(381, 'Conceição do Almeida', 1, '2908309', '2024-01-14 15:15:40', NULL, NULL),
	(382, 'Conceição do Coité', 1, '2908408', '2024-01-14 15:15:40', NULL, NULL),
	(383, 'Conceição do Jacuípe', 1, '2908507', '2024-01-14 15:15:40', NULL, NULL),
	(384, 'Conde', 1, '2908606', '2024-01-14 15:15:40', NULL, NULL),
	(385, 'Condeúba', 1, '2908705', '2024-01-14 15:15:40', NULL, NULL),
	(386, 'Contendas do Sincorá', 1, '2908804', '2024-01-14 15:15:40', NULL, NULL),
	(387, 'Coração de Maria', 1, '2908903', '2024-01-14 15:15:40', NULL, NULL),
	(388, 'Cordeiros', 1, '2909000', '2024-01-14 15:15:40', NULL, NULL),
	(389, 'Coribe', 1, '2909109', '2024-01-14 15:15:40', NULL, NULL),
	(390, 'Coronel João Sá', 1, '2909208', '2024-01-14 15:15:40', NULL, NULL),
	(391, 'Correntina', 1, '2909307', '2024-01-14 15:15:40', NULL, NULL),
	(392, 'Cotegipe', 1, '2909406', '2024-01-14 15:15:40', NULL, NULL),
	(393, 'Cravolândia', 1, '2909505', '2024-01-14 15:15:40', NULL, NULL),
	(394, 'Crisópolis', 1, '2909604', '2024-01-14 15:15:40', NULL, NULL),
	(395, 'Cristópolis', 1, '2909703', '2024-01-14 15:15:40', NULL, NULL),
	(396, 'Cruz das Almas', 1, '2909802', '2024-01-14 15:15:40', NULL, NULL),
	(397, 'Curaçá', 1, '2909901', '2024-01-14 15:15:40', NULL, NULL),
	(398, 'Dário Meira', 1, '2910008', '2024-01-14 15:15:40', NULL, NULL),
	(399, 'Dias dÁvila', 1, '2910057', '2024-01-14 15:15:40', NULL, NULL),
	(400, 'Dom Basílio', 1, '2910107', '2024-01-14 15:15:40', NULL, NULL),
	(401, 'Dom Macedo Costa', 1, '2910206', '2024-01-14 15:15:40', NULL, NULL),
	(402, 'Elísio Medrado', 1, '2910305', '2024-01-14 15:15:40', NULL, NULL),
	(403, 'Encruzilhada', 1, '2910404', '2024-01-14 15:15:40', NULL, NULL),
	(404, 'Entre Rios', 1, '2910503', '2024-01-14 15:15:40', NULL, NULL),
	(405, 'Érico Cardoso', 1, '2900504', '2024-01-14 15:15:40', NULL, NULL),
	(406, 'Esplanada', 1, '2910602', '2024-01-14 15:15:40', NULL, NULL),
	(407, 'Euclides da Cunha', 1, '2910701', '2024-01-14 15:15:40', NULL, NULL),
	(408, 'Eunápolis', 1, '2910727', '2024-01-14 15:15:40', NULL, NULL),
	(409, 'Fátima', 1, '2910750', '2024-01-14 15:15:40', NULL, NULL),
	(410, 'Feira da Mata', 1, '2910776', '2024-01-14 15:15:40', NULL, NULL),
	(411, 'Feira de Santana', 1, '2910800', '2024-01-14 15:15:40', NULL, NULL),
	(412, 'Filadélfia', 1, '2910859', '2024-01-14 15:15:40', NULL, NULL),
	(413, 'Firmino Alves', 1, '2910909', '2024-01-14 15:15:40', NULL, NULL),
	(414, 'Floresta Azul', 1, '2911006', '2024-01-14 15:15:40', NULL, NULL),
	(415, 'Formosa do Rio Preto', 1, '2911105', '2024-01-14 15:15:40', NULL, NULL),
	(416, 'Gandu', 1, '2911204', '2024-01-14 15:15:40', NULL, NULL),
	(417, 'Gavião', 1, '2911253', '2024-01-14 15:15:40', NULL, NULL),
	(418, 'Gentio do Ouro', 1, '2911303', '2024-01-14 15:15:40', NULL, NULL),
	(419, 'Glória', 1, '2911402', '2024-01-14 15:15:40', NULL, NULL),
	(420, 'Gongogi', 1, '2911501', '2024-01-14 15:15:40', NULL, NULL),
	(421, 'Governador Mangabeira', 1, '2911600', '2024-01-14 15:15:40', NULL, NULL),
	(422, 'Guajeru', 1, '2911659', '2024-01-14 15:15:40', NULL, NULL),
	(423, 'Guanambi', 1, '2911709', '2024-01-14 15:15:40', NULL, NULL),
	(424, 'Guaratinga', 1, '2911808', '2024-01-14 15:15:40', NULL, NULL),
	(425, 'Heliópolis', 1, '2911857', '2024-01-14 15:15:40', NULL, NULL),
	(426, 'Iaçu', 1, '2911907', '2024-01-14 15:15:40', NULL, NULL),
	(427, 'Ibiassucê', 1, '2912004', '2024-01-14 15:15:40', NULL, NULL),
	(428, 'Ibicaraí', 1, '2912103', '2024-01-14 15:15:40', NULL, NULL),
	(429, 'Ibicoara', 1, '2912202', '2024-01-14 15:15:40', NULL, NULL),
	(430, 'Ibicuí', 1, '2912301', '2024-01-14 15:15:40', NULL, NULL),
	(431, 'Ibipeba', 1, '2912400', '2024-01-14 15:15:40', NULL, NULL),
	(432, 'Ibipitanga', 1, '2912509', '2024-01-14 15:15:40', NULL, NULL),
	(433, 'Ibiquera', 1, '2912608', '2024-01-14 15:15:40', NULL, NULL),
	(434, 'Ibirapitanga', 1, '2912707', '2024-01-14 15:15:40', NULL, NULL),
	(435, 'Ibirapuã', 1, '2912806', '2024-01-14 15:15:40', NULL, NULL),
	(436, 'Ibirataia', 1, '2912905', '2024-01-14 15:15:40', NULL, NULL),
	(437, 'Ibitiara', 1, '2913002', '2024-01-14 15:15:40', NULL, NULL),
	(438, 'Ibititá', 1, '2913101', '2024-01-14 15:15:40', NULL, NULL),
	(439, 'Ibotirama', 1, '2913200', '2024-01-14 15:15:40', NULL, NULL),
	(440, 'Ichu', 1, '2913309', '2024-01-14 15:15:40', NULL, NULL),
	(441, 'Igaporã', 1, '2913408', '2024-01-14 15:15:40', NULL, NULL),
	(442, 'Igrapiúna', 1, '2913457', '2024-01-14 15:15:40', NULL, NULL),
	(443, 'Iguaí', 1, '2913507', '2024-01-14 15:15:40', NULL, NULL),
	(444, 'Ilhéus', 1, '2913606', '2024-01-14 15:15:40', NULL, NULL),
	(445, 'Inhambupe', 1, '2913705', '2024-01-14 15:15:40', NULL, NULL),
	(446, 'Ipecaetá', 1, '2913804', '2024-01-14 15:15:40', NULL, NULL),
	(447, 'Ipiaú', 1, '2913903', '2024-01-14 15:15:40', NULL, NULL),
	(448, 'Ipirá', 1, '2914000', '2024-01-14 15:15:40', NULL, NULL),
	(449, 'Ipupiara', 1, '2914109', '2024-01-14 15:15:40', NULL, NULL),
	(450, 'Irajuba', 1, '2914208', '2024-01-14 15:15:40', NULL, NULL),
	(451, 'Iramaia', 1, '2914307', '2024-01-14 15:15:40', NULL, NULL),
	(452, 'Iraquara', 1, '2914406', '2024-01-14 15:15:40', NULL, NULL),
	(453, 'Irará', 1, '2914505', '2024-01-14 15:15:40', NULL, NULL),
	(454, 'Irecê', 1, '2914604', '2024-01-14 15:15:40', NULL, NULL),
	(455, 'Itabela', 1, '2914653', '2024-01-14 15:15:40', NULL, NULL),
	(456, 'Itaberaba', 1, '2914703', '2024-01-14 15:15:40', NULL, NULL),
	(457, 'Itabuna', 1, '2914802', '2024-01-14 15:15:40', NULL, NULL),
	(458, 'Itacaré', 1, '2914901', '2024-01-14 15:15:40', NULL, NULL),
	(459, 'Itaeté', 1, '2915007', '2024-01-14 15:15:40', NULL, NULL),
	(460, 'Itagi', 1, '2915106', '2024-01-14 15:15:40', NULL, NULL),
	(461, 'Itagibá', 1, '2915205', '2024-01-14 15:15:40', NULL, NULL),
	(462, 'Itagimirim', 1, '2915304', '2024-01-14 15:15:40', NULL, NULL),
	(463, 'Itaguaçu da Bahia', 1, '2915353', '2024-01-14 15:15:40', NULL, NULL),
	(464, 'Itaju do Colônia', 1, '2915403', '2024-01-14 15:15:40', NULL, NULL),
	(465, 'Itajuípe', 1, '2915502', '2024-01-14 15:15:40', NULL, NULL),
	(466, 'Itamaraju', 1, '2915601', '2024-01-14 15:15:40', NULL, NULL),
	(467, 'Itamari', 1, '2915700', '2024-01-14 15:15:40', NULL, NULL),
	(468, 'Itambé', 1, '2915809', '2024-01-14 15:15:40', NULL, NULL),
	(469, 'Itanagra', 1, '2915908', '2024-01-14 15:15:40', NULL, NULL),
	(470, 'Itanhém', 1, '2916005', '2024-01-14 15:15:40', NULL, NULL),
	(471, 'Itaparica', 1, '2916104', '2024-01-14 15:15:40', NULL, NULL),
	(472, 'Itapé', 1, '2916203', '2024-01-14 15:15:40', NULL, NULL),
	(473, 'Itapebi', 1, '2916302', '2024-01-14 15:15:40', NULL, NULL),
	(474, 'Itapetinga', 1, '2916401', '2024-01-14 15:15:40', NULL, NULL),
	(475, 'Itapicuru', 1, '2916500', '2024-01-14 15:15:40', NULL, NULL),
	(476, 'Itapitanga', 1, '2916609', '2024-01-14 15:15:40', NULL, NULL),
	(477, 'Itaquara', 1, '2916708', '2024-01-14 15:15:40', NULL, NULL),
	(478, 'Itarantim', 1, '2916807', '2024-01-14 15:15:40', NULL, NULL),
	(479, 'Itatim', 1, '2916856', '2024-01-14 15:15:40', NULL, NULL),
	(480, 'Itiruçu', 1, '2916906', '2024-01-14 15:15:40', NULL, NULL),
	(481, 'Itiúba', 1, '2917003', '2024-01-14 15:15:40', NULL, NULL),
	(482, 'Itororó', 1, '2917102', '2024-01-14 15:15:40', NULL, NULL),
	(483, 'Ituaçu', 1, '2917201', '2024-01-14 15:15:40', NULL, NULL),
	(484, 'Ituberá', 1, '2917300', '2024-01-14 15:15:40', NULL, NULL),
	(485, 'Iuiú', 1, '2917334', '2024-01-14 15:15:40', NULL, NULL),
	(486, 'Jaborandi', 1, '2917359', '2024-01-14 15:15:40', NULL, NULL),
	(487, 'Jacaraci', 1, '2917409', '2024-01-14 15:15:40', NULL, NULL),
	(488, 'Jacobina', 1, '2917508', '2024-01-14 15:15:40', NULL, NULL),
	(489, 'Jaguaquara', 1, '2917607', '2024-01-14 15:15:40', NULL, NULL),
	(490, 'Jaguarari', 1, '2917706', '2024-01-14 15:15:40', NULL, NULL),
	(491, 'Jaguaripe', 1, '2917805', '2024-01-14 15:15:40', NULL, NULL),
	(492, 'Jandaíra', 1, '2917904', '2024-01-14 15:15:40', NULL, NULL),
	(493, 'Jequié', 1, '2918001', '2024-01-14 15:15:40', NULL, NULL),
	(494, 'Jeremoabo', 1, '2918100', '2024-01-14 15:15:40', NULL, NULL),
	(495, 'Jiquiriçá', 1, '2918209', '2024-01-14 15:15:40', NULL, NULL),
	(496, 'Jitaúna', 1, '2918308', '2024-01-14 15:15:40', NULL, NULL),
	(497, 'João Dourado', 1, '2918357', '2024-01-14 15:15:40', NULL, NULL),
	(498, 'Juazeiro', 1, '2918407', '2024-01-14 15:15:40', NULL, NULL),
	(499, 'Jucuruçu', 1, '2918456', '2024-01-14 15:15:40', NULL, NULL),
	(500, 'Jussara', 1, '2918506', '2024-01-14 15:15:40', NULL, NULL),
	(501, 'Jussari', 1, '2918555', '2024-01-14 15:15:40', NULL, NULL),
	(502, 'Jussiape', 1, '2918605', '2024-01-14 15:15:40', NULL, NULL),
	(503, 'Lafaiete Coutinho', 1, '2918704', '2024-01-14 15:15:40', NULL, NULL),
	(504, 'Lagoa Real', 1, '2918753', '2024-01-14 15:15:40', NULL, NULL),
	(505, 'Laje', 1, '2918803', '2024-01-14 15:15:40', NULL, NULL),
	(506, 'Lajedão', 1, '2918902', '2024-01-14 15:15:40', NULL, NULL),
	(507, 'Lajedinho', 1, '2919009', '2024-01-14 15:15:40', NULL, NULL),
	(508, 'Lajedo do Tabocal', 1, '2919058', '2024-01-14 15:15:40', NULL, NULL),
	(509, 'Lamarão', 1, '2919108', '2024-01-14 15:15:40', NULL, NULL),
	(510, 'Lapão', 1, '2919157', '2024-01-14 15:15:40', NULL, NULL),
	(511, 'Lauro de Freitas', 1, '2919207', '2024-01-14 15:15:40', NULL, NULL),
	(512, 'Lençóis', 1, '2919306', '2024-01-14 15:15:40', NULL, NULL),
	(513, 'Licínio de Almeida', 1, '2919405', '2024-01-14 15:15:40', NULL, NULL),
	(514, 'Livramento de Nossa Senhora', 1, '2919504', '2024-01-14 15:15:40', NULL, NULL),
	(515, 'Luís Eduardo Magalhães', 1, '2919553', '2024-01-14 15:15:40', NULL, NULL),
	(516, 'Macajuba', 1, '2919603', '2024-01-14 15:15:40', NULL, NULL),
	(517, 'Macarani', 1, '2919702', '2024-01-14 15:15:40', NULL, NULL),
	(518, 'Macaúbas', 1, '2919801', '2024-01-14 15:15:40', NULL, NULL),
	(519, 'Macururé', 1, '2919900', '2024-01-14 15:15:40', NULL, NULL),
	(520, 'Madre de Deus', 1, '2919926', '2024-01-14 15:15:40', NULL, NULL),
	(521, 'Maetinga', 1, '2919959', '2024-01-14 15:15:40', NULL, NULL),
	(522, 'Maiquinique', 1, '2920007', '2024-01-14 15:15:40', NULL, NULL),
	(523, 'Mairi', 1, '2920106', '2024-01-14 15:15:40', NULL, NULL),
	(524, 'Malhada', 1, '2920205', '2024-01-14 15:15:40', NULL, NULL),
	(525, 'Malhada de Pedras', 1, '2920304', '2024-01-14 15:15:40', NULL, NULL),
	(526, 'Manoel Vitorino', 1, '2920403', '2024-01-14 15:15:40', NULL, NULL),
	(527, 'Mansidão', 1, '2920452', '2024-01-14 15:15:40', NULL, NULL),
	(528, 'Maracás', 1, '2920502', '2024-01-14 15:15:40', NULL, NULL),
	(529, 'Maragogipe', 1, '2920601', '2024-01-14 15:15:40', NULL, NULL),
	(530, 'Maraú', 1, '2920700', '2024-01-14 15:15:40', NULL, NULL),
	(531, 'Marcionílio Souza', 1, '2920809', '2024-01-14 15:15:40', NULL, NULL),
	(532, 'Mascote', 1, '2920908', '2024-01-14 15:15:40', NULL, NULL),
	(533, 'Mata de São João', 1, '2921005', '2024-01-14 15:15:40', NULL, NULL),
	(534, 'Matina', 1, '2921054', '2024-01-14 15:15:40', NULL, NULL),
	(535, 'Medeiros Neto', 1, '2921104', '2024-01-14 15:15:40', NULL, NULL),
	(536, 'Miguel Calmon', 1, '2921203', '2024-01-14 15:15:40', NULL, NULL),
	(537, 'Milagres', 1, '2921302', '2024-01-14 15:15:40', NULL, NULL),
	(538, 'Mirangaba', 1, '2921401', '2024-01-14 15:15:40', NULL, NULL),
	(539, 'Mirante', 1, '2921450', '2024-01-14 15:15:40', NULL, NULL),
	(540, 'Monte Santo', 1, '2921500', '2024-01-14 15:15:40', NULL, NULL),
	(541, 'Morpará', 1, '2921609', '2024-01-14 15:15:40', NULL, NULL),
	(542, 'Morro do Chapéu', 1, '2921708', '2024-01-14 15:15:40', NULL, NULL),
	(543, 'Mortugaba', 1, '2921807', '2024-01-14 15:15:40', NULL, NULL),
	(544, 'Mucugê', 1, '2921906', '2024-01-14 15:15:40', NULL, NULL),
	(545, 'Mucuri', 1, '2922003', '2024-01-14 15:15:40', NULL, NULL),
	(546, 'Mulungu do Morro', 1, '2922052', '2024-01-14 15:15:40', NULL, NULL),
	(547, 'Mundo Novo', 1, '2922102', '2024-01-14 15:15:40', NULL, NULL),
	(548, 'Muniz Ferreira', 1, '2922201', '2024-01-14 15:15:40', NULL, NULL),
	(549, 'Muquém de São Francisco', 1, '2922250', '2024-01-14 15:15:40', NULL, NULL),
	(550, 'Muritiba', 1, '2922300', '2024-01-14 15:15:40', NULL, NULL),
	(551, 'Mutuípe', 1, '2922409', '2024-01-14 15:15:40', NULL, NULL),
	(552, 'Nazaré', 1, '2922508', '2024-01-14 15:15:40', NULL, NULL),
	(553, 'Nilo Peçanha', 1, '2922607', '2024-01-14 15:15:40', NULL, NULL),
	(554, 'Nordestina', 1, '2922656', '2024-01-14 15:15:40', NULL, NULL),
	(555, 'Nova Canaã', 1, '2922706', '2024-01-14 15:15:40', NULL, NULL),
	(556, 'Nova Fátima', 1, '2922730', '2024-01-14 15:15:40', NULL, NULL),
	(557, 'Nova Ibiá', 1, '2922755', '2024-01-14 15:15:40', NULL, NULL),
	(558, 'Nova Itarana', 1, '2922805', '2024-01-14 15:15:40', NULL, NULL),
	(559, 'Nova Redenção', 1, '2922854', '2024-01-14 15:15:40', NULL, NULL),
	(560, 'Nova Soure', 1, '2922904', '2024-01-14 15:15:40', NULL, NULL),
	(561, 'Nova Viçosa', 1, '2923001', '2024-01-14 15:15:40', NULL, NULL),
	(562, 'Novo Horizonte', 1, '2923035', '2024-01-14 15:15:40', NULL, NULL),
	(563, 'Novo Triunfo', 1, '2923050', '2024-01-14 15:15:40', NULL, NULL),
	(564, 'Olindina', 1, '2923100', '2024-01-14 15:15:40', NULL, NULL),
	(565, 'Oliveira dos Brejinhos', 1, '2923209', '2024-01-14 15:15:40', NULL, NULL),
	(566, 'Ouriçangas', 1, '2923308', '2024-01-14 15:15:40', NULL, NULL),
	(567, 'Ourolândia', 1, '2923357', '2024-01-14 15:15:40', NULL, NULL),
	(568, 'Palmas de Monte Alto', 1, '2923407', '2024-01-14 15:15:40', NULL, NULL),
	(569, 'Palmeiras', 1, '2923506', '2024-01-14 15:15:40', NULL, NULL),
	(570, 'Paramirim', 1, '2923605', '2024-01-14 15:15:40', NULL, NULL),
	(571, 'Paratinga', 1, '2923704', '2024-01-14 15:15:40', NULL, NULL),
	(572, 'Paripiranga', 1, '2923803', '2024-01-14 15:15:40', NULL, NULL),
	(573, 'Pau Brasil', 1, '2923902', '2024-01-14 15:15:40', NULL, NULL),
	(574, 'Paulo Afonso', 1, '2924009', '2024-01-14 15:15:40', NULL, NULL),
	(575, 'Pé de Serra', 1, '2924058', '2024-01-14 15:15:40', NULL, NULL),
	(576, 'Pedrão', 1, '2924108', '2024-01-14 15:15:40', NULL, NULL),
	(577, 'Pedro Alexandre', 1, '2924207', '2024-01-14 15:15:40', NULL, NULL),
	(578, 'Piatã', 1, '2924306', '2024-01-14 15:15:40', NULL, NULL),
	(579, 'Pilão Arcado', 1, '2924405', '2024-01-14 15:15:40', NULL, NULL),
	(580, 'Pindaí', 1, '2924504', '2024-01-14 15:15:40', NULL, NULL),
	(581, 'Pindobaçu', 1, '2924603', '2024-01-14 15:15:40', NULL, NULL),
	(582, 'Pintadas', 1, '2924652', '2024-01-14 15:15:40', NULL, NULL),
	(583, 'Piraí do Norte', 1, '2924678', '2024-01-14 15:15:40', NULL, NULL),
	(584, 'Piripá', 1, '2924702', '2024-01-14 15:15:40', NULL, NULL),
	(585, 'Piritiba', 1, '2924801', '2024-01-14 15:15:41', NULL, NULL),
	(586, 'Planaltino', 1, '2924900', '2024-01-14 15:15:41', NULL, NULL),
	(587, 'Planalto', 1, '2925006', '2024-01-14 15:15:41', NULL, NULL),
	(588, 'Poções', 1, '2925105', '2024-01-14 15:15:41', NULL, NULL),
	(589, 'Pojuca', 1, '2925204', '2024-01-14 15:15:41', NULL, NULL),
	(590, 'Ponto Novo', 1, '2925253', '2024-01-14 15:15:41', NULL, NULL),
	(591, 'Porto Seguro', 1, '2925303', '2024-01-14 15:15:41', NULL, NULL),
	(592, 'Potiraguá', 1, '2925402', '2024-01-14 15:15:41', NULL, NULL),
	(593, 'Prado', 1, '2925501', '2024-01-14 15:15:41', NULL, NULL),
	(594, 'Presidente Dutra', 1, '2925600', '2024-01-14 15:15:41', NULL, NULL),
	(595, 'Presidente Jânio Quadros', 1, '2925709', '2024-01-14 15:15:41', NULL, NULL),
	(596, 'Presidente Tancredo Neves', 1, '2925758', '2024-01-14 15:15:41', NULL, NULL),
	(597, 'Queimadas', 1, '2925808', '2024-01-14 15:15:41', NULL, NULL),
	(598, 'Quijingue', 1, '2925907', '2024-01-14 15:15:41', NULL, NULL),
	(599, 'Quixabeira', 1, '2925931', '2024-01-14 15:15:41', NULL, NULL),
	(600, 'Rafael Jambeiro', 1, '2925956', '2024-01-14 15:15:41', NULL, NULL),
	(601, 'Remanso', 1, '2926004', '2024-01-14 15:15:41', NULL, NULL),
	(602, 'Retirolândia', 1, '2926103', '2024-01-14 15:15:41', NULL, NULL),
	(603, 'Riachão das Neves', 1, '2926202', '2024-01-14 15:15:41', NULL, NULL),
	(604, 'Riachão do Jacuípe', 1, '2926301', '2024-01-14 15:15:41', NULL, NULL),
	(605, 'Riacho de Santana', 1, '2926400', '2024-01-14 15:15:41', NULL, NULL),
	(606, 'Ribeira do Amparo', 1, '2926509', '2024-01-14 15:15:41', NULL, NULL),
	(607, 'Ribeira do Pombal', 1, '2926608', '2024-01-14 15:15:41', NULL, NULL),
	(608, 'Ribeirão do Largo', 1, '2926657', '2024-01-14 15:15:41', NULL, NULL),
	(609, 'Rio de Contas', 1, '2926707', '2024-01-14 15:15:41', NULL, NULL),
	(610, 'Rio do Antônio', 1, '2926806', '2024-01-14 15:15:41', NULL, NULL),
	(611, 'Rio do Pires', 1, '2926905', '2024-01-14 15:15:41', NULL, NULL),
	(612, 'Rio Real', 1, '2927002', '2024-01-14 15:15:41', NULL, NULL),
	(613, 'Rodelas', 1, '2927101', '2024-01-14 15:15:41', NULL, NULL),
	(614, 'Ruy Barbosa', 1, '2927200', '2024-01-14 15:15:41', NULL, NULL),
	(615, 'Salinas da Margarida', 1, '2927309', '2024-01-14 15:15:41', NULL, NULL),
	(616, 'Salvador', 1, '2927408', '2024-01-14 15:15:41', NULL, NULL),
	(617, 'Santa Bárbara', 1, '2927507', '2024-01-14 15:15:41', NULL, NULL),
	(618, 'Santa Brígida', 1, '2927606', '2024-01-14 15:15:41', NULL, NULL),
	(619, 'Santa Cruz Cabrália', 1, '2927705', '2024-01-14 15:15:41', NULL, NULL),
	(620, 'Santa Cruz da Vitória', 1, '2927804', '2024-01-14 15:15:41', NULL, NULL),
	(621, 'Santa Inês', 1, '2927903', '2024-01-14 15:15:41', NULL, NULL),
	(622, 'Santa Luzia', 1, '2928059', '2024-01-14 15:15:41', NULL, NULL),
	(623, 'Santa Maria da Vitória', 1, '2928109', '2024-01-14 15:15:41', NULL, NULL),
	(624, 'Santa Rita de Cássia', 1, '2928406', '2024-01-14 15:15:41', NULL, NULL),
	(625, 'Santa Teresinha', 1, '2928505', '2024-01-14 15:15:41', NULL, NULL),
	(626, 'Santaluz', 1, '2928000', '2024-01-14 15:15:41', NULL, NULL),
	(627, 'Santana', 1, '2928208', '2024-01-14 15:15:41', NULL, NULL),
	(628, 'Santanópolis', 1, '2928307', '2024-01-14 15:15:41', NULL, NULL),
	(629, 'Santo Amaro', 1, '2928604', '2024-01-14 15:15:41', NULL, NULL),
	(630, 'Santo Antônio de Jesus', 1, '2928703', '2024-01-14 15:15:41', NULL, NULL),
	(631, 'Santo Estêvão', 1, '2928802', '2024-01-14 15:15:41', NULL, NULL),
	(632, 'São Desidério', 1, '2928901', '2024-01-14 15:15:41', NULL, NULL),
	(633, 'São Domingos', 1, '2928950', '2024-01-14 15:15:41', NULL, NULL),
	(634, 'São Felipe', 1, '2929107', '2024-01-14 15:15:41', NULL, NULL),
	(635, 'São Félix', 1, '2929008', '2024-01-14 15:15:41', NULL, NULL),
	(636, 'São Félix do Coribe', 1, '2929057', '2024-01-14 15:15:41', NULL, NULL),
	(637, 'São Francisco do Conde', 1, '2929206', '2024-01-14 15:15:41', NULL, NULL),
	(638, 'São Gabriel', 1, '2929255', '2024-01-14 15:15:41', NULL, NULL),
	(639, 'São Gonçalo dos Campos', 1, '2929305', '2024-01-14 15:15:41', NULL, NULL),
	(640, 'São José da Vitória', 1, '2929354', '2024-01-14 15:15:41', NULL, NULL),
	(641, 'São José do Jacuípe', 1, '2929370', '2024-01-14 15:15:41', NULL, NULL),
	(642, 'São Miguel das Matas', 1, '2929404', '2024-01-14 15:15:41', NULL, NULL),
	(643, 'São Sebastião do Passé', 1, '2929503', '2024-01-14 15:15:41', NULL, NULL),
	(644, 'Sapeaçu', 1, '2929602', '2024-01-14 15:15:41', NULL, NULL),
	(645, 'Sátiro Dias', 1, '2929701', '2024-01-14 15:15:41', NULL, NULL),
	(646, 'Saubara', 1, '2929750', '2024-01-14 15:15:41', NULL, NULL),
	(647, 'Saúde', 1, '2929800', '2024-01-14 15:15:41', NULL, NULL),
	(648, 'Seabra', 1, '2929909', '2024-01-14 15:15:41', NULL, NULL),
	(649, 'Sebastião Laranjeiras', 1, '2930006', '2024-01-14 15:15:41', NULL, NULL),
	(650, 'Senhor do Bonfim', 1, '2930105', '2024-01-14 15:15:41', NULL, NULL),
	(651, 'Sento Sé', 1, '2930204', '2024-01-14 15:15:41', NULL, NULL),
	(652, 'Serra do Ramalho', 1, '2930154', '2024-01-14 15:15:41', NULL, NULL),
	(653, 'Serra Dourada', 1, '2930303', '2024-01-14 15:15:41', NULL, NULL),
	(654, 'Serra Preta', 1, '2930402', '2024-01-14 15:15:41', NULL, NULL),
	(655, 'Serrinha', 1, '2930501', '2024-01-14 15:15:41', NULL, NULL),
	(656, 'Serrolândia', 1, '2930600', '2024-01-14 15:15:41', NULL, NULL),
	(657, 'Simões Filho', 1, '2930709', '2024-01-14 15:15:41', NULL, NULL),
	(658, 'Sítio do Mato', 1, '2930758', '2024-01-14 15:15:41', NULL, NULL),
	(659, 'Sítio do Quinto', 1, '2930766', '2024-01-14 15:15:41', NULL, NULL),
	(660, 'Sobradinho', 1, '2930774', '2024-01-14 15:15:41', NULL, NULL),
	(661, 'Souto Soares', 1, '2930808', '2024-01-14 15:15:41', NULL, NULL),
	(662, 'Tabocas do Brejo Velho', 1, '2930907', '2024-01-14 15:15:41', NULL, NULL),
	(663, 'Tanhaçu', 1, '2931004', '2024-01-14 15:15:41', NULL, NULL),
	(664, 'Tanque Novo', 1, '2931053', '2024-01-14 15:15:41', NULL, NULL),
	(665, 'Tanquinho', 1, '2931103', '2024-01-14 15:15:41', NULL, NULL),
	(666, 'Taperoá', 1, '2931202', '2024-01-14 15:15:41', NULL, NULL),
	(667, 'Tapiramutá', 1, '2931301', '2024-01-14 15:15:41', NULL, NULL),
	(668, 'Teixeira de Freitas', 1, '2931350', '2024-01-14 15:15:41', NULL, NULL),
	(669, 'Teodoro Sampaio', 1, '2931400', '2024-01-14 15:15:41', NULL, NULL),
	(670, 'Teofilândia', 1, '2931509', '2024-01-14 15:15:41', NULL, NULL),
	(671, 'Teolândia', 1, '2931608', '2024-01-14 15:15:41', NULL, NULL),
	(672, 'Terra Nova', 1, '2931707', '2024-01-14 15:15:41', NULL, NULL),
	(673, 'Tremedal', 1, '2931806', '2024-01-14 15:15:41', NULL, NULL),
	(674, 'Tucano', 1, '2931905', '2024-01-14 15:15:41', NULL, NULL),
	(675, 'Uauá', 1, '2932002', '2024-01-14 15:15:41', NULL, NULL),
	(676, 'Ubaíra', 1, '2932101', '2024-01-14 15:15:41', NULL, NULL),
	(677, 'Ubaitaba', 1, '2932200', '2024-01-14 15:15:41', NULL, NULL),
	(678, 'Ubatã', 1, '2932309', '2024-01-14 15:15:41', NULL, NULL),
	(679, 'Uibaí', 1, '2932408', '2024-01-14 15:15:41', NULL, NULL),
	(680, 'Umburanas', 1, '2932457', '2024-01-14 15:15:41', NULL, NULL),
	(681, 'Una', 1, '2932507', '2024-01-14 15:15:41', NULL, NULL),
	(682, 'Urandi', 1, '2932606', '2024-01-14 15:15:41', NULL, NULL),
	(683, 'Uruçuca', 1, '2932705', '2024-01-14 15:15:41', NULL, NULL),
	(684, 'Utinga', 1, '2932804', '2024-01-14 15:15:41', NULL, NULL),
	(685, 'Valença', 1, '2932903', '2024-01-14 15:15:41', NULL, NULL),
	(686, 'Valente', 1, '2933000', '2024-01-14 15:15:41', NULL, NULL),
	(687, 'Várzea da Roça', 1, '2933059', '2024-01-14 15:15:41', NULL, NULL),
	(688, 'Várzea do Poço', 1, '2933109', '2024-01-14 15:15:41', NULL, NULL),
	(689, 'Várzea Nova', 1, '2933158', '2024-01-14 15:15:41', NULL, NULL),
	(690, 'Varzedo', 1, '2933174', '2024-01-14 15:15:41', NULL, NULL),
	(691, 'Vera Cruz', 1, '2933208', '2024-01-14 15:15:41', NULL, NULL),
	(692, 'Vereda', 1, '2933257', '2024-01-14 15:15:41', NULL, NULL),
	(693, 'Vitória da Conquista', 1, '2933307', '2024-01-14 15:15:41', NULL, NULL),
	(694, 'Wagner', 1, '2933406', '2024-01-14 15:15:41', NULL, NULL),
	(695, 'Wanderley', 1, '2933455', '2024-01-14 15:15:41', NULL, NULL),
	(696, 'Wenceslau Guimarães', 1, '2933505', '2024-01-14 15:15:41', NULL, NULL),
	(697, 'Xique-Xique', 1, '2933604', '2024-01-14 15:15:41', NULL, NULL),
	(698, 'Abaiara', 6, '2300101', '2024-01-14 15:15:41', NULL, NULL),
	(699, 'Acarape', 6, '2300150', '2024-01-14 15:15:41', NULL, NULL),
	(700, 'Acaraú', 6, '2300200', '2024-01-14 15:15:41', NULL, NULL),
	(701, 'Acopiara', 6, '2300309', '2024-01-14 15:15:41', NULL, NULL),
	(702, 'Aiuaba', 6, '2300408', '2024-01-14 15:15:41', NULL, NULL),
	(703, 'Alcântaras', 6, '2300507', '2024-01-14 15:15:41', NULL, NULL),
	(704, 'Altaneira', 6, '2300606', '2024-01-14 15:15:41', NULL, NULL),
	(705, 'Alto Santo', 6, '2300705', '2024-01-14 15:15:41', NULL, NULL),
	(706, 'Amontada', 6, '2300754', '2024-01-14 15:15:41', NULL, NULL),
	(707, 'Antonina do Norte', 6, '2300804', '2024-01-14 15:15:41', NULL, NULL),
	(708, 'Apuiarés', 6, '2300903', '2024-01-14 15:15:41', NULL, NULL),
	(709, 'Aquiraz', 6, '2301000', '2024-01-14 15:15:41', NULL, NULL),
	(710, 'Aracati', 6, '2301109', '2024-01-14 15:15:41', NULL, NULL),
	(711, 'Aracoiaba', 6, '2301208', '2024-01-14 15:15:41', NULL, NULL),
	(712, 'Ararendá', 6, '2301257', '2024-01-14 15:15:41', NULL, NULL),
	(713, 'Araripe', 6, '2301307', '2024-01-14 15:15:41', NULL, NULL),
	(714, 'Aratuba', 6, '2301406', '2024-01-14 15:15:41', NULL, NULL),
	(715, 'Arneiroz', 6, '2301505', '2024-01-14 15:15:41', NULL, NULL),
	(716, 'Assaré', 6, '2301604', '2024-01-14 15:15:41', NULL, NULL),
	(717, 'Aurora', 6, '2301703', '2024-01-14 15:15:41', NULL, NULL),
	(718, 'Baixio', 6, '2301802', '2024-01-14 15:15:41', NULL, NULL),
	(719, 'Banabuiú', 6, '2301851', '2024-01-14 15:15:41', NULL, NULL),
	(720, 'Barbalha', 6, '2301901', '2024-01-14 15:15:41', NULL, NULL),
	(721, 'Barreira', 6, '2301950', '2024-01-14 15:15:41', NULL, NULL),
	(722, 'Barro', 6, '2302008', '2024-01-14 15:15:41', NULL, NULL),
	(723, 'Barroquinha', 6, '2302057', '2024-01-14 15:15:41', NULL, NULL),
	(724, 'Baturité', 6, '2302107', '2024-01-14 15:15:41', NULL, NULL),
	(725, 'Beberibe', 6, '2302206', '2024-01-14 15:15:41', NULL, NULL),
	(726, 'Bela Cruz', 6, '2302305', '2024-01-14 15:15:41', NULL, NULL),
	(727, 'Boa Viagem', 6, '2302404', '2024-01-14 15:15:41', NULL, NULL),
	(728, 'Brejo Santo', 6, '2302503', '2024-01-14 15:15:41', NULL, NULL),
	(729, 'Camocim', 6, '2302602', '2024-01-14 15:15:41', NULL, NULL),
	(730, 'Campos Sales', 6, '2302701', '2024-01-14 15:15:41', NULL, NULL),
	(731, 'Canindé', 6, '2302800', '2024-01-14 15:15:41', NULL, NULL),
	(732, 'Capistrano', 6, '2302909', '2024-01-14 15:15:41', NULL, NULL),
	(733, 'Caridade', 6, '2303006', '2024-01-14 15:15:41', NULL, NULL),
	(734, 'Cariré', 6, '2303105', '2024-01-14 15:15:41', NULL, NULL),
	(735, 'Caririaçu', 6, '2303204', '2024-01-14 15:15:41', NULL, NULL),
	(736, 'Cariús', 6, '2303303', '2024-01-14 15:15:41', NULL, NULL),
	(737, 'Carnaubal', 6, '2303402', '2024-01-14 15:15:41', NULL, NULL),
	(738, 'Cascavel', 6, '2303501', '2024-01-14 15:15:41', NULL, NULL),
	(739, 'Catarina', 6, '2303600', '2024-01-14 15:15:41', NULL, NULL),
	(740, 'Catunda', 6, '2303659', '2024-01-14 15:15:41', NULL, NULL),
	(741, 'Caucaia', 6, '2303709', '2024-01-14 15:15:41', NULL, NULL),
	(742, 'Cedro', 6, '2303808', '2024-01-14 15:15:41', NULL, NULL),
	(743, 'Chaval', 6, '2303907', '2024-01-14 15:15:41', NULL, NULL),
	(744, 'Choró', 6, '2303931', '2024-01-14 15:15:41', NULL, NULL),
	(745, 'Chorozinho', 6, '2303956', '2024-01-14 15:15:41', NULL, NULL),
	(746, 'Coreaú', 6, '2304004', '2024-01-14 15:15:41', NULL, NULL),
	(747, 'Crateús', 6, '2304103', '2024-01-14 15:15:41', NULL, NULL),
	(748, 'Crato', 6, '2304202', '2024-01-14 15:15:41', NULL, NULL),
	(749, 'Croatá', 6, '2304236', '2024-01-14 15:15:41', NULL, NULL),
	(750, 'Cruz', 6, '2304251', '2024-01-14 15:15:41', NULL, NULL),
	(751, 'Deputado Irapuan Pinheiro', 6, '2304269', '2024-01-14 15:15:41', NULL, NULL),
	(752, 'Ererê', 6, '2304277', '2024-01-14 15:15:41', NULL, NULL),
	(753, 'Eusébio', 6, '2304285', '2024-01-14 15:15:41', NULL, NULL),
	(754, 'Farias Brito', 6, '2304301', '2024-01-14 15:15:41', NULL, NULL),
	(755, 'Forquilha', 6, '2304350', '2024-01-14 15:15:41', NULL, NULL),
	(756, 'Fortaleza', 6, '2304400', '2024-01-14 15:15:41', NULL, NULL),
	(757, 'Fortim', 6, '2304459', '2024-01-14 15:15:41', NULL, NULL),
	(758, 'Frecheirinha', 6, '2304509', '2024-01-14 15:15:41', NULL, NULL),
	(759, 'General Sampaio', 6, '2304608', '2024-01-14 15:15:41', NULL, NULL),
	(760, 'Graça', 6, '2304657', '2024-01-14 15:15:41', NULL, NULL),
	(761, 'Granja', 6, '2304707', '2024-01-14 15:15:41', NULL, NULL),
	(762, 'Granjeiro', 6, '2304806', '2024-01-14 15:15:41', NULL, NULL),
	(763, 'Groaíras', 6, '2304905', '2024-01-14 15:15:41', NULL, NULL),
	(764, 'Guaiúba', 6, '2304954', '2024-01-14 15:15:41', NULL, NULL),
	(765, 'Guaraciaba do Norte', 6, '2305001', '2024-01-14 15:15:41', NULL, NULL),
	(766, 'Guaramiranga', 6, '2305100', '2024-01-14 15:15:41', NULL, NULL),
	(767, 'Hidrolândia', 6, '2305209', '2024-01-14 15:15:41', NULL, NULL),
	(768, 'Horizonte', 6, '2305233', '2024-01-14 15:15:41', NULL, NULL),
	(769, 'Ibaretama', 6, '2305266', '2024-01-14 15:15:41', NULL, NULL),
	(770, 'Ibiapina', 6, '2305308', '2024-01-14 15:15:41', NULL, NULL),
	(771, 'Ibicuitinga', 6, '2305332', '2024-01-14 15:15:41', NULL, NULL),
	(772, 'Icapuí', 6, '2305357', '2024-01-14 15:15:41', NULL, NULL),
	(773, 'Icó', 6, '2305407', '2024-01-14 15:15:41', NULL, NULL),
	(774, 'Iguatu', 6, '2305506', '2024-01-14 15:15:41', NULL, NULL),
	(775, 'Independência', 6, '2305605', '2024-01-14 15:15:41', NULL, NULL),
	(776, 'Ipaporanga', 6, '2305654', '2024-01-14 15:15:41', NULL, NULL),
	(777, 'Ipaumirim', 6, '2305704', '2024-01-14 15:15:41', NULL, NULL),
	(778, 'Ipu', 6, '2305803', '2024-01-14 15:15:41', NULL, NULL),
	(779, 'Ipueiras', 6, '2305902', '2024-01-14 15:15:41', NULL, NULL),
	(780, 'Iracema', 6, '2306009', '2024-01-14 15:15:41', NULL, NULL),
	(781, 'Irauçuba', 6, '2306108', '2024-01-14 15:15:41', NULL, NULL),
	(782, 'Itaiçaba', 6, '2306207', '2024-01-14 15:15:41', NULL, NULL),
	(783, 'Itaitinga', 6, '2306256', '2024-01-14 15:15:41', NULL, NULL),
	(784, 'Itapagé', 6, '2306306', '2024-01-14 15:15:41', NULL, NULL),
	(785, 'Itapipoca', 6, '2306405', '2024-01-14 15:15:41', NULL, NULL),
	(786, 'Itapiúna', 6, '2306504', '2024-01-14 15:15:41', NULL, NULL),
	(787, 'Itarema', 6, '2306553', '2024-01-14 15:15:41', NULL, NULL),
	(788, 'Itatira', 6, '2306603', '2024-01-14 15:15:41', NULL, NULL),
	(789, 'Jaguaretama', 6, '2306702', '2024-01-14 15:15:41', NULL, NULL),
	(790, 'Jaguaribara', 6, '2306801', '2024-01-14 15:15:41', NULL, NULL),
	(791, 'Jaguaribe', 6, '2306900', '2024-01-14 15:15:41', NULL, NULL),
	(792, 'Jaguaruana', 6, '2307007', '2024-01-14 15:15:41', NULL, NULL),
	(793, 'Jardim', 6, '2307106', '2024-01-14 15:15:41', NULL, NULL),
	(794, 'Jati', 6, '2307205', '2024-01-14 15:15:41', NULL, NULL),
	(795, 'Jijoca de Jericoacoara', 6, '2307254', '2024-01-14 15:15:41', NULL, NULL),
	(796, 'Juazeiro do Norte', 6, '2307304', '2024-01-14 15:15:41', NULL, NULL),
	(797, 'Jucás', 6, '2307403', '2024-01-14 15:15:41', NULL, NULL),
	(798, 'Lavras da Mangabeira', 6, '2307502', '2024-01-14 15:15:41', NULL, NULL),
	(799, 'Limoeiro do Norte', 6, '2307601', '2024-01-14 15:15:41', NULL, NULL),
	(800, 'Madalena', 6, '2307635', '2024-01-14 15:15:41', NULL, NULL),
	(801, 'Maracanaú', 6, '2307650', '2024-01-14 15:15:41', NULL, NULL),
	(802, 'Maranguape', 6, '2307700', '2024-01-14 15:15:41', NULL, NULL),
	(803, 'Marco', 6, '2307809', '2024-01-14 15:15:41', NULL, NULL),
	(804, 'Martinópole', 6, '2307908', '2024-01-14 15:15:41', NULL, NULL),
	(805, 'Massapê', 6, '2308005', '2024-01-14 15:15:41', NULL, NULL),
	(806, 'Mauriti', 6, '2308104', '2024-01-14 15:15:41', NULL, NULL),
	(807, 'Meruoca', 6, '2308203', '2024-01-14 15:15:41', NULL, NULL),
	(808, 'Milagres', 6, '2308302', '2024-01-14 15:15:41', NULL, NULL),
	(809, 'Milhã', 6, '2308351', '2024-01-14 15:15:41', NULL, NULL),
	(810, 'Miraíma', 6, '2308377', '2024-01-14 15:15:41', NULL, NULL),
	(811, 'Missão Velha', 6, '2308401', '2024-01-14 15:15:41', NULL, NULL),
	(812, 'Mombaça', 6, '2308500', '2024-01-14 15:15:41', NULL, NULL),
	(813, 'Monsenhor Tabosa', 6, '2308609', '2024-01-14 15:15:41', NULL, NULL),
	(814, 'Morada Nova', 6, '2308708', '2024-01-14 15:15:41', NULL, NULL),
	(815, 'Moraújo', 6, '2308807', '2024-01-14 15:15:41', NULL, NULL),
	(816, 'Morrinhos', 6, '2308906', '2024-01-14 15:15:41', NULL, NULL),
	(817, 'Mucambo', 6, '2309003', '2024-01-14 15:15:41', NULL, NULL),
	(818, 'Mulungu', 6, '2309102', '2024-01-14 15:15:41', NULL, NULL),
	(819, 'Nova Olinda', 6, '2309201', '2024-01-14 15:15:41', NULL, NULL),
	(820, 'Nova Russas', 6, '2309300', '2024-01-14 15:15:41', NULL, NULL),
	(821, 'Novo Oriente', 6, '2309409', '2024-01-14 15:15:41', NULL, NULL),
	(822, 'Ocara', 6, '2309458', '2024-01-14 15:15:41', NULL, NULL),
	(823, 'Orós', 6, '2309508', '2024-01-14 15:15:41', NULL, NULL),
	(824, 'Pacajus', 6, '2309607', '2024-01-14 15:15:41', NULL, NULL),
	(825, 'Pacatuba', 6, '2309706', '2024-01-14 15:15:41', NULL, NULL),
	(826, 'Pacoti', 6, '2309805', '2024-01-14 15:15:41', NULL, NULL),
	(827, 'Pacujá', 6, '2309904', '2024-01-14 15:15:41', NULL, NULL),
	(828, 'Palhano', 6, '2310001', '2024-01-14 15:15:41', NULL, NULL),
	(829, 'Palmácia', 6, '2310100', '2024-01-14 15:15:41', NULL, NULL),
	(830, 'Paracuru', 6, '2310209', '2024-01-14 15:15:42', NULL, NULL),
	(831, 'Paraipaba', 6, '2310258', '2024-01-14 15:15:42', NULL, NULL),
	(832, 'Parambu', 6, '2310308', '2024-01-14 15:15:42', NULL, NULL),
	(833, 'Paramoti', 6, '2310407', '2024-01-14 15:15:42', NULL, NULL),
	(834, 'Pedra Branca', 6, '2310506', '2024-01-14 15:15:42', NULL, NULL),
	(835, 'Penaforte', 6, '2310605', '2024-01-14 15:15:42', NULL, NULL),
	(836, 'Pentecoste', 6, '2310704', '2024-01-14 15:15:42', NULL, NULL),
	(837, 'Pereiro', 6, '2310803', '2024-01-14 15:15:42', NULL, NULL),
	(838, 'Pindoretama', 6, '2310852', '2024-01-14 15:15:42', NULL, NULL),
	(839, 'Piquet Carneiro', 6, '2310902', '2024-01-14 15:15:42', NULL, NULL),
	(840, 'Pires Ferreira', 6, '2310951', '2024-01-14 15:15:42', NULL, NULL),
	(841, 'Poranga', 6, '2311009', '2024-01-14 15:15:42', NULL, NULL),
	(842, 'Porteiras', 6, '2311108', '2024-01-14 15:15:42', NULL, NULL),
	(843, 'Potengi', 6, '2311207', '2024-01-14 15:15:42', NULL, NULL),
	(844, 'Potiretama', 6, '2311231', '2024-01-14 15:15:42', NULL, NULL),
	(845, 'Quiterianópolis', 6, '2311264', '2024-01-14 15:15:42', NULL, NULL),
	(846, 'Quixadá', 6, '2311306', '2024-01-14 15:15:42', NULL, NULL),
	(847, 'Quixelô', 6, '2311355', '2024-01-14 15:15:42', NULL, NULL),
	(848, 'Quixeramobim', 6, '2311405', '2024-01-14 15:15:42', NULL, NULL),
	(849, 'Quixeré', 6, '2311504', '2024-01-14 15:15:42', NULL, NULL),
	(850, 'Redenção', 6, '2311603', '2024-01-14 15:15:42', NULL, NULL),
	(851, 'Reriutaba', 6, '2311702', '2024-01-14 15:15:42', NULL, NULL),
	(852, 'Russas', 6, '2311801', '2024-01-14 15:15:42', NULL, NULL),
	(853, 'Saboeiro', 6, '2311900', '2024-01-14 15:15:42', NULL, NULL),
	(854, 'Salitre', 6, '2311959', '2024-01-14 15:15:42', NULL, NULL),
	(855, 'Santa Quitéria', 6, '2312205', '2024-01-14 15:15:42', NULL, NULL),
	(856, 'Santana do Acaraú', 6, '2312007', '2024-01-14 15:15:42', NULL, NULL),
	(857, 'Santana do Cariri', 6, '2312106', '2024-01-14 15:15:42', NULL, NULL),
	(858, 'São Benedito', 6, '2312304', '2024-01-14 15:15:42', NULL, NULL),
	(859, 'São Gonçalo do Amarante', 6, '2312403', '2024-01-14 15:15:42', NULL, NULL),
	(860, 'São João do Jaguaribe', 6, '2312502', '2024-01-14 15:15:42', NULL, NULL),
	(861, 'São Luís do Curu', 6, '2312601', '2024-01-14 15:15:42', NULL, NULL),
	(862, 'Senador Pompeu', 6, '2312700', '2024-01-14 15:15:42', NULL, NULL),
	(863, 'Senador Sá', 6, '2312809', '2024-01-14 15:15:42', NULL, NULL),
	(864, 'Sobral', 6, '2312908', '2024-01-14 15:15:42', NULL, NULL),
	(865, 'Solonópole', 6, '2313005', '2024-01-14 15:15:42', NULL, NULL),
	(866, 'Tabuleiro do Norte', 6, '2313104', '2024-01-14 15:15:42', NULL, NULL),
	(867, 'Tamboril', 6, '2313203', '2024-01-14 15:15:42', NULL, NULL),
	(868, 'Tarrafas', 6, '2313252', '2024-01-14 15:15:42', NULL, NULL),
	(869, 'Tauá', 6, '2313302', '2024-01-14 15:15:42', NULL, NULL),
	(870, 'Tejuçuoca', 6, '2313351', '2024-01-14 15:15:42', NULL, NULL),
	(871, 'Tianguá', 6, '2313401', '2024-01-14 15:15:42', NULL, NULL),
	(872, 'Trairi', 6, '2313500', '2024-01-14 15:15:42', NULL, NULL),
	(873, 'Tururu', 6, '2313559', '2024-01-14 15:15:42', NULL, NULL),
	(874, 'Ubajara', 6, '2313609', '2024-01-14 15:15:42', NULL, NULL),
	(875, 'Umari', 6, '2313708', '2024-01-14 15:15:42', NULL, NULL),
	(876, 'Umirim', 6, '2313757', '2024-01-14 15:15:42', NULL, NULL),
	(877, 'Uruburetama', 6, '2313807', '2024-01-14 15:15:42', NULL, NULL),
	(878, 'Uruoca', 6, '2313906', '2024-01-14 15:15:42', NULL, NULL),
	(879, 'Varjota', 6, '2313955', '2024-01-14 15:15:42', NULL, NULL),
	(880, 'Várzea Alegre', 6, '2314003', '2024-01-14 15:15:42', NULL, NULL),
	(881, 'Viçosa do Ceará', 6, '2314102', '2024-01-14 15:15:42', NULL, NULL),
	(882, 'Brasília', 7, '5300108', '2024-01-14 15:15:42', NULL, NULL),
	(883, 'Abadia de Goiás', 9, '5200050', '2024-01-14 15:15:42', NULL, NULL),
	(884, 'Abadiânia', 9, '5200100', '2024-01-14 15:15:42', NULL, NULL),
	(885, 'Acreúna', 9, '5200134', '2024-01-14 15:15:42', NULL, NULL),
	(886, 'Adelândia', 9, '5200159', '2024-01-14 15:15:42', NULL, NULL),
	(887, 'Água Fria de Goiás', 9, '5200175', '2024-01-14 15:15:42', NULL, NULL),
	(888, 'Água Limpa', 9, '5200209', '2024-01-14 15:15:42', NULL, NULL),
	(889, 'Águas Lindas de Goiás', 9, '5200258', '2024-01-14 15:15:42', NULL, NULL),
	(890, 'Alexânia', 9, '5200308', '2024-01-14 15:15:42', NULL, NULL),
	(891, 'Aloândia', 9, '5200506', '2024-01-14 15:15:42', NULL, NULL),
	(892, 'Alto Horizonte', 9, '5200555', '2024-01-14 15:15:42', NULL, NULL),
	(893, 'Alto Paraíso de Goiás', 9, '5200605', '2024-01-14 15:15:42', NULL, NULL),
	(894, 'Alvorada do Norte', 9, '5200803', '2024-01-14 15:15:42', NULL, NULL),
	(895, 'Amaralina', 9, '5200829', '2024-01-14 15:15:42', NULL, NULL),
	(896, 'Americano do Brasil', 9, '5200852', '2024-01-14 15:15:42', NULL, NULL),
	(897, 'Amorinópolis', 9, '5200902', '2024-01-14 15:15:42', NULL, NULL),
	(898, 'Anápolis', 9, '5201108', '2024-01-14 15:15:42', NULL, NULL),
	(899, 'Anhanguera', 9, '5201207', '2024-01-14 15:15:42', NULL, NULL),
	(900, 'Anicuns', 9, '5201306', '2024-01-14 15:15:42', NULL, NULL),
	(901, 'Aparecida de Goiânia', 9, '5201405', '2024-01-14 15:15:42', NULL, NULL),
	(902, 'Aparecida do Rio Doce', 9, '5201454', '2024-01-14 15:15:42', NULL, NULL),
	(903, 'Aporé', 9, '5201504', '2024-01-14 15:15:42', NULL, NULL),
	(904, 'Araçu', 9, '5201603', '2024-01-14 15:15:42', NULL, NULL),
	(905, 'Aragarças', 9, '5201702', '2024-01-14 15:15:42', NULL, NULL),
	(906, 'Aragoiânia', 9, '5201801', '2024-01-14 15:15:42', NULL, NULL),
	(907, 'Araguapaz', 9, '5202155', '2024-01-14 15:15:42', NULL, NULL),
	(908, 'Arenópolis', 9, '5202353', '2024-01-14 15:15:42', NULL, NULL),
	(909, 'Aruanã', 9, '5202502', '2024-01-14 15:15:42', NULL, NULL),
	(910, 'Aurilândia', 9, '5202601', '2024-01-14 15:15:42', NULL, NULL),
	(911, 'Avelinópolis', 9, '5202809', '2024-01-14 15:15:42', NULL, NULL),
	(912, 'Baliza', 9, '5203104', '2024-01-14 15:15:42', NULL, NULL),
	(913, 'Barro Alto', 9, '5203203', '2024-01-14 15:15:42', NULL, NULL),
	(914, 'Bela Vista de Goiás', 9, '5203302', '2024-01-14 15:15:42', NULL, NULL),
	(915, 'Bom Jardim de Goiás', 9, '5203401', '2024-01-14 15:15:42', NULL, NULL),
	(916, 'Bom Jesus de Goiás', 9, '5203500', '2024-01-14 15:15:42', NULL, NULL),
	(917, 'Bonfinópolis', 9, '5203559', '2024-01-14 15:15:42', NULL, NULL),
	(918, 'Bonópolis', 9, '5203575', '2024-01-14 15:15:42', NULL, NULL),
	(919, 'Brazabrantes', 9, '5203609', '2024-01-14 15:15:42', NULL, NULL),
	(920, 'Britânia', 9, '5203807', '2024-01-14 15:15:42', NULL, NULL),
	(921, 'Buriti Alegre', 9, '5203906', '2024-01-14 15:15:42', NULL, NULL),
	(922, 'Buriti de Goiás', 9, '5203939', '2024-01-14 15:15:42', NULL, NULL),
	(923, 'Buritinópolis', 9, '5203962', '2024-01-14 15:15:42', NULL, NULL),
	(924, 'Cabeceiras', 9, '5204003', '2024-01-14 15:15:42', NULL, NULL),
	(925, 'Cachoeira Alta', 9, '5204102', '2024-01-14 15:15:42', NULL, NULL),
	(926, 'Cachoeira de Goiás', 9, '5204201', '2024-01-14 15:15:42', NULL, NULL),
	(927, 'Cachoeira Dourada', 9, '5204250', '2024-01-14 15:15:42', NULL, NULL),
	(928, 'Caçu', 9, '5204300', '2024-01-14 15:15:42', NULL, NULL),
	(929, 'Caiapônia', 9, '5204409', '2024-01-14 15:15:42', NULL, NULL),
	(930, 'Caldas Novas', 9, '5204508', '2024-01-14 15:15:42', NULL, NULL),
	(931, 'Caldazinha', 9, '5204557', '2024-01-14 15:15:42', NULL, NULL),
	(932, 'Campestre de Goiás', 9, '5204607', '2024-01-14 15:15:42', NULL, NULL),
	(933, 'Campinaçu', 9, '5204656', '2024-01-14 15:15:42', NULL, NULL),
	(934, 'Campinorte', 9, '5204706', '2024-01-14 15:15:42', NULL, NULL),
	(935, 'Campo Alegre de Goiás', 9, '5204805', '2024-01-14 15:15:42', NULL, NULL),
	(936, 'Campo Limpo de Goiás', 9, '5204854', '2024-01-14 15:15:42', NULL, NULL),
	(937, 'Campos Belos', 9, '5204904', '2024-01-14 15:15:42', NULL, NULL),
	(938, 'Campos Verdes', 9, '5204953', '2024-01-14 15:15:42', NULL, NULL),
	(939, 'Carmo do Rio Verde', 9, '5205000', '2024-01-14 15:15:42', NULL, NULL),
	(940, 'Castelândia', 9, '5205059', '2024-01-14 15:15:42', NULL, NULL),
	(941, 'Catalão', 9, '5205109', '2024-01-14 15:15:42', NULL, NULL),
	(942, 'Caturaí', 9, '5205208', '2024-01-14 15:15:42', NULL, NULL),
	(943, 'Cavalcante', 9, '5205307', '2024-01-14 15:15:42', NULL, NULL),
	(944, 'Ceres', 9, '5205406', '2024-01-14 15:15:42', NULL, NULL),
	(945, 'Cezarina', 9, '5205455', '2024-01-14 15:15:42', NULL, NULL),
	(946, 'Chapadão do Céu', 9, '5205471', '2024-01-14 15:15:42', NULL, NULL),
	(947, 'Cidade Ocidental', 9, '5205497', '2024-01-14 15:15:42', NULL, NULL),
	(948, 'Cocalzinho de Goiás', 9, '5205513', '2024-01-14 15:15:42', NULL, NULL),
	(949, 'Colinas do Sul', 9, '5205521', '2024-01-14 15:15:42', NULL, NULL),
	(950, 'Córrego do Ouro', 9, '5205703', '2024-01-14 15:15:42', NULL, NULL),
	(951, 'Corumbá de Goiás', 9, '5205802', '2024-01-14 15:15:42', NULL, NULL),
	(952, 'Corumbaíba', 9, '5205901', '2024-01-14 15:15:42', NULL, NULL),
	(953, 'Cristalina', 9, '5206206', '2024-01-14 15:15:42', NULL, NULL),
	(954, 'Cristianópolis', 9, '5206305', '2024-01-14 15:15:42', NULL, NULL),
	(955, 'Crixás', 9, '5206404', '2024-01-14 15:15:42', NULL, NULL),
	(956, 'Cromínia', 9, '5206503', '2024-01-14 15:15:42', NULL, NULL),
	(957, 'Cumari', 9, '5206602', '2024-01-14 15:15:42', NULL, NULL),
	(958, 'Damianópolis', 9, '5206701', '2024-01-14 15:15:42', NULL, NULL),
	(959, 'Damolândia', 9, '5206800', '2024-01-14 15:15:42', NULL, NULL),
	(960, 'Davinópolis', 9, '5206909', '2024-01-14 15:15:42', NULL, NULL),
	(961, 'Diorama', 9, '5207105', '2024-01-14 15:15:42', NULL, NULL),
	(962, 'Divinópolis de Goiás', 9, '5208301', '2024-01-14 15:15:42', NULL, NULL),
	(963, 'Doverlândia', 9, '5207253', '2024-01-14 15:15:42', NULL, NULL),
	(964, 'Edealina', 9, '5207352', '2024-01-14 15:15:42', NULL, NULL),
	(965, 'Edéia', 9, '5207402', '2024-01-14 15:15:42', NULL, NULL),
	(966, 'Estrela do Norte', 9, '5207501', '2024-01-14 15:15:42', NULL, NULL),
	(967, 'Faina', 9, '5207535', '2024-01-14 15:15:42', NULL, NULL),
	(968, 'Fazenda Nova', 9, '5207600', '2024-01-14 15:15:42', NULL, NULL),
	(969, 'Firminópolis', 9, '5207808', '2024-01-14 15:15:42', NULL, NULL),
	(970, 'Flores de Goiás', 9, '5207907', '2024-01-14 15:15:42', NULL, NULL),
	(971, 'Formosa', 9, '5208004', '2024-01-14 15:15:42', NULL, NULL),
	(972, 'Formoso', 9, '5208103', '2024-01-14 15:15:42', NULL, NULL),
	(973, 'Gameleira de Goiás', 9, '5208152', '2024-01-14 15:15:42', NULL, NULL),
	(974, 'Goianápolis', 9, '5208400', '2024-01-14 15:15:42', NULL, NULL),
	(975, 'Goiandira', 9, '5208509', '2024-01-14 15:15:42', NULL, NULL),
	(976, 'Goianésia', 9, '5208608', '2024-01-14 15:15:42', NULL, NULL),
	(977, 'Goiânia', 9, '5208707', '2024-01-14 15:15:42', NULL, NULL),
	(978, 'Goianira', 9, '5208806', '2024-01-14 15:15:42', NULL, NULL),
	(979, 'Goiás', 9, '5208905', '2024-01-14 15:15:42', NULL, NULL),
	(980, 'Goiatuba', 9, '5209101', '2024-01-14 15:15:42', NULL, NULL),
	(981, 'Gouvelândia', 9, '5209150', '2024-01-14 15:15:42', NULL, NULL),
	(982, 'Guapó', 9, '5209200', '2024-01-14 15:15:42', NULL, NULL),
	(983, 'Guaraíta', 9, '5209291', '2024-01-14 15:15:42', NULL, NULL),
	(984, 'Guarani de Goiás', 9, '5209408', '2024-01-14 15:15:42', NULL, NULL),
	(985, 'Guarinos', 9, '5209457', '2024-01-14 15:15:42', NULL, NULL),
	(986, 'Heitoraí', 9, '5209606', '2024-01-14 15:15:42', NULL, NULL),
	(987, 'Hidrolândia', 9, '5209705', '2024-01-14 15:15:42', NULL, NULL),
	(988, 'Hidrolina', 9, '5209804', '2024-01-14 15:15:42', NULL, NULL),
	(989, 'Iaciara', 9, '5209903', '2024-01-14 15:15:42', NULL, NULL),
	(990, 'Inaciolândia', 9, '5209937', '2024-01-14 15:15:42', NULL, NULL),
	(991, 'Indiara', 9, '5209952', '2024-01-14 15:15:42', NULL, NULL),
	(992, 'Inhumas', 9, '5210000', '2024-01-14 15:15:42', NULL, NULL),
	(993, 'Ipameri', 9, '5210109', '2024-01-14 15:15:42', NULL, NULL),
	(994, 'Ipiranga de Goiás', 9, '5210158', '2024-01-14 15:15:42', NULL, NULL),
	(995, 'Iporá', 9, '5210208', '2024-01-14 15:15:42', NULL, NULL),
	(996, 'Israelândia', 9, '5210307', '2024-01-14 15:15:42', NULL, NULL),
	(997, 'Itaberaí', 9, '5210406', '2024-01-14 15:15:42', NULL, NULL),
	(998, 'Itaguari', 9, '5210562', '2024-01-14 15:15:42', NULL, NULL),
	(999, 'Itaguaru', 9, '5210604', '2024-01-14 15:15:42', NULL, NULL),
	(1000, 'Itajá', 9, '5210802', '2024-01-14 15:15:42', NULL, NULL),
	(1001, 'Itapaci', 9, '5210901', '2024-01-14 15:15:42', NULL, NULL),
	(1002, 'Itapirapuã', 9, '5211008', '2024-01-14 15:15:42', NULL, NULL),
	(1003, 'Itapuranga', 9, '5211206', '2024-01-14 15:15:42', NULL, NULL),
	(1004, 'Itarumã', 9, '5211305', '2024-01-14 15:15:42', NULL, NULL),
	(1005, 'Itauçu', 9, '5211404', '2024-01-14 15:15:42', NULL, NULL),
	(1006, 'Itumbiara', 9, '5211503', '2024-01-14 15:15:42', NULL, NULL),
	(1007, 'Ivolândia', 9, '5211602', '2024-01-14 15:15:42', NULL, NULL),
	(1008, 'Jandaia', 9, '5211701', '2024-01-14 15:15:42', NULL, NULL),
	(1009, 'Jaraguá', 9, '5211800', '2024-01-14 15:15:42', NULL, NULL),
	(1010, 'Jataí', 9, '5211909', '2024-01-14 15:15:42', NULL, NULL),
	(1011, 'Jaupaci', 9, '5212006', '2024-01-14 15:15:42', NULL, NULL),
	(1012, 'Jesúpolis', 9, '5212055', '2024-01-14 15:15:42', NULL, NULL),
	(1013, 'Joviânia', 9, '5212105', '2024-01-14 15:15:42', NULL, NULL),
	(1014, 'Jussara', 9, '5212204', '2024-01-14 15:15:42', NULL, NULL),
	(1015, 'Lagoa Santa', 9, '5212253', '2024-01-14 15:15:42', NULL, NULL),
	(1016, 'Leopoldo de Bulhões', 9, '5212303', '2024-01-14 15:15:42', NULL, NULL),
	(1017, 'Luziânia', 9, '5212501', '2024-01-14 15:15:42', NULL, NULL),
	(1018, 'Mairipotaba', 9, '5212600', '2024-01-14 15:15:42', NULL, NULL),
	(1019, 'Mambaí', 9, '5212709', '2024-01-14 15:15:42', NULL, NULL),
	(1020, 'Mara Rosa', 9, '5212808', '2024-01-14 15:15:42', NULL, NULL),
	(1021, 'Marzagão', 9, '5212907', '2024-01-14 15:15:42', NULL, NULL),
	(1022, 'Matrinchã', 9, '5212956', '2024-01-14 15:15:42', NULL, NULL),
	(1023, 'Maurilândia', 9, '5213004', '2024-01-14 15:15:42', NULL, NULL),
	(1024, 'Mimoso de Goiás', 9, '5213053', '2024-01-14 15:15:42', NULL, NULL),
	(1025, 'Minaçu', 9, '5213087', '2024-01-14 15:15:42', NULL, NULL),
	(1026, 'Mineiros', 9, '5213103', '2024-01-14 15:15:42', NULL, NULL),
	(1027, 'Moiporá', 9, '5213400', '2024-01-14 15:15:42', NULL, NULL),
	(1028, 'Monte Alegre de Goiás', 9, '5213509', '2024-01-14 15:15:42', NULL, NULL),
	(1029, 'Montes Claros de Goiás', 9, '5213707', '2024-01-14 15:15:42', NULL, NULL),
	(1030, 'Montividiu', 9, '5213756', '2024-01-14 15:15:42', NULL, NULL),
	(1031, 'Montividiu do Norte', 9, '5213772', '2024-01-14 15:15:42', NULL, NULL),
	(1032, 'Morrinhos', 9, '5213806', '2024-01-14 15:15:42', NULL, NULL),
	(1033, 'Morro Agudo de Goiás', 9, '5213855', '2024-01-14 15:15:42', NULL, NULL),
	(1034, 'Mossâmedes', 9, '5213905', '2024-01-14 15:15:42', NULL, NULL),
	(1035, 'Mozarlândia', 9, '5214002', '2024-01-14 15:15:42', NULL, NULL),
	(1036, 'Mundo Novo', 9, '5214051', '2024-01-14 15:15:42', NULL, NULL),
	(1037, 'Mutunópolis', 9, '5214101', '2024-01-14 15:15:42', NULL, NULL),
	(1038, 'Nazário', 9, '5214408', '2024-01-14 15:15:42', NULL, NULL),
	(1039, 'Nerópolis', 9, '5214507', '2024-01-14 15:15:42', NULL, NULL),
	(1040, 'Niquelândia', 9, '5214606', '2024-01-14 15:15:42', NULL, NULL),
	(1041, 'Nova América', 9, '5214705', '2024-01-14 15:15:42', NULL, NULL),
	(1042, 'Nova Aurora', 9, '5214804', '2024-01-14 15:15:42', NULL, NULL),
	(1043, 'Nova Crixás', 9, '5214838', '2024-01-14 15:15:43', NULL, NULL),
	(1044, 'Nova Glória', 9, '5214861', '2024-01-14 15:15:43', NULL, NULL),
	(1045, 'Nova Iguaçu de Goiás', 9, '5214879', '2024-01-14 15:15:43', NULL, NULL),
	(1046, 'Nova Roma', 9, '5214903', '2024-01-14 15:15:43', NULL, NULL),
	(1047, 'Nova Veneza', 9, '5215009', '2024-01-14 15:15:43', NULL, NULL),
	(1048, 'Novo Brasil', 9, '5215207', '2024-01-14 15:15:43', NULL, NULL),
	(1049, 'Novo Gama', 9, '5215231', '2024-01-14 15:15:43', NULL, NULL),
	(1050, 'Novo Planalto', 9, '5215256', '2024-01-14 15:15:43', NULL, NULL),
	(1051, 'Orizona', 9, '5215306', '2024-01-14 15:15:43', NULL, NULL),
	(1052, 'Ouro Verde de Goiás', 9, '5215405', '2024-01-14 15:15:43', NULL, NULL),
	(1053, 'Ouvidor', 9, '5215504', '2024-01-14 15:15:43', NULL, NULL),
	(1054, 'Padre Bernardo', 9, '5215603', '2024-01-14 15:15:43', NULL, NULL),
	(1055, 'Palestina de Goiás', 9, '5215652', '2024-01-14 15:15:43', NULL, NULL),
	(1056, 'Palmeiras de Goiás', 9, '5215702', '2024-01-14 15:15:43', NULL, NULL),
	(1057, 'Palmelo', 9, '5215801', '2024-01-14 15:15:43', NULL, NULL),
	(1058, 'Palminópolis', 9, '5215900', '2024-01-14 15:15:43', NULL, NULL),
	(1059, 'Panamá', 9, '5216007', '2024-01-14 15:15:43', NULL, NULL),
	(1060, 'Paranaiguara', 9, '5216304', '2024-01-14 15:15:43', NULL, NULL),
	(1061, 'Paraúna', 9, '5216403', '2024-01-14 15:15:43', NULL, NULL),
	(1062, 'Perolândia', 9, '5216452', '2024-01-14 15:15:43', NULL, NULL),
	(1063, 'Petrolina de Goiás', 9, '5216809', '2024-01-14 15:15:43', NULL, NULL),
	(1064, 'Pilar de Goiás', 9, '5216908', '2024-01-14 15:15:43', NULL, NULL),
	(1065, 'Piracanjuba', 9, '5217104', '2024-01-14 15:15:43', NULL, NULL),
	(1066, 'Piranhas', 9, '5217203', '2024-01-14 15:15:43', NULL, NULL),
	(1067, 'Pirenópolis', 9, '5217302', '2024-01-14 15:15:43', NULL, NULL),
	(1068, 'Pires do Rio', 9, '5217401', '2024-01-14 15:15:43', NULL, NULL),
	(1069, 'Planaltina', 9, '5217609', '2024-01-14 15:15:43', NULL, NULL),
	(1070, 'Pontalina', 9, '5217708', '2024-01-14 15:15:43', NULL, NULL),
	(1071, 'Porangatu', 9, '5218003', '2024-01-14 15:15:43', NULL, NULL),
	(1072, 'Porteirão', 9, '5218052', '2024-01-14 15:15:43', NULL, NULL),
	(1073, 'Portelândia', 9, '5218102', '2024-01-14 15:15:43', NULL, NULL),
	(1074, 'Posse', 9, '5218300', '2024-01-14 15:15:43', NULL, NULL),
	(1075, 'Professor Jamil', 9, '5218391', '2024-01-14 15:15:43', NULL, NULL),
	(1076, 'Quirinópolis', 9, '5218508', '2024-01-14 15:15:43', NULL, NULL),
	(1077, 'Rialma', 9, '5218607', '2024-01-14 15:15:43', NULL, NULL),
	(1078, 'Rianápolis', 9, '5218706', '2024-01-14 15:15:43', NULL, NULL),
	(1079, 'Rio Quente', 9, '5218789', '2024-01-14 15:15:43', NULL, NULL),
	(1080, 'Rio Verde', 9, '5218805', '2024-01-14 15:15:43', NULL, NULL),
	(1081, 'Rubiataba', 9, '5218904', '2024-01-14 15:15:43', NULL, NULL),
	(1082, 'Sanclerlândia', 9, '5219001', '2024-01-14 15:15:43', NULL, NULL),
	(1083, 'Santa Bárbara de Goiás', 9, '5219100', '2024-01-14 15:15:43', NULL, NULL),
	(1084, 'Santa Cruz de Goiás', 9, '5219209', '2024-01-14 15:15:43', NULL, NULL),
	(1085, 'Santa Fé de Goiás', 9, '5219258', '2024-01-14 15:15:43', NULL, NULL),
	(1086, 'Santa Helena de Goiás', 9, '5219308', '2024-01-14 15:15:43', NULL, NULL),
	(1087, 'Santa Isabel', 9, '5219357', '2024-01-14 15:15:43', NULL, NULL),
	(1088, 'Santa Rita do Araguaia', 9, '5219407', '2024-01-14 15:15:43', NULL, NULL),
	(1089, 'Santa Rita do Novo Destino', 9, '5219456', '2024-01-14 15:15:43', NULL, NULL),
	(1090, 'Santa Rosa de Goiás', 9, '5219506', '2024-01-14 15:15:43', NULL, NULL),
	(1091, 'Santa Tereza de Goiás', 9, '5219605', '2024-01-14 15:15:43', NULL, NULL),
	(1092, 'Santa Terezinha de Goiás', 9, '5219704', '2024-01-14 15:15:43', NULL, NULL),
	(1093, 'Santo Antônio da Barra', 9, '5219712', '2024-01-14 15:15:43', NULL, NULL),
	(1094, 'Santo Antônio de Goiás', 9, '5219738', '2024-01-14 15:15:43', NULL, NULL),
	(1095, 'Santo Antônio do Descoberto', 9, '5219753', '2024-01-14 15:15:43', NULL, NULL),
	(1096, 'São Domingos', 9, '5219803', '2024-01-14 15:15:43', NULL, NULL),
	(1097, 'São Francisco de Goiás', 9, '5219902', '2024-01-14 15:15:43', NULL, NULL),
	(1098, 'São João dAliança', 9, '5220009', '2024-01-14 15:15:43', NULL, NULL),
	(1099, 'São João da Paraúna', 9, '5220058', '2024-01-14 15:15:43', NULL, NULL),
	(1100, 'São Luís de Montes Belos', 9, '5220108', '2024-01-14 15:15:43', NULL, NULL),
	(1101, 'São Luíz do Norte', 9, '5220157', '2024-01-14 15:15:43', NULL, NULL),
	(1102, 'São Miguel do Araguaia', 9, '5220207', '2024-01-14 15:15:43', NULL, NULL),
	(1103, 'São Miguel do Passa Quatro', 9, '5220264', '2024-01-14 15:15:43', NULL, NULL),
	(1104, 'São Patrício', 9, '5220280', '2024-01-14 15:15:43', NULL, NULL),
	(1105, 'São Simão', 9, '5220405', '2024-01-14 15:15:43', NULL, NULL),
	(1106, 'Senador Canedo', 9, '5220454', '2024-01-14 15:15:43', NULL, NULL),
	(1107, 'Serranópolis', 9, '5220504', '2024-01-14 15:15:43', NULL, NULL),
	(1108, 'Silvânia', 9, '5220603', '2024-01-14 15:15:43', NULL, NULL),
	(1109, 'Simolândia', 9, '5220686', '2024-01-14 15:15:43', NULL, NULL),
	(1110, 'Sítio dAbadia', 9, '5220702', '2024-01-14 15:15:43', NULL, NULL),
	(1111, 'Taquaral de Goiás', 9, '5221007', '2024-01-14 15:15:43', NULL, NULL),
	(1112, 'Teresina de Goiás', 9, '5221080', '2024-01-14 15:15:43', NULL, NULL),
	(1113, 'Terezópolis de Goiás', 9, '5221197', '2024-01-14 15:15:43', NULL, NULL),
	(1114, 'Três Ranchos', 9, '5221304', '2024-01-14 15:15:43', NULL, NULL),
	(1115, 'Trindade', 9, '5221403', '2024-01-14 15:15:43', NULL, NULL),
	(1116, 'Trombas', 9, '5221452', '2024-01-14 15:15:43', NULL, NULL),
	(1117, 'Turvânia', 9, '5221502', '2024-01-14 15:15:43', NULL, NULL),
	(1118, 'Turvelândia', 9, '5221551', '2024-01-14 15:15:43', NULL, NULL),
	(1119, 'Uirapuru', 9, '5221577', '2024-01-14 15:15:43', NULL, NULL),
	(1120, 'Uruaçu', 9, '5221601', '2024-01-14 15:15:43', NULL, NULL),
	(1121, 'Uruana', 9, '5221700', '2024-01-14 15:15:43', NULL, NULL),
	(1122, 'Urutaí', 9, '5221809', '2024-01-14 15:15:43', NULL, NULL),
	(1123, 'Valparaíso de Goiás', 9, '5221858', '2024-01-14 15:15:43', NULL, NULL),
	(1124, 'Varjão', 9, '5221908', '2024-01-14 15:15:43', NULL, NULL),
	(1125, 'Vianópolis', 9, '5222005', '2024-01-14 15:15:43', NULL, NULL),
	(1126, 'Vicentinópolis', 9, '5222054', '2024-01-14 15:15:43', NULL, NULL),
	(1127, 'Vila Boa', 9, '5222203', '2024-01-14 15:15:43', NULL, NULL),
	(1128, 'Vila Propício', 9, '5222302', '2024-01-14 15:15:43', NULL, NULL),
	(1129, 'Açailândia', 10, '2100055', '2024-01-14 15:15:43', NULL, NULL),
	(1130, 'Afonso Cunha', 10, '2100105', '2024-01-14 15:15:43', NULL, NULL),
	(1131, 'Água Doce do Maranhão', 10, '2100154', '2024-01-14 15:15:43', NULL, NULL),
	(1132, 'Alcântara', 10, '2100204', '2024-01-14 15:15:43', NULL, NULL),
	(1133, 'Aldeias Altas', 10, '2100303', '2024-01-14 15:15:43', NULL, NULL),
	(1134, 'Altamira do Maranhão', 10, '2100402', '2024-01-14 15:15:43', NULL, NULL),
	(1135, 'Alto Alegre do Maranhão', 10, '2100436', '2024-01-14 15:15:43', NULL, NULL),
	(1136, 'Alto Alegre do Pindaré', 10, '2100477', '2024-01-14 15:15:43', NULL, NULL),
	(1137, 'Alto Parnaíba', 10, '2100501', '2024-01-14 15:15:43', NULL, NULL),
	(1138, 'Amapá do Maranhão', 10, '2100550', '2024-01-14 15:15:43', NULL, NULL),
	(1139, 'Amarante do Maranhão', 10, '2100600', '2024-01-14 15:15:43', NULL, NULL),
	(1140, 'Anajatuba', 10, '2100709', '2024-01-14 15:15:43', NULL, NULL),
	(1141, 'Anapurus', 10, '2100808', '2024-01-14 15:15:43', NULL, NULL),
	(1142, 'Apicum-Açu', 10, '2100832', '2024-01-14 15:15:43', NULL, NULL),
	(1143, 'Araguanã', 10, '2100873', '2024-01-14 15:15:43', NULL, NULL),
	(1144, 'Araioses', 10, '2100907', '2024-01-14 15:15:43', NULL, NULL),
	(1145, 'Arame', 10, '2100956', '2024-01-14 15:15:43', NULL, NULL),
	(1146, 'Arari', 10, '2101004', '2024-01-14 15:15:43', NULL, NULL),
	(1147, 'Axixá', 10, '2101103', '2024-01-14 15:15:43', NULL, NULL),
	(1148, 'Bacabal', 10, '2101202', '2024-01-14 15:15:43', NULL, NULL),
	(1149, 'Bacabeira', 10, '2101251', '2024-01-14 15:15:43', NULL, NULL),
	(1150, 'Bacuri', 10, '2101301', '2024-01-14 15:15:43', NULL, NULL),
	(1151, 'Bacurituba', 10, '2101350', '2024-01-14 15:15:43', NULL, NULL),
	(1152, 'Balsas', 10, '2101400', '2024-01-14 15:15:43', NULL, NULL),
	(1153, 'Barão de Grajaú', 10, '2101509', '2024-01-14 15:15:43', NULL, NULL),
	(1154, 'Barra do Corda', 10, '2101608', '2024-01-14 15:15:43', NULL, NULL),
	(1155, 'Barreirinhas', 10, '2101707', '2024-01-14 15:15:43', NULL, NULL),
	(1156, 'Bela Vista do Maranhão', 10, '2101772', '2024-01-14 15:15:43', NULL, NULL),
	(1157, 'Belágua', 10, '2101731', '2024-01-14 15:15:43', NULL, NULL),
	(1158, 'Benedito Leite', 10, '2101806', '2024-01-14 15:15:43', NULL, NULL),
	(1159, 'Bequimão', 10, '2101905', '2024-01-14 15:15:43', NULL, NULL),
	(1160, 'Bernardo do Mearim', 10, '2101939', '2024-01-14 15:15:43', NULL, NULL),
	(1161, 'Boa Vista do Gurupi', 10, '2101970', '2024-01-14 15:15:43', NULL, NULL),
	(1162, 'Bom Jardim', 10, '2102002', '2024-01-14 15:15:43', NULL, NULL),
	(1163, 'Bom Jesus das Selvas', 10, '2102036', '2024-01-14 15:15:43', NULL, NULL),
	(1164, 'Bom Lugar', 10, '2102077', '2024-01-14 15:15:43', NULL, NULL),
	(1165, 'Brejo', 10, '2102101', '2024-01-14 15:15:43', NULL, NULL),
	(1166, 'Brejo de Areia', 10, '2102150', '2024-01-14 15:15:43', NULL, NULL),
	(1167, 'Buriti', 10, '2102200', '2024-01-14 15:15:43', NULL, NULL),
	(1168, 'Buriti Bravo', 10, '2102309', '2024-01-14 15:15:43', NULL, NULL),
	(1169, 'Buriticupu', 10, '2102325', '2024-01-14 15:15:43', NULL, NULL),
	(1170, 'Buritirana', 10, '2102358', '2024-01-14 15:15:43', NULL, NULL),
	(1171, 'Cachoeira Grande', 10, '2102374', '2024-01-14 15:15:43', NULL, NULL),
	(1172, 'Cajapió', 10, '2102408', '2024-01-14 15:15:43', NULL, NULL),
	(1173, 'Cajari', 10, '2102507', '2024-01-14 15:15:43', NULL, NULL),
	(1174, 'Campestre do Maranhão', 10, '2102556', '2024-01-14 15:15:43', NULL, NULL),
	(1175, 'Cândido Mendes', 10, '2102606', '2024-01-14 15:15:43', NULL, NULL),
	(1176, 'Cantanhede', 10, '2102705', '2024-01-14 15:15:43', NULL, NULL),
	(1177, 'Capinzal do Norte', 10, '2102754', '2024-01-14 15:15:43', NULL, NULL),
	(1178, 'Carolina', 10, '2102804', '2024-01-14 15:15:43', NULL, NULL),
	(1179, 'Carutapera', 10, '2102903', '2024-01-14 15:15:43', NULL, NULL),
	(1180, 'Caxias', 10, '2103000', '2024-01-14 15:15:43', NULL, NULL),
	(1181, 'Cedral', 10, '2103109', '2024-01-14 15:15:43', NULL, NULL),
	(1182, 'Central do Maranhão', 10, '2103125', '2024-01-14 15:15:43', NULL, NULL),
	(1183, 'Centro do Guilherme', 10, '2103158', '2024-01-14 15:15:43', NULL, NULL),
	(1184, 'Centro Novo do Maranhão', 10, '2103174', '2024-01-14 15:15:43', NULL, NULL),
	(1185, 'Chapadinha', 10, '2103208', '2024-01-14 15:15:43', NULL, NULL),
	(1186, 'Cidelândia', 10, '2103257', '2024-01-14 15:15:43', NULL, NULL),
	(1187, 'Codó', 10, '2103307', '2024-01-14 15:15:43', NULL, NULL),
	(1188, 'Coelho Neto', 10, '2103406', '2024-01-14 15:15:43', NULL, NULL),
	(1189, 'Colinas', 10, '2103505', '2024-01-14 15:15:43', NULL, NULL),
	(1190, 'Conceição do Lago-Açu', 10, '2103554', '2024-01-14 15:15:43', NULL, NULL),
	(1191, 'Coroatá', 10, '2103604', '2024-01-14 15:15:43', NULL, NULL),
	(1192, 'Cururupu', 10, '2103703', '2024-01-14 15:15:43', NULL, NULL),
	(1193, 'Davinópolis', 10, '2103752', '2024-01-14 15:15:43', NULL, NULL),
	(1194, 'Dom Pedro', 10, '2103802', '2024-01-14 15:15:43', NULL, NULL),
	(1195, 'Duque Bacelar', 10, '2103901', '2024-01-14 15:15:43', NULL, NULL),
	(1196, 'Esperantinópolis', 10, '2104008', '2024-01-14 15:15:43', NULL, NULL),
	(1197, 'Estreito', 10, '2104057', '2024-01-14 15:15:43', NULL, NULL),
	(1198, 'Feira Nova do Maranhão', 10, '2104073', '2024-01-14 15:15:43', NULL, NULL),
	(1199, 'Fernando Falcão', 10, '2104081', '2024-01-14 15:15:43', NULL, NULL),
	(1200, 'Formosa da Serra Negra', 10, '2104099', '2024-01-14 15:15:43', NULL, NULL),
	(1201, 'Fortaleza dos Nogueiras', 10, '2104107', '2024-01-14 15:15:43', NULL, NULL),
	(1202, 'Fortuna', 10, '2104206', '2024-01-14 15:15:43', NULL, NULL),
	(1203, 'Godofredo Viana', 10, '2104305', '2024-01-14 15:15:43', NULL, NULL),
	(1204, 'Gonçalves Dias', 10, '2104404', '2024-01-14 15:15:43', NULL, NULL),
	(1205, 'Governador Archer', 10, '2104503', '2024-01-14 15:15:43', NULL, NULL),
	(1206, 'Governador Edison Lobão', 10, '2104552', '2024-01-14 15:15:43', NULL, NULL),
	(1207, 'Governador Eugênio Barros', 10, '2104602', '2024-01-14 15:15:43', NULL, NULL),
	(1208, 'Governador Luiz Rocha', 10, '2104628', '2024-01-14 15:15:43', NULL, NULL),
	(1209, 'Governador Newton Bello', 10, '2104651', '2024-01-14 15:15:43', NULL, NULL),
	(1210, 'Governador Nunes Freire', 10, '2104677', '2024-01-14 15:15:43', NULL, NULL),
	(1211, 'Graça Aranha', 10, '2104701', '2024-01-14 15:15:43', NULL, NULL),
	(1212, 'Grajaú', 10, '2104800', '2024-01-14 15:15:43', NULL, NULL),
	(1213, 'Guimarães', 10, '2104909', '2024-01-14 15:15:43', NULL, NULL),
	(1214, 'Humberto de Campos', 10, '2105005', '2024-01-14 15:15:43', NULL, NULL),
	(1215, 'Icatu', 10, '2105104', '2024-01-14 15:15:43', NULL, NULL),
	(1216, 'Igarapé do Meio', 10, '2105153', '2024-01-14 15:15:43', NULL, NULL),
	(1217, 'Igarapé Grande', 10, '2105203', '2024-01-14 15:15:43', NULL, NULL),
	(1218, 'Imperatriz', 10, '2105302', '2024-01-14 15:15:43', NULL, NULL),
	(1219, 'Itaipava do Grajaú', 10, '2105351', '2024-01-14 15:15:43', NULL, NULL),
	(1220, 'Itapecuru Mirim', 10, '2105401', '2024-01-14 15:15:43', NULL, NULL),
	(1221, 'Itinga do Maranhão', 10, '2105427', '2024-01-14 15:15:43', NULL, NULL),
	(1222, 'Jatobá', 10, '2105450', '2024-01-14 15:15:43', NULL, NULL),
	(1223, 'Jenipapo dos Vieiras', 10, '2105476', '2024-01-14 15:15:43', NULL, NULL),
	(1224, 'João Lisboa', 10, '2105500', '2024-01-14 15:15:43', NULL, NULL),
	(1225, 'Joselândia', 10, '2105609', '2024-01-14 15:15:43', NULL, NULL),
	(1226, 'Junco do Maranhão', 10, '2105658', '2024-01-14 15:15:43', NULL, NULL),
	(1227, 'Lago da Pedra', 10, '2105708', '2024-01-14 15:15:43', NULL, NULL),
	(1228, 'Lago do Junco', 10, '2105807', '2024-01-14 15:15:43', NULL, NULL),
	(1229, 'Lago dos Rodrigues', 10, '2105948', '2024-01-14 15:15:43', NULL, NULL),
	(1230, 'Lago Verde', 10, '2105906', '2024-01-14 15:15:43', NULL, NULL),
	(1231, 'Lagoa do Mato', 10, '2105922', '2024-01-14 15:15:43', NULL, NULL),
	(1232, 'Lagoa Grande do Maranhão', 10, '2105963', '2024-01-14 15:15:43', NULL, NULL),
	(1233, 'Lajeado Novo', 10, '2105989', '2024-01-14 15:15:43', NULL, NULL),
	(1234, 'Lima Campos', 10, '2106003', '2024-01-14 15:15:43', NULL, NULL),
	(1235, 'Loreto', 10, '2106102', '2024-01-14 15:15:43', NULL, NULL),
	(1236, 'Luís Domingues', 10, '2106201', '2024-01-14 15:15:43', NULL, NULL),
	(1237, 'Magalhães de Almeida', 10, '2106300', '2024-01-14 15:15:43', NULL, NULL),
	(1238, 'Maracaçumé', 10, '2106326', '2024-01-14 15:15:43', NULL, NULL),
	(1239, 'Marajá do Sena', 10, '2106359', '2024-01-14 15:15:43', NULL, NULL),
	(1240, 'Maranhãozinho', 10, '2106375', '2024-01-14 15:15:43', NULL, NULL),
	(1241, 'Mata Roma', 10, '2106409', '2024-01-14 15:15:43', NULL, NULL),
	(1242, 'Matinha', 10, '2106508', '2024-01-14 15:15:43', NULL, NULL),
	(1243, 'Matões', 10, '2106607', '2024-01-14 15:15:43', NULL, NULL),
	(1244, 'Matões do Norte', 10, '2106631', '2024-01-14 15:15:43', NULL, NULL),
	(1245, 'Milagres do Maranhão', 10, '2106672', '2024-01-14 15:15:43', NULL, NULL),
	(1246, 'Mirador', 10, '2106706', '2024-01-14 15:15:43', NULL, NULL),
	(1247, 'Miranda do Norte', 10, '2106755', '2024-01-14 15:15:43', NULL, NULL),
	(1248, 'Mirinzal', 10, '2106805', '2024-01-14 15:15:43', NULL, NULL),
	(1249, 'Monção', 10, '2106904', '2024-01-14 15:15:43', NULL, NULL),
	(1250, 'Montes Altos', 10, '2107001', '2024-01-14 15:15:43', NULL, NULL),
	(1251, 'Morros', 10, '2107100', '2024-01-14 15:15:43', NULL, NULL),
	(1252, 'Nina Rodrigues', 10, '2107209', '2024-01-14 15:15:43', NULL, NULL),
	(1253, 'Nova Colinas', 10, '2107258', '2024-01-14 15:15:43', NULL, NULL),
	(1254, 'Nova Iorque', 10, '2107308', '2024-01-14 15:15:43', NULL, NULL),
	(1255, 'Nova Olinda do Maranhão', 10, '2107357', '2024-01-14 15:15:43', NULL, NULL),
	(1256, 'Olho dÁgua das Cunhãs', 10, '2107407', '2024-01-14 15:15:43', NULL, NULL),
	(1257, 'Olinda Nova do Maranhão', 10, '2107456', '2024-01-14 15:15:43', NULL, NULL),
	(1258, 'Paço do Lumiar', 10, '2107506', '2024-01-14 15:15:43', NULL, NULL),
	(1259, 'Palmeirândia', 10, '2107605', '2024-01-14 15:15:43', NULL, NULL),
	(1260, 'Paraibano', 10, '2107704', '2024-01-14 15:15:43', NULL, NULL),
	(1261, 'Parnarama', 10, '2107803', '2024-01-14 15:15:43', NULL, NULL),
	(1262, 'Passagem Franca', 10, '2107902', '2024-01-14 15:15:43', NULL, NULL),
	(1263, 'Pastos Bons', 10, '2108009', '2024-01-14 15:15:43', NULL, NULL),
	(1264, 'Paulino Neves', 10, '2108058', '2024-01-14 15:15:43', NULL, NULL),
	(1265, 'Paulo Ramos', 10, '2108108', '2024-01-14 15:15:43', NULL, NULL),
	(1266, 'Pedreiras', 10, '2108207', '2024-01-14 15:15:43', NULL, NULL),
	(1267, 'Pedro do Rosário', 10, '2108256', '2024-01-14 15:15:43', NULL, NULL),
	(1268, 'Penalva', 10, '2108306', '2024-01-14 15:15:43', NULL, NULL),
	(1269, 'Peri Mirim', 10, '2108405', '2024-01-14 15:15:43', NULL, NULL),
	(1270, 'Peritoró', 10, '2108454', '2024-01-14 15:15:43', NULL, NULL),
	(1271, 'Pindaré-Mirim', 10, '2108504', '2024-01-14 15:15:43', NULL, NULL),
	(1272, 'Pinheiro', 10, '2108603', '2024-01-14 15:15:43', NULL, NULL),
	(1273, 'Pio XII', 10, '2108702', '2024-01-14 15:15:43', NULL, NULL),
	(1274, 'Pirapemas', 10, '2108801', '2024-01-14 15:15:43', NULL, NULL),
	(1275, 'Poção de Pedras', 10, '2108900', '2024-01-14 15:15:43', NULL, NULL),
	(1276, 'Porto Franco', 10, '2109007', '2024-01-14 15:15:43', NULL, NULL),
	(1277, 'Porto Rico do Maranhão', 10, '2109056', '2024-01-14 15:15:43', NULL, NULL),
	(1278, 'Presidente Dutra', 10, '2109106', '2024-01-14 15:15:43', NULL, NULL),
	(1279, 'Presidente Juscelino', 10, '2109205', '2024-01-14 15:15:43', NULL, NULL),
	(1280, 'Presidente Médici', 10, '2109239', '2024-01-14 15:15:43', NULL, NULL),
	(1281, 'Presidente Sarney', 10, '2109270', '2024-01-14 15:15:43', NULL, NULL),
	(1282, 'Presidente Vargas', 10, '2109304', '2024-01-14 15:15:43', NULL, NULL),
	(1283, 'Primeira Cruz', 10, '2109403', '2024-01-14 15:15:44', NULL, NULL),
	(1284, 'Raposa', 10, '2109452', '2024-01-14 15:15:44', NULL, NULL),
	(1285, 'Riachão', 10, '2109502', '2024-01-14 15:15:44', NULL, NULL),
	(1286, 'Ribamar Fiquene', 10, '2109551', '2024-01-14 15:15:44', NULL, NULL),
	(1287, 'Rosário', 10, '2109601', '2024-01-14 15:15:44', NULL, NULL),
	(1288, 'Sambaíba', 10, '2109700', '2024-01-14 15:15:44', NULL, NULL),
	(1289, 'Santa Filomena do Maranhão', 10, '2109759', '2024-01-14 15:15:44', NULL, NULL),
	(1290, 'Santa Helena', 10, '2109809', '2024-01-14 15:15:44', NULL, NULL),
	(1291, 'Santa Inês', 10, '2109908', '2024-01-14 15:15:44', NULL, NULL),
	(1292, 'Santa Luzia', 10, '2110005', '2024-01-14 15:15:44', NULL, NULL),
	(1293, 'Santa Luzia do Paruá', 10, '2110039', '2024-01-14 15:15:44', NULL, NULL),
	(1294, 'Santa Quitéria do Maranhão', 10, '2110104', '2024-01-14 15:15:44', NULL, NULL),
	(1295, 'Santa Rita', 10, '2110203', '2024-01-14 15:15:44', NULL, NULL),
	(1296, 'Santana do Maranhão', 10, '2110237', '2024-01-14 15:15:44', NULL, NULL),
	(1297, 'Santo Amaro do Maranhão', 10, '2110278', '2024-01-14 15:15:44', NULL, NULL),
	(1298, 'Santo Antônio dos Lopes', 10, '2110302', '2024-01-14 15:15:44', NULL, NULL),
	(1299, 'São Benedito do Rio Preto', 10, '2110401', '2024-01-14 15:15:44', NULL, NULL),
	(1300, 'São Bento', 10, '2110500', '2024-01-14 15:15:44', NULL, NULL),
	(1301, 'São Bernardo', 10, '2110609', '2024-01-14 15:15:44', NULL, NULL),
	(1302, 'São Domingos do Azeitão', 10, '2110658', '2024-01-14 15:15:44', NULL, NULL),
	(1303, 'São Domingos do Maranhão', 10, '2110708', '2024-01-14 15:15:44', NULL, NULL),
	(1304, 'São Félix de Balsas', 10, '2110807', '2024-01-14 15:15:44', NULL, NULL),
	(1305, 'São Francisco do Brejão', 10, '2110856', '2024-01-14 15:15:44', NULL, NULL),
	(1306, 'São Francisco do Maranhão', 10, '2110906', '2024-01-14 15:15:44', NULL, NULL),
	(1307, 'São João Batista', 10, '2111003', '2024-01-14 15:15:44', NULL, NULL),
	(1308, 'São João do Carú', 10, '2111029', '2024-01-14 15:15:44', NULL, NULL),
	(1309, 'São João do Paraíso', 10, '2111052', '2024-01-14 15:15:44', NULL, NULL),
	(1310, 'São João do Soter', 10, '2111078', '2024-01-14 15:15:44', NULL, NULL),
	(1311, 'São João dos Patos', 10, '2111102', '2024-01-14 15:15:44', NULL, NULL),
	(1312, 'São José de Ribamar', 10, '2111201', '2024-01-14 15:15:44', NULL, NULL),
	(1313, 'São José dos Basílios', 10, '2111250', '2024-01-14 15:15:44', NULL, NULL),
	(1314, 'São Luís', 10, '2111300', '2024-01-14 15:15:44', NULL, NULL),
	(1315, 'São Luís Gonzaga do Maranhão', 10, '2111409', '2024-01-14 15:15:44', NULL, NULL),
	(1316, 'São Mateus do Maranhão', 10, '2111508', '2024-01-14 15:15:44', NULL, NULL),
	(1317, 'São Pedro da Água Branca', 10, '2111532', '2024-01-14 15:15:44', NULL, NULL),
	(1318, 'São Pedro dos Crentes', 10, '2111573', '2024-01-14 15:15:44', NULL, NULL),
	(1319, 'São Raimundo das Mangabeiras', 10, '2111607', '2024-01-14 15:15:44', NULL, NULL),
	(1320, 'São Raimundo do Doca Bezerra', 10, '2111631', '2024-01-14 15:15:44', NULL, NULL),
	(1321, 'São Roberto', 10, '2111672', '2024-01-14 15:15:44', NULL, NULL),
	(1322, 'São Vicente Ferrer', 10, '2111706', '2024-01-14 15:15:44', NULL, NULL),
	(1323, 'Satubinha', 10, '2111722', '2024-01-14 15:15:44', NULL, NULL),
	(1324, 'Senador Alexandre Costa', 10, '2111748', '2024-01-14 15:15:44', NULL, NULL),
	(1325, 'Senador La Rocque', 10, '2111763', '2024-01-14 15:15:44', NULL, NULL),
	(1326, 'Serrano do Maranhão', 10, '2111789', '2024-01-14 15:15:44', NULL, NULL),
	(1327, 'Sítio Novo', 10, '2111805', '2024-01-14 15:15:44', NULL, NULL),
	(1328, 'Sucupira do Norte', 10, '2111904', '2024-01-14 15:15:44', NULL, NULL),
	(1329, 'Sucupira do Riachão', 10, '2111953', '2024-01-14 15:15:44', NULL, NULL),
	(1330, 'Tasso Fragoso', 10, '2112001', '2024-01-14 15:15:44', NULL, NULL),
	(1331, 'Timbiras', 10, '2112100', '2024-01-14 15:15:44', NULL, NULL),
	(1332, 'Timon', 10, '2112209', '2024-01-14 15:15:44', NULL, NULL),
	(1333, 'Trizidela do Vale', 10, '2112233', '2024-01-14 15:15:44', NULL, NULL),
	(1334, 'Tufilândia', 10, '2112274', '2024-01-14 15:15:44', NULL, NULL),
	(1335, 'Tuntum', 10, '2112308', '2024-01-14 15:15:44', NULL, NULL),
	(1336, 'Turiaçu', 10, '2112407', '2024-01-14 15:15:44', NULL, NULL),
	(1337, 'Turilândia', 10, '2112456', '2024-01-14 15:15:44', NULL, NULL),
	(1338, 'Tutóia', 10, '2112506', '2024-01-14 15:15:44', NULL, NULL),
	(1339, 'Urbano Santos', 10, '2112605', '2024-01-14 15:15:44', NULL, NULL),
	(1340, 'Vargem Grande', 10, '2112704', '2024-01-14 15:15:44', NULL, NULL),
	(1341, 'Viana', 10, '2112803', '2024-01-14 15:15:44', NULL, NULL),
	(1342, 'Vila Nova dos Martírios', 10, '2112852', '2024-01-14 15:15:44', NULL, NULL),
	(1343, 'Vitória do Mearim', 10, '2112902', '2024-01-14 15:15:44', NULL, NULL),
	(1344, 'Vitorino Freire', 10, '2113009', '2024-01-14 15:15:44', NULL, NULL),
	(1345, 'Zé Doca', 10, '2114007', '2024-01-14 15:15:44', NULL, NULL),
	(1346, 'Acorizal', 13, '5100102', '2024-01-14 15:15:44', NULL, NULL),
	(1347, 'Água Boa', 13, '5100201', '2024-01-14 15:15:44', NULL, NULL),
	(1348, 'Alta Floresta', 13, '5100250', '2024-01-14 15:15:44', NULL, NULL),
	(1349, 'Alto Araguaia', 13, '5100300', '2024-01-14 15:15:44', NULL, NULL),
	(1350, 'Alto Boa Vista', 13, '5100359', '2024-01-14 15:15:44', NULL, NULL),
	(1351, 'Alto Garças', 13, '5100409', '2024-01-14 15:15:44', NULL, NULL),
	(1352, 'Alto Paraguai', 13, '5100508', '2024-01-14 15:15:44', NULL, NULL),
	(1353, 'Alto Taquari', 13, '5100607', '2024-01-14 15:15:44', NULL, NULL),
	(1354, 'Apiacás', 13, '5100805', '2024-01-14 15:15:44', NULL, NULL),
	(1355, 'Araguaiana', 13, '5101001', '2024-01-14 15:15:44', NULL, NULL),
	(1356, 'Araguainha', 13, '5101209', '2024-01-14 15:15:44', NULL, NULL),
	(1357, 'Araputanga', 13, '5101258', '2024-01-14 15:15:44', NULL, NULL),
	(1358, 'Arenápolis', 13, '5101308', '2024-01-14 15:15:44', NULL, NULL),
	(1359, 'Aripuanã', 13, '5101407', '2024-01-14 15:15:44', NULL, NULL),
	(1360, 'Barão de Melgaço', 13, '5101605', '2024-01-14 15:15:44', NULL, NULL),
	(1361, 'Barra do Bugres', 13, '5101704', '2024-01-14 15:15:44', NULL, NULL),
	(1362, 'Barra do Garças', 13, '5101803', '2024-01-14 15:15:44', NULL, NULL),
	(1363, 'Bom Jesus do Araguaia', 13, '5101852', '2024-01-14 15:15:44', NULL, NULL),
	(1364, 'Brasnorte', 13, '5101902', '2024-01-14 15:15:44', NULL, NULL),
	(1365, 'Cáceres', 13, '5102504', '2024-01-14 15:15:44', NULL, NULL),
	(1366, 'Campinápolis', 13, '5102603', '2024-01-14 15:15:44', NULL, NULL),
	(1367, 'Campo Novo do Parecis', 13, '5102637', '2024-01-14 15:15:44', NULL, NULL),
	(1368, 'Campo Verde', 13, '5102678', '2024-01-14 15:15:44', NULL, NULL),
	(1369, 'Campos de Júlio', 13, '5102686', '2024-01-14 15:15:44', NULL, NULL),
	(1370, 'Canabrava do Norte', 13, '5102694', '2024-01-14 15:15:44', NULL, NULL),
	(1371, 'Canarana', 13, '5102702', '2024-01-14 15:15:44', NULL, NULL),
	(1372, 'Carlinda', 13, '5102793', '2024-01-14 15:15:44', NULL, NULL),
	(1373, 'Castanheira', 13, '5102850', '2024-01-14 15:15:44', NULL, NULL),
	(1374, 'Chapada dos Guimarães', 13, '5103007', '2024-01-14 15:15:44', NULL, NULL),
	(1375, 'Cláudia', 13, '5103056', '2024-01-14 15:15:44', NULL, NULL),
	(1376, 'Cocalinho', 13, '5103106', '2024-01-14 15:15:44', NULL, NULL),
	(1377, 'Colíder', 13, '5103205', '2024-01-14 15:15:44', NULL, NULL),
	(1378, 'Colniza', 13, '5103254', '2024-01-14 15:15:44', NULL, NULL),
	(1379, 'Comodoro', 13, '5103304', '2024-01-14 15:15:44', NULL, NULL),
	(1380, 'Confresa', 13, '5103353', '2024-01-14 15:15:44', NULL, NULL),
	(1381, 'Conquista dOeste', 13, '5103361', '2024-01-14 15:15:44', NULL, NULL),
	(1382, 'Cotriguaçu', 13, '5103379', '2024-01-14 15:15:44', NULL, NULL),
	(1383, 'Cuiabá', 13, '5103403', '2024-01-14 15:15:44', NULL, NULL),
	(1384, 'Curvelândia', 13, '5103437', '2024-01-14 15:15:44', NULL, NULL),
	(1385, 'Denise', 13, '5103452', '2024-01-14 15:15:44', NULL, NULL),
	(1386, 'Diamantino', 13, '5103502', '2024-01-14 15:15:44', NULL, NULL),
	(1387, 'Dom Aquino', 13, '5103601', '2024-01-14 15:15:44', NULL, NULL),
	(1388, 'Feliz Natal', 13, '5103700', '2024-01-14 15:15:44', NULL, NULL),
	(1389, 'Figueirópolis dOeste', 13, '5103809', '2024-01-14 15:15:44', NULL, NULL),
	(1390, 'Gaúcha do Norte', 13, '5103858', '2024-01-14 15:15:44', NULL, NULL),
	(1391, 'General Carneiro', 13, '5103908', '2024-01-14 15:15:44', NULL, NULL),
	(1392, 'Glória dOeste', 13, '5103957', '2024-01-14 15:15:44', NULL, NULL),
	(1393, 'Guarantã do Norte', 13, '5104104', '2024-01-14 15:15:44', NULL, NULL),
	(1394, 'Guiratinga', 13, '5104203', '2024-01-14 15:15:44', NULL, NULL),
	(1395, 'Indiavaí', 13, '5104500', '2024-01-14 15:15:44', NULL, NULL),
	(1396, 'Ipiranga do Norte', 13, '5104526', '2024-01-14 15:15:44', NULL, NULL),
	(1397, 'Itanhangá', 13, '5104542', '2024-01-14 15:15:44', NULL, NULL),
	(1398, 'Itaúba', 13, '5104559', '2024-01-14 15:15:44', NULL, NULL),
	(1399, 'Itiquira', 13, '5104609', '2024-01-14 15:15:44', NULL, NULL),
	(1400, 'Jaciara', 13, '5104807', '2024-01-14 15:15:44', NULL, NULL),
	(1401, 'Jangada', 13, '5104906', '2024-01-14 15:15:44', NULL, NULL),
	(1402, 'Jauru', 13, '5105002', '2024-01-14 15:15:44', NULL, NULL),
	(1403, 'Juara', 13, '5105101', '2024-01-14 15:15:44', NULL, NULL),
	(1404, 'Juína', 13, '5105150', '2024-01-14 15:15:44', NULL, NULL),
	(1405, 'Juruena', 13, '5105176', '2024-01-14 15:15:44', NULL, NULL),
	(1406, 'Juscimeira', 13, '5105200', '2024-01-14 15:15:44', NULL, NULL),
	(1407, 'Lambari dOeste', 13, '5105234', '2024-01-14 15:15:44', NULL, NULL),
	(1408, 'Lucas do Rio Verde', 13, '5105259', '2024-01-14 15:15:44', NULL, NULL),
	(1409, 'Luciára', 13, '5105309', '2024-01-14 15:15:44', NULL, NULL),
	(1410, 'Marcelândia', 13, '5105580', '2024-01-14 15:15:44', NULL, NULL),
	(1411, 'Matupá', 13, '5105606', '2024-01-14 15:15:44', NULL, NULL),
	(1412, 'Mirassol dOeste', 13, '5105622', '2024-01-14 15:15:44', NULL, NULL),
	(1413, 'Nobres', 13, '5105903', '2024-01-14 15:15:44', NULL, NULL),
	(1414, 'Nortelândia', 13, '5106000', '2024-01-14 15:15:44', NULL, NULL),
	(1415, 'Nossa Senhora do Livramento', 13, '5106109', '2024-01-14 15:15:44', NULL, NULL),
	(1416, 'Nova Bandeirantes', 13, '5106158', '2024-01-14 15:15:44', NULL, NULL),
	(1417, 'Nova Brasilândia', 13, '5106208', '2024-01-14 15:15:44', NULL, NULL),
	(1418, 'Nova Canaã do Norte', 13, '5106216', '2024-01-14 15:15:44', NULL, NULL),
	(1419, 'Nova Guarita', 13, '5108808', '2024-01-14 15:15:44', NULL, NULL),
	(1420, 'Nova Lacerda', 13, '5106182', '2024-01-14 15:15:44', NULL, NULL),
	(1421, 'Nova Marilândia', 13, '5108857', '2024-01-14 15:15:44', NULL, NULL),
	(1422, 'Nova Maringá', 13, '5108907', '2024-01-14 15:15:44', NULL, NULL),
	(1423, 'Nova Monte verde', 13, '5108956', '2024-01-14 15:15:44', NULL, NULL),
	(1424, 'Nova Mutum', 13, '5106224', '2024-01-14 15:15:44', NULL, NULL),
	(1425, 'Nova Olímpia', 13, '5106232', '2024-01-14 15:15:44', NULL, NULL),
	(1426, 'Nova Santa Helena', 13, '5106190', '2024-01-14 15:15:44', NULL, NULL),
	(1427, 'Nova Ubiratã', 13, '5106240', '2024-01-14 15:15:44', NULL, NULL),
	(1428, 'Nova Xavantina', 13, '5106257', '2024-01-14 15:15:44', NULL, NULL),
	(1429, 'Novo Horizonte do Norte', 13, '5106273', '2024-01-14 15:15:44', NULL, NULL),
	(1430, 'Novo Mundo', 13, '5106265', '2024-01-14 15:15:44', NULL, NULL),
	(1431, 'Novo Santo Antônio', 13, '5106315', '2024-01-14 15:15:44', NULL, NULL),
	(1432, 'Novo São Joaquim', 13, '5106281', '2024-01-14 15:15:44', NULL, NULL),
	(1433, 'Paranaíta', 13, '5106299', '2024-01-14 15:15:44', NULL, NULL),
	(1434, 'Paranatinga', 13, '5106307', '2024-01-14 15:15:44', NULL, NULL),
	(1435, 'Pedra Preta', 13, '5106372', '2024-01-14 15:15:44', NULL, NULL),
	(1436, 'Peixoto de Azevedo', 13, '5106422', '2024-01-14 15:15:44', NULL, NULL),
	(1437, 'Planalto da Serra', 13, '5106455', '2024-01-14 15:15:44', NULL, NULL),
	(1438, 'Poconé', 13, '5106505', '2024-01-14 15:15:44', NULL, NULL),
	(1439, 'Pontal do Araguaia', 13, '5106653', '2024-01-14 15:15:44', NULL, NULL),
	(1440, 'Ponte Branca', 13, '5106703', '2024-01-14 15:15:44', NULL, NULL),
	(1441, 'Pontes e Lacerda', 13, '5106752', '2024-01-14 15:15:44', NULL, NULL),
	(1442, 'Porto Alegre do Norte', 13, '5106778', '2024-01-14 15:15:44', NULL, NULL),
	(1443, 'Porto dos Gaúchos', 13, '5106802', '2024-01-14 15:15:44', NULL, NULL),
	(1444, 'Porto Esperidião', 13, '5106828', '2024-01-14 15:15:44', NULL, NULL),
	(1445, 'Porto Estrela', 13, '5106851', '2024-01-14 15:15:44', NULL, NULL),
	(1446, 'Poxoréo', 13, '5107008', '2024-01-14 15:15:44', NULL, NULL),
	(1447, 'Primavera do Leste', 13, '5107040', '2024-01-14 15:15:44', NULL, NULL),
	(1448, 'Querência', 13, '5107065', '2024-01-14 15:15:44', NULL, NULL),
	(1449, 'Reserva do Cabaçal', 13, '5107156', '2024-01-14 15:15:44', NULL, NULL),
	(1450, 'Ribeirão Cascalheira', 13, '5107180', '2024-01-14 15:15:44', NULL, NULL),
	(1451, 'Ribeirãozinho', 13, '5107198', '2024-01-14 15:15:44', NULL, NULL),
	(1452, 'Rio Branco', 13, '5107206', '2024-01-14 15:15:44', NULL, NULL),
	(1453, 'Rondolândia', 13, '5107578', '2024-01-14 15:15:44', NULL, NULL),
	(1454, 'Rondonópolis', 13, '5107602', '2024-01-14 15:15:44', NULL, NULL),
	(1455, 'Rosário Oeste', 13, '5107701', '2024-01-14 15:15:44', NULL, NULL),
	(1456, 'Salto do Céu', 13, '5107750', '2024-01-14 15:15:44', NULL, NULL),
	(1457, 'Santa Carmem', 13, '5107248', '2024-01-14 15:15:44', NULL, NULL),
	(1458, 'Santa Cruz do Xingu', 13, '5107743', '2024-01-14 15:15:44', NULL, NULL),
	(1459, 'Santa Rita do Trivelato', 13, '5107768', '2024-01-14 15:15:44', NULL, NULL),
	(1460, 'Santa Terezinha', 13, '5107776', '2024-01-14 15:15:44', NULL, NULL),
	(1461, 'Santo Afonso', 13, '5107263', '2024-01-14 15:15:44', NULL, NULL),
	(1462, 'Santo Antônio do Leste', 13, '5107792', '2024-01-14 15:15:44', NULL, NULL),
	(1463, 'Santo Antônio do Leverger', 13, '5107800', '2024-01-14 15:15:44', NULL, NULL),
	(1464, 'São Félix do Araguaia', 13, '5107859', '2024-01-14 15:15:44', NULL, NULL),
	(1465, 'São José do Povo', 13, '5107297', '2024-01-14 15:15:44', NULL, NULL),
	(1466, 'São José do Rio Claro', 13, '5107305', '2024-01-14 15:15:44', NULL, NULL),
	(1467, 'São José do Xingu', 13, '5107354', '2024-01-14 15:15:44', NULL, NULL),
	(1468, 'São José dos Quatro Marcos', 13, '5107107', '2024-01-14 15:15:44', NULL, NULL),
	(1469, 'São Pedro da Cipa', 13, '5107404', '2024-01-14 15:15:44', NULL, NULL),
	(1470, 'Sapezal', 13, '5107875', '2024-01-14 15:15:44', NULL, NULL),
	(1471, 'Serra Nova Dourada', 13, '5107883', '2024-01-14 15:15:44', NULL, NULL),
	(1472, 'Sinop', 13, '5107909', '2024-01-14 15:15:44', NULL, NULL),
	(1473, 'Sorriso', 13, '5107925', '2024-01-14 15:15:44', NULL, NULL),
	(1474, 'Tabaporã', 13, '5107941', '2024-01-14 15:15:44', NULL, NULL),
	(1475, 'Tangará da Serra', 13, '5107958', '2024-01-14 15:15:44', NULL, NULL),
	(1476, 'Tapurah', 13, '5108006', '2024-01-14 15:15:44', NULL, NULL),
	(1477, 'Terra Nova do Norte', 13, '5108055', '2024-01-14 15:15:44', NULL, NULL),
	(1478, 'Tesouro', 13, '5108105', '2024-01-14 15:15:44', NULL, NULL),
	(1479, 'Torixoréu', 13, '5108204', '2024-01-14 15:15:44', NULL, NULL),
	(1480, 'União do Sul', 13, '5108303', '2024-01-14 15:15:44', NULL, NULL),
	(1481, 'Vale de São Domingos', 13, '5108352', '2024-01-14 15:15:44', NULL, NULL),
	(1482, 'Várzea Grande', 13, '5108402', '2024-01-14 15:15:44', NULL, NULL),
	(1483, 'Vera', 13, '5108501', '2024-01-14 15:15:44', NULL, NULL),
	(1484, 'Vila Bela da Santíssima Trindade', 13, '5105507', '2024-01-14 15:15:44', NULL, NULL),
	(1485, 'Vila Rica', 13, '5108600', '2024-01-14 15:15:44', NULL, NULL),
	(1486, 'Água Clara', 12, '5000203', '2024-01-14 15:15:44', NULL, NULL),
	(1487, 'Alcinópolis', 12, '5000252', '2024-01-14 15:15:44', NULL, NULL),
	(1488, 'Amambaí', 12, '5000609', '2024-01-14 15:15:44', NULL, NULL),
	(1489, 'Anastácio', 12, '5000708', '2024-01-14 15:15:44', NULL, NULL),
	(1490, 'Anaurilândia', 12, '5000807', '2024-01-14 15:15:44', NULL, NULL),
	(1491, 'Angélica', 12, '5000856', '2024-01-14 15:15:44', NULL, NULL),
	(1492, 'Antônio João', 12, '5000906', '2024-01-14 15:15:44', NULL, NULL),
	(1493, 'Aparecida do Taboado', 12, '5001003', '2024-01-14 15:15:44', NULL, NULL),
	(1494, 'Aquidauana', 12, '5001102', '2024-01-14 15:15:44', NULL, NULL),
	(1495, 'Aral Moreira', 12, '5001243', '2024-01-14 15:15:44', NULL, NULL),
	(1496, 'Bandeirantes', 12, '5001508', '2024-01-14 15:15:44', NULL, NULL),
	(1497, 'Bataguassu', 12, '5001904', '2024-01-14 15:15:44', NULL, NULL),
	(1498, 'Bela Vista', 12, '5002100', '2024-01-14 15:15:44', NULL, NULL),
	(1499, 'Bodoquena', 12, '5002159', '2024-01-14 15:15:44', NULL, NULL),
	(1500, 'Bonito', 12, '5002209', '2024-01-14 15:15:44', NULL, NULL),
	(1501, 'Brasilândia', 12, '5002308', '2024-01-14 15:15:44', NULL, NULL),
	(1502, 'Caarapó', 12, '5002407', '2024-01-14 15:15:44', NULL, NULL),
	(1503, 'Camapuã', 12, '5002605', '2024-01-14 15:15:44', NULL, NULL),
	(1504, 'Campo Grande', 12, '5002704', '2024-01-14 15:15:44', NULL, NULL),
	(1505, 'Caracol', 12, '5002803', '2024-01-14 15:15:44', NULL, NULL),
	(1506, 'Cassilândia', 12, '5002902', '2024-01-14 15:15:44', NULL, NULL),
	(1507, 'Chapadão do Sul', 12, '5002951', '2024-01-14 15:15:44', NULL, NULL),
	(1508, 'Corguinho', 12, '5003108', '2024-01-14 15:15:44', NULL, NULL),
	(1509, 'Coronel Sapucaia', 12, '5003157', '2024-01-14 15:15:44', NULL, NULL),
	(1510, 'Corumbá', 12, '5003207', '2024-01-14 15:15:44', NULL, NULL),
	(1511, 'Costa Rica', 12, '5003256', '2024-01-14 15:15:44', NULL, NULL),
	(1512, 'Coxim', 12, '5003306', '2024-01-14 15:15:44', NULL, NULL),
	(1513, 'Deodápolis', 12, '5003454', '2024-01-14 15:15:44', NULL, NULL),
	(1514, 'Dois Irmãos do Buriti', 12, '5003488', '2024-01-14 15:15:44', NULL, NULL),
	(1515, 'Douradina', 12, '5003504', '2024-01-14 15:15:44', NULL, NULL),
	(1516, 'Dourados', 12, '5003702', '2024-01-14 15:15:44', NULL, NULL),
	(1517, 'Eldorado', 12, '5003751', '2024-01-14 15:15:44', NULL, NULL),
	(1518, 'Fátima do Sul', 12, '5003801', '2024-01-14 15:15:44', NULL, NULL),
	(1519, 'Figueirão', 12, '5003900', '2024-01-14 15:15:44', NULL, NULL),
	(1520, 'Glória de Dourados', 12, '5004007', '2024-01-14 15:15:44', NULL, NULL),
	(1521, 'Guia Lopes da Laguna', 12, '5004106', '2024-01-14 15:15:44', NULL, NULL),
	(1522, 'Iguatemi', 12, '5004304', '2024-01-14 15:15:44', NULL, NULL),
	(1523, 'Inocência', 12, '5004403', '2024-01-14 15:15:44', NULL, NULL),
	(1524, 'Itaporã', 12, '5004502', '2024-01-14 15:15:44', NULL, NULL),
	(1525, 'Itaquiraí', 12, '5004601', '2024-01-14 15:15:44', NULL, NULL),
	(1526, 'Ivinhema', 12, '5004700', '2024-01-14 15:15:44', NULL, NULL),
	(1527, 'Japorã', 12, '5004809', '2024-01-14 15:15:44', NULL, NULL),
	(1528, 'Jaraguari', 12, '5004908', '2024-01-14 15:15:44', NULL, NULL),
	(1529, 'Jardim', 12, '5005004', '2024-01-14 15:15:44', NULL, NULL),
	(1530, 'Jateí', 12, '5005103', '2024-01-14 15:15:44', NULL, NULL),
	(1531, 'Juti', 12, '5005152', '2024-01-14 15:15:44', NULL, NULL),
	(1532, 'Ladário', 12, '5005202', '2024-01-14 15:15:44', NULL, NULL),
	(1533, 'Laguna Carapã', 12, '5005251', '2024-01-14 15:15:44', NULL, NULL),
	(1534, 'Maracaju', 12, '5005400', '2024-01-14 15:15:44', NULL, NULL),
	(1535, 'Miranda', 12, '5005608', '2024-01-14 15:15:45', NULL, NULL),
	(1536, 'Mundo Novo', 12, '5005681', '2024-01-14 15:15:45', NULL, NULL),
	(1537, 'Naviraí', 12, '5005707', '2024-01-14 15:15:45', NULL, NULL),
	(1538, 'Nioaque', 12, '5005806', '2024-01-14 15:15:45', NULL, NULL),
	(1539, 'Nova Alvorada do Sul', 12, '5006002', '2024-01-14 15:15:45', NULL, NULL),
	(1540, 'Nova Andradina', 12, '5006200', '2024-01-14 15:15:45', NULL, NULL),
	(1541, 'Novo Horizonte do Sul', 12, '5006259', '2024-01-14 15:15:45', NULL, NULL),
	(1542, 'Paranaíba', 12, '5006309', '2024-01-14 15:15:45', NULL, NULL),
	(1543, 'Paranhos', 12, '5006358', '2024-01-14 15:15:45', NULL, NULL),
	(1544, 'Pedro Gomes', 12, '5006408', '2024-01-14 15:15:45', NULL, NULL),
	(1545, 'Ponta Porã', 12, '5006606', '2024-01-14 15:15:45', NULL, NULL),
	(1546, 'Porto Murtinho', 12, '5006903', '2024-01-14 15:15:45', NULL, NULL),
	(1547, 'Ribas do Rio Pardo', 12, '5007109', '2024-01-14 15:15:45', NULL, NULL),
	(1548, 'Rio Brilhante', 12, '5007208', '2024-01-14 15:15:45', NULL, NULL),
	(1549, 'Rio Negro', 12, '5007307', '2024-01-14 15:15:45', NULL, NULL),
	(1550, 'Rio Verde de Mato Grosso', 12, '5007406', '2024-01-14 15:15:45', NULL, NULL),
	(1551, 'Rochedo', 12, '5007505', '2024-01-14 15:15:45', NULL, NULL),
	(1552, 'Santa Rita do Pardo', 12, '5007554', '2024-01-14 15:15:45', NULL, NULL),
	(1553, 'São Gabriel do Oeste', 12, '5007695', '2024-01-14 15:15:45', NULL, NULL),
	(1554, 'Selvíria', 12, '5007802', '2024-01-14 15:15:45', NULL, NULL),
	(1555, 'Sete Quedas', 12, '5007703', '2024-01-14 15:15:45', NULL, NULL),
	(1556, 'Sidrolândia', 12, '5007901', '2024-01-14 15:15:45', NULL, NULL),
	(1557, 'Sonora', 12, '5007935', '2024-01-14 15:15:45', NULL, NULL),
	(1558, 'Tacuru', 12, '5007950', '2024-01-14 15:15:45', NULL, NULL),
	(1559, 'Taquarussu', 12, '5007976', '2024-01-14 15:15:45', NULL, NULL),
	(1560, 'Terenos', 12, '5008008', '2024-01-14 15:15:45', NULL, NULL),
	(1561, 'Três Lagoas', 12, '5008305', '2024-01-14 15:15:45', NULL, NULL),
	(1562, 'Vicentina', 12, '5008404', '2024-01-14 15:15:45', NULL, NULL),
	(1563, 'Abadia dos Dourados', 11, '3100104', '2024-01-14 15:15:45', NULL, NULL),
	(1564, 'Abaeté', 11, '3100203', '2024-01-14 15:15:45', NULL, NULL),
	(1565, 'Abre Campo', 11, '3100302', '2024-01-14 15:15:45', NULL, NULL),
	(1566, 'Acaiaca', 11, '3100401', '2024-01-14 15:15:45', NULL, NULL),
	(1567, 'Açucena', 11, '3100500', '2024-01-14 15:15:45', NULL, NULL),
	(1568, 'Água Boa', 11, '3100609', '2024-01-14 15:15:45', NULL, NULL),
	(1569, 'Água Comprida', 11, '3100708', '2024-01-14 15:15:45', NULL, NULL),
	(1570, 'Aguanil', 11, '3100807', '2024-01-14 15:15:45', NULL, NULL),
	(1571, 'Águas Formosas', 11, '3100906', '2024-01-14 15:15:45', NULL, NULL),
	(1572, 'Águas Vermelhas', 11, '3101003', '2024-01-14 15:15:45', NULL, NULL),
	(1573, 'Aimorés', 11, '3101102', '2024-01-14 15:15:45', NULL, NULL),
	(1574, 'Aiuruoca', 11, '3101201', '2024-01-14 15:15:45', NULL, NULL),
	(1575, 'Alagoa', 11, '3101300', '2024-01-14 15:15:45', NULL, NULL),
	(1576, 'Albertina', 11, '3101409', '2024-01-14 15:15:45', NULL, NULL),
	(1577, 'Além Paraíba', 11, '3101508', '2024-01-14 15:15:45', NULL, NULL),
	(1578, 'Alfenas', 11, '3101607', '2024-01-14 15:15:45', NULL, NULL),
	(1579, 'Alfredo Vasconcelos', 11, '3101631', '2024-01-14 15:15:45', NULL, NULL),
	(1580, 'Almenara', 11, '3101706', '2024-01-14 15:15:45', NULL, NULL),
	(1581, 'Alpercata', 11, '3101805', '2024-01-14 15:15:45', NULL, NULL),
	(1582, 'Alpinópolis', 11, '3101904', '2024-01-14 15:15:45', NULL, NULL),
	(1583, 'Alterosa', 11, '3102001', '2024-01-14 15:15:45', NULL, NULL),
	(1584, 'Alto Caparaó', 11, '3102050', '2024-01-14 15:15:45', NULL, NULL),
	(1585, 'Alto Jequitibá', 11, '3153509', '2024-01-14 15:15:45', NULL, NULL),
	(1586, 'Alto Rio Doce', 11, '3102100', '2024-01-14 15:15:45', NULL, NULL),
	(1587, 'Alvarenga', 11, '3102209', '2024-01-14 15:15:45', NULL, NULL),
	(1588, 'Alvinópolis', 11, '3102308', '2024-01-14 15:15:45', NULL, NULL),
	(1589, 'Alvorada de Minas', 11, '3102407', '2024-01-14 15:15:45', NULL, NULL),
	(1590, 'Amparo do Serra', 11, '3102506', '2024-01-14 15:15:45', NULL, NULL),
	(1591, 'Andradas', 11, '3102605', '2024-01-14 15:15:45', NULL, NULL),
	(1592, 'Andrelândia', 11, '3102803', '2024-01-14 15:15:45', NULL, NULL),
	(1593, 'Angelândia', 11, '3102852', '2024-01-14 15:15:45', NULL, NULL),
	(1594, 'Antônio Carlos', 11, '3102902', '2024-01-14 15:15:45', NULL, NULL),
	(1595, 'Antônio Dias', 11, '3103009', '2024-01-14 15:15:45', NULL, NULL),
	(1596, 'Antônio Prado de Minas', 11, '3103108', '2024-01-14 15:15:45', NULL, NULL),
	(1597, 'Araçaí', 11, '3103207', '2024-01-14 15:15:45', NULL, NULL),
	(1598, 'Aracitaba', 11, '3103306', '2024-01-14 15:15:45', NULL, NULL),
	(1599, 'Araçuaí', 11, '3103405', '2024-01-14 15:15:45', NULL, NULL),
	(1600, 'Araguari', 11, '3103504', '2024-01-14 15:15:45', NULL, NULL),
	(1601, 'Arantina', 11, '3103603', '2024-01-14 15:15:45', NULL, NULL),
	(1602, 'Araponga', 11, '3103702', '2024-01-14 15:15:45', NULL, NULL),
	(1603, 'Araporã', 11, '3103751', '2024-01-14 15:15:45', NULL, NULL),
	(1604, 'Arapuá', 11, '3103801', '2024-01-14 15:15:45', NULL, NULL),
	(1605, 'Araújos', 11, '3103900', '2024-01-14 15:15:45', NULL, NULL),
	(1606, 'Araxá', 11, '3104007', '2024-01-14 15:15:45', NULL, NULL),
	(1607, 'Arceburgo', 11, '3104106', '2024-01-14 15:15:45', NULL, NULL),
	(1608, 'Arcos', 11, '3104205', '2024-01-14 15:15:45', NULL, NULL),
	(1609, 'Areado', 11, '3104304', '2024-01-14 15:15:45', NULL, NULL),
	(1610, 'Argirita', 11, '3104403', '2024-01-14 15:15:45', NULL, NULL),
	(1611, 'Aricanduva', 11, '3104452', '2024-01-14 15:15:45', NULL, NULL),
	(1612, 'Arinos', 11, '3104502', '2024-01-14 15:15:45', NULL, NULL),
	(1613, 'Astolfo Dutra', 11, '3104601', '2024-01-14 15:15:45', NULL, NULL),
	(1614, 'Ataléia', 11, '3104700', '2024-01-14 15:15:45', NULL, NULL),
	(1615, 'Augusto de Lima', 11, '3104809', '2024-01-14 15:15:45', NULL, NULL),
	(1616, 'Baependi', 11, '3104908', '2024-01-14 15:15:45', NULL, NULL),
	(1617, 'Baldim', 11, '3105004', '2024-01-14 15:15:45', NULL, NULL),
	(1618, 'Bambuí', 11, '3105103', '2024-01-14 15:15:45', NULL, NULL),
	(1619, 'Bandeira', 11, '3105202', '2024-01-14 15:15:45', NULL, NULL),
	(1620, 'Bandeira do Sul', 11, '3105301', '2024-01-14 15:15:45', NULL, NULL),
	(1621, 'Barão de Cocais', 11, '3105400', '2024-01-14 15:15:45', NULL, NULL),
	(1622, 'Barão de Monte Alto', 11, '3105509', '2024-01-14 15:15:45', NULL, NULL),
	(1623, 'Barbacena', 11, '3105608', '2024-01-14 15:15:45', NULL, NULL),
	(1624, 'Barra Longa', 11, '3105707', '2024-01-14 15:15:45', NULL, NULL),
	(1625, 'Barroso', 11, '3105905', '2024-01-14 15:15:45', NULL, NULL),
	(1626, 'Bela Vista de Minas', 11, '3106002', '2024-01-14 15:15:45', NULL, NULL),
	(1627, 'Belmiro Braga', 11, '3106101', '2024-01-14 15:15:45', NULL, NULL),
	(1628, 'Belo Horizonte', 11, '3106200', '2024-01-14 15:15:45', NULL, NULL),
	(1629, 'Belo Oriente', 11, '3106309', '2024-01-14 15:15:45', NULL, NULL),
	(1630, 'Belo Vale', 11, '3106408', '2024-01-14 15:15:45', NULL, NULL),
	(1631, 'Berilo', 11, '3106507', '2024-01-14 15:15:45', NULL, NULL),
	(1632, 'Berizal', 11, '3106655', '2024-01-14 15:15:45', NULL, NULL),
	(1633, 'Bertópolis', 11, '3106606', '2024-01-14 15:15:45', NULL, NULL),
	(1634, 'Betim', 11, '3106705', '2024-01-14 15:15:45', NULL, NULL),
	(1635, 'Bias Fortes', 11, '3106804', '2024-01-14 15:15:45', NULL, NULL),
	(1636, 'Bicas', 11, '3106903', '2024-01-14 15:15:45', NULL, NULL),
	(1637, 'Biquinhas', 11, '3107000', '2024-01-14 15:15:45', NULL, NULL),
	(1638, 'Boa Esperança', 11, '3107109', '2024-01-14 15:15:45', NULL, NULL),
	(1639, 'Bocaina de Minas', 11, '3107208', '2024-01-14 15:15:45', NULL, NULL),
	(1640, 'Bocaiúva', 11, '3107307', '2024-01-14 15:15:45', NULL, NULL),
	(1641, 'Bom Despacho', 11, '3107406', '2024-01-14 15:15:45', NULL, NULL),
	(1642, 'Bom Jardim de Minas', 11, '3107505', '2024-01-14 15:15:45', NULL, NULL),
	(1643, 'Bom Jesus da Penha', 11, '3107604', '2024-01-14 15:15:45', NULL, NULL),
	(1644, 'Bom Jesus do Amparo', 11, '3107703', '2024-01-14 15:15:45', NULL, NULL),
	(1645, 'Bom Jesus do Galho', 11, '3107802', '2024-01-14 15:15:45', NULL, NULL),
	(1646, 'Bom Repouso', 11, '3107901', '2024-01-14 15:15:45', NULL, NULL),
	(1647, 'Bom Sucesso', 11, '3108008', '2024-01-14 15:15:45', NULL, NULL),
	(1648, 'Bonfim', 11, '3108107', '2024-01-14 15:15:45', NULL, NULL),
	(1649, 'Bonfinópolis de Minas', 11, '3108206', '2024-01-14 15:15:45', NULL, NULL),
	(1650, 'Bonito de Minas', 11, '3108255', '2024-01-14 15:15:45', NULL, NULL),
	(1651, 'Borda da Mata', 11, '3108305', '2024-01-14 15:15:45', NULL, NULL),
	(1652, 'Botelhos', 11, '3108404', '2024-01-14 15:15:45', NULL, NULL),
	(1653, 'Botumirim', 11, '3108503', '2024-01-14 15:15:45', NULL, NULL),
	(1654, 'Brás Pires', 11, '3108701', '2024-01-14 15:15:45', NULL, NULL),
	(1655, 'Brasilândia de Minas', 11, '3108552', '2024-01-14 15:15:45', NULL, NULL),
	(1656, 'Brasília de Minas', 11, '3108602', '2024-01-14 15:15:45', NULL, NULL),
	(1657, 'Brasópolis', 11, '3108909', '2024-01-14 15:15:45', NULL, NULL),
	(1658, 'Braúnas', 11, '3108800', '2024-01-14 15:15:45', NULL, NULL),
	(1659, 'Brumadinho', 11, '3109006', '2024-01-14 15:15:45', NULL, NULL),
	(1660, 'Bueno Brandão', 11, '3109105', '2024-01-14 15:15:45', NULL, NULL),
	(1661, 'Buenópolis', 11, '3109204', '2024-01-14 15:15:45', NULL, NULL),
	(1662, 'Bugre', 11, '3109253', '2024-01-14 15:15:45', NULL, NULL),
	(1663, 'Buritis', 11, '3109303', '2024-01-14 15:15:45', NULL, NULL),
	(1664, 'Buritizeiro', 11, '3109402', '2024-01-14 15:15:45', NULL, NULL),
	(1665, 'Cabeceira Grande', 11, '3109451', '2024-01-14 15:15:45', NULL, NULL),
	(1666, 'Cabo Verde', 11, '3109501', '2024-01-14 15:15:45', NULL, NULL),
	(1667, 'Cachoeira da Prata', 11, '3109600', '2024-01-14 15:15:45', NULL, NULL),
	(1668, 'Cachoeira de Minas', 11, '3109709', '2024-01-14 15:15:45', NULL, NULL),
	(1669, 'Cachoeira de Pajeú', 11, '3102704', '2024-01-14 15:15:45', NULL, NULL),
	(1670, 'Cachoeira Dourada', 11, '3109808', '2024-01-14 15:15:45', NULL, NULL),
	(1671, 'Caetanópolis', 11, '3109907', '2024-01-14 15:15:45', NULL, NULL),
	(1672, 'Caeté', 11, '3110004', '2024-01-14 15:15:45', NULL, NULL),
	(1673, 'Caiana', 11, '3110103', '2024-01-14 15:15:45', NULL, NULL),
	(1674, 'Cajuri', 11, '3110202', '2024-01-14 15:15:45', NULL, NULL),
	(1675, 'Caldas', 11, '3110301', '2024-01-14 15:15:45', NULL, NULL),
	(1676, 'Camacho', 11, '3110400', '2024-01-14 15:15:45', NULL, NULL),
	(1677, 'Camanducaia', 11, '3110509', '2024-01-14 15:15:45', NULL, NULL),
	(1678, 'Cambuí', 11, '3110608', '2024-01-14 15:15:45', NULL, NULL),
	(1679, 'Cambuquira', 11, '3110707', '2024-01-14 15:15:45', NULL, NULL),
	(1680, 'Campanário', 11, '3110806', '2024-01-14 15:15:45', NULL, NULL),
	(1681, 'Campanha', 11, '3110905', '2024-01-14 15:15:45', NULL, NULL),
	(1682, 'Campestre', 11, '3111002', '2024-01-14 15:15:45', NULL, NULL),
	(1683, 'Campina Verde', 11, '3111101', '2024-01-14 15:15:45', NULL, NULL),
	(1684, 'Campo Azul', 11, '3111150', '2024-01-14 15:15:45', NULL, NULL),
	(1685, 'Campo Belo', 11, '3111200', '2024-01-14 15:15:45', NULL, NULL),
	(1686, 'Campo do Meio', 11, '3111309', '2024-01-14 15:15:45', NULL, NULL),
	(1687, 'Campo Florido', 11, '3111408', '2024-01-14 15:15:45', NULL, NULL),
	(1688, 'Campos Altos', 11, '3111507', '2024-01-14 15:15:45', NULL, NULL),
	(1689, 'Campos Gerais', 11, '3111606', '2024-01-14 15:15:45', NULL, NULL),
	(1690, 'Cana Verde', 11, '3111903', '2024-01-14 15:15:45', NULL, NULL),
	(1691, 'Canaã', 11, '3111705', '2024-01-14 15:15:45', NULL, NULL),
	(1692, 'Canápolis', 11, '3111804', '2024-01-14 15:15:45', NULL, NULL),
	(1693, 'Candeias', 11, '3112000', '2024-01-14 15:15:45', NULL, NULL),
	(1694, 'Cantagalo', 11, '3112059', '2024-01-14 15:15:45', NULL, NULL),
	(1695, 'Caparaó', 11, '3112109', '2024-01-14 15:15:45', NULL, NULL),
	(1696, 'Capela Nova', 11, '3112208', '2024-01-14 15:15:45', NULL, NULL),
	(1697, 'Capelinha', 11, '3112307', '2024-01-14 15:15:45', NULL, NULL),
	(1698, 'Capetinga', 11, '3112406', '2024-01-14 15:15:45', NULL, NULL),
	(1699, 'Capim Branco', 11, '3112505', '2024-01-14 15:15:45', NULL, NULL),
	(1700, 'Capinópolis', 11, '3112604', '2024-01-14 15:15:45', NULL, NULL),
	(1701, 'Capitão Andrade', 11, '3112653', '2024-01-14 15:15:45', NULL, NULL),
	(1702, 'Capitão Enéas', 11, '3112703', '2024-01-14 15:15:45', NULL, NULL),
	(1703, 'Capitólio', 11, '3112802', '2024-01-14 15:15:45', NULL, NULL),
	(1704, 'Caputira', 11, '3112901', '2024-01-14 15:15:45', NULL, NULL),
	(1705, 'Caraí', 11, '3113008', '2024-01-14 15:15:45', NULL, NULL),
	(1706, 'Caranaíba', 11, '3113107', '2024-01-14 15:15:45', NULL, NULL),
	(1707, 'Carandaí', 11, '3113206', '2024-01-14 15:15:45', NULL, NULL),
	(1708, 'Carangola', 11, '3113305', '2024-01-14 15:15:45', NULL, NULL),
	(1709, 'Caratinga', 11, '3113404', '2024-01-14 15:15:45', NULL, NULL),
	(1710, 'Carbonita', 11, '3113503', '2024-01-14 15:15:45', NULL, NULL),
	(1711, 'Careaçu', 11, '3113602', '2024-01-14 15:15:45', NULL, NULL),
	(1712, 'Carlos Chagas', 11, '3113701', '2024-01-14 15:15:45', NULL, NULL),
	(1713, 'Carmésia', 11, '3113800', '2024-01-14 15:15:45', NULL, NULL),
	(1714, 'Carmo da Cachoeira', 11, '3113909', '2024-01-14 15:15:45', NULL, NULL),
	(1715, 'Carmo da Mata', 11, '3114006', '2024-01-14 15:15:45', NULL, NULL),
	(1716, 'Carmo de Minas', 11, '3114105', '2024-01-14 15:15:45', NULL, NULL),
	(1717, 'Carmo do Cajuru', 11, '3114204', '2024-01-14 15:15:45', NULL, NULL),
	(1718, 'Carmo do Paranaíba', 11, '3114303', '2024-01-14 15:15:45', NULL, NULL),
	(1719, 'Carmo do Rio Claro', 11, '3114402', '2024-01-14 15:15:45', NULL, NULL),
	(1720, 'Carmópolis de Minas', 11, '3114501', '2024-01-14 15:15:45', NULL, NULL),
	(1721, 'Carneirinho', 11, '3114550', '2024-01-14 15:15:45', NULL, NULL),
	(1722, 'Carrancas', 11, '3114600', '2024-01-14 15:15:45', NULL, NULL),
	(1723, 'Carvalhópolis', 11, '3114709', '2024-01-14 15:15:45', NULL, NULL),
	(1724, 'Carvalhos', 11, '3114808', '2024-01-14 15:15:45', NULL, NULL),
	(1725, 'Casa Grande', 11, '3114907', '2024-01-14 15:15:45', NULL, NULL),
	(1726, 'Cascalho Rico', 11, '3115003', '2024-01-14 15:15:45', NULL, NULL),
	(1727, 'Cássia', 11, '3115102', '2024-01-14 15:15:45', NULL, NULL),
	(1728, 'Cataguases', 11, '3115300', '2024-01-14 15:15:45', NULL, NULL),
	(1729, 'Catas Altas', 11, '3115359', '2024-01-14 15:15:45', NULL, NULL),
	(1730, 'Catas Altas da Noruega', 11, '3115409', '2024-01-14 15:15:45', NULL, NULL),
	(1731, 'Catuji', 11, '3115458', '2024-01-14 15:15:45', NULL, NULL),
	(1732, 'Catuti', 11, '3115474', '2024-01-14 15:15:45', NULL, NULL),
	(1733, 'Caxambu', 11, '3115508', '2024-01-14 15:15:45', NULL, NULL),
	(1734, 'Cedro do Abaeté', 11, '3115607', '2024-01-14 15:15:45', NULL, NULL),
	(1735, 'Central de Minas', 11, '3115706', '2024-01-14 15:15:45', NULL, NULL),
	(1736, 'Centralina', 11, '3115805', '2024-01-14 15:15:45', NULL, NULL),
	(1737, 'Chácara', 11, '3115904', '2024-01-14 15:15:45', NULL, NULL),
	(1738, 'Chalé', 11, '3116001', '2024-01-14 15:15:45', NULL, NULL),
	(1739, 'Chapada do Norte', 11, '3116100', '2024-01-14 15:15:45', NULL, NULL),
	(1740, 'Chapada Gaúcha', 11, '3116159', '2024-01-14 15:15:45', NULL, NULL),
	(1741, 'Chiador', 11, '3116209', '2024-01-14 15:15:45', NULL, NULL),
	(1742, 'Cipotânea', 11, '3116308', '2024-01-14 15:15:45', NULL, NULL),
	(1743, 'Claraval', 11, '3116407', '2024-01-14 15:15:45', NULL, NULL),
	(1744, 'Claro dos Poções', 11, '3116506', '2024-01-14 15:15:45', NULL, NULL),
	(1745, 'Cláudio', 11, '3116605', '2024-01-14 15:15:45', NULL, NULL),
	(1746, 'Coimbra', 11, '3116704', '2024-01-14 15:15:45', NULL, NULL),
	(1747, 'Coluna', 11, '3116803', '2024-01-14 15:15:45', NULL, NULL),
	(1748, 'Comendador Gomes', 11, '3116902', '2024-01-14 15:15:45', NULL, NULL),
	(1749, 'Comercinho', 11, '3117009', '2024-01-14 15:15:45', NULL, NULL),
	(1750, 'Conceição da Aparecida', 11, '3117108', '2024-01-14 15:15:45', NULL, NULL),
	(1751, 'Conceição da Barra de Minas', 11, '3115201', '2024-01-14 15:15:45', NULL, NULL),
	(1752, 'Conceição das Alagoas', 11, '3117306', '2024-01-14 15:15:45', NULL, NULL),
	(1753, 'Conceição das Pedras', 11, '3117207', '2024-01-14 15:15:45', NULL, NULL),
	(1754, 'Conceição de Ipanema', 11, '3117405', '2024-01-14 15:15:45', NULL, NULL),
	(1755, 'Conceição do Mato Dentro', 11, '3117504', '2024-01-14 15:15:45', NULL, NULL),
	(1756, 'Conceição do Pará', 11, '3117603', '2024-01-14 15:15:45', NULL, NULL),
	(1757, 'Conceição do Rio Verde', 11, '3117702', '2024-01-14 15:15:45', NULL, NULL),
	(1758, 'Conceição dos Ouros', 11, '3117801', '2024-01-14 15:15:45', NULL, NULL),
	(1759, 'Cônego Marinho', 11, '3117836', '2024-01-14 15:15:45', NULL, NULL),
	(1760, 'Confins', 11, '3117876', '2024-01-14 15:15:45', NULL, NULL),
	(1761, 'Congonhal', 11, '3117900', '2024-01-14 15:15:45', NULL, NULL),
	(1762, 'Congonhas', 11, '3118007', '2024-01-14 15:15:45', NULL, NULL),
	(1763, 'Congonhas do Norte', 11, '3118106', '2024-01-14 15:15:45', NULL, NULL),
	(1764, 'Conquista', 11, '3118205', '2024-01-14 15:15:45', NULL, NULL),
	(1765, 'Conselheiro Lafaiete', 11, '3118304', '2024-01-14 15:15:45', NULL, NULL),
	(1766, 'Conselheiro Pena', 11, '3118403', '2024-01-14 15:15:45', NULL, NULL),
	(1767, 'Consolação', 11, '3118502', '2024-01-14 15:15:45', NULL, NULL),
	(1768, 'Contagem', 11, '3118601', '2024-01-14 15:15:45', NULL, NULL),
	(1769, 'Coqueiral', 11, '3118700', '2024-01-14 15:15:46', NULL, NULL),
	(1770, 'Coração de Jesus', 11, '3118809', '2024-01-14 15:15:46', NULL, NULL),
	(1771, 'Cordisburgo', 11, '3118908', '2024-01-14 15:15:46', NULL, NULL),
	(1772, 'Cordislândia', 11, '3119005', '2024-01-14 15:15:46', NULL, NULL),
	(1773, 'Corinto', 11, '3119104', '2024-01-14 15:15:46', NULL, NULL),
	(1774, 'Coroaci', 11, '3119203', '2024-01-14 15:15:46', NULL, NULL),
	(1775, 'Coromandel', 11, '3119302', '2024-01-14 15:15:46', NULL, NULL),
	(1776, 'Coronel Fabriciano', 11, '3119401', '2024-01-14 15:15:46', NULL, NULL),
	(1777, 'Coronel Murta', 11, '3119500', '2024-01-14 15:15:46', NULL, NULL),
	(1778, 'Coronel Pacheco', 11, '3119609', '2024-01-14 15:15:46', NULL, NULL),
	(1779, 'Coronel Xavier Chaves', 11, '3119708', '2024-01-14 15:15:46', NULL, NULL),
	(1780, 'Córrego Danta', 11, '3119807', '2024-01-14 15:15:46', NULL, NULL),
	(1781, 'Córrego do Bom Jesus', 11, '3119906', '2024-01-14 15:15:46', NULL, NULL),
	(1782, 'Córrego Fundo', 11, '3119955', '2024-01-14 15:15:46', NULL, NULL),
	(1783, 'Córrego Novo', 11, '3120003', '2024-01-14 15:15:46', NULL, NULL),
	(1784, 'Couto de Magalhães de Minas', 11, '3120102', '2024-01-14 15:15:46', NULL, NULL),
	(1785, 'Crisólita', 11, '3120151', '2024-01-14 15:15:46', NULL, NULL),
	(1786, 'Cristais', 11, '3120201', '2024-01-14 15:15:46', NULL, NULL),
	(1787, 'Cristália', 11, '3120300', '2024-01-14 15:15:46', NULL, NULL),
	(1788, 'Cristiano Otoni', 11, '3120409', '2024-01-14 15:15:46', NULL, NULL),
	(1789, 'Cristina', 11, '3120508', '2024-01-14 15:15:46', NULL, NULL),
	(1790, 'Crucilândia', 11, '3120607', '2024-01-14 15:15:46', NULL, NULL),
	(1791, 'Cruzeiro da Fortaleza', 11, '3120706', '2024-01-14 15:15:46', NULL, NULL),
	(1792, 'Cruzília', 11, '3120805', '2024-01-14 15:15:46', NULL, NULL),
	(1793, 'Cuparaque', 11, '3120839', '2024-01-14 15:15:46', NULL, NULL),
	(1794, 'Curral de Dentro', 11, '3120870', '2024-01-14 15:15:46', NULL, NULL),
	(1795, 'Curvelo', 11, '3120904', '2024-01-14 15:15:46', NULL, NULL),
	(1796, 'Datas', 11, '3121001', '2024-01-14 15:15:46', NULL, NULL),
	(1797, 'Delfim Moreira', 11, '3121100', '2024-01-14 15:15:46', NULL, NULL),
	(1798, 'Delfinópolis', 11, '3121209', '2024-01-14 15:15:46', NULL, NULL),
	(1799, 'Delta', 11, '3121258', '2024-01-14 15:15:46', NULL, NULL),
	(1800, 'Descoberto', 11, '3121308', '2024-01-14 15:15:46', NULL, NULL),
	(1801, 'Desterro de Entre Rios', 11, '3121407', '2024-01-14 15:15:46', NULL, NULL),
	(1802, 'Desterro do Melo', 11, '3121506', '2024-01-14 15:15:46', NULL, NULL),
	(1803, 'Diamantina', 11, '3121605', '2024-01-14 15:15:46', NULL, NULL),
	(1804, 'Diogo de Vasconcelos', 11, '3121704', '2024-01-14 15:15:46', NULL, NULL),
	(1805, 'Dionísio', 11, '3121803', '2024-01-14 15:15:46', NULL, NULL),
	(1806, 'Divinésia', 11, '3121902', '2024-01-14 15:15:46', NULL, NULL),
	(1807, 'Divino', 11, '3122009', '2024-01-14 15:15:46', NULL, NULL),
	(1808, 'Divino das Laranjeiras', 11, '3122108', '2024-01-14 15:15:46', NULL, NULL),
	(1809, 'Divinolândia de Minas', 11, '3122207', '2024-01-14 15:15:46', NULL, NULL),
	(1810, 'Divinópolis', 11, '3122306', '2024-01-14 15:15:46', NULL, NULL),
	(1811, 'Divisa Alegre', 11, '3122355', '2024-01-14 15:15:46', NULL, NULL),
	(1812, 'Divisa Nova', 11, '3122405', '2024-01-14 15:15:46', NULL, NULL),
	(1813, 'Divisópolis', 11, '3122454', '2024-01-14 15:15:46', NULL, NULL),
	(1814, 'Dom Bosco', 11, '3122470', '2024-01-14 15:15:46', NULL, NULL),
	(1815, 'Dom Cavati', 11, '3122504', '2024-01-14 15:15:46', NULL, NULL),
	(1816, 'Dom Joaquim', 11, '3122603', '2024-01-14 15:15:46', NULL, NULL),
	(1817, 'Dom Silvério', 11, '3122702', '2024-01-14 15:15:46', NULL, NULL),
	(1818, 'Dom Viçoso', 11, '3122801', '2024-01-14 15:15:46', NULL, NULL),
	(1819, 'Dona Eusébia', 11, '3122900', '2024-01-14 15:15:46', NULL, NULL),
	(1820, 'Dores de Campos', 11, '3123007', '2024-01-14 15:15:46', NULL, NULL),
	(1821, 'Dores de Guanhães', 11, '3123106', '2024-01-14 15:15:46', NULL, NULL),
	(1822, 'Dores do Indaiá', 11, '3123205', '2024-01-14 15:15:46', NULL, NULL),
	(1823, 'Dores do Turvo', 11, '3123304', '2024-01-14 15:15:46', NULL, NULL),
	(1824, 'Doresópolis', 11, '3123403', '2024-01-14 15:15:46', NULL, NULL),
	(1825, 'Douradoquara', 11, '3123502', '2024-01-14 15:15:46', NULL, NULL),
	(1826, 'Durandé', 11, '3123528', '2024-01-14 15:15:46', NULL, NULL),
	(1827, 'Elói Mendes', 11, '3123601', '2024-01-14 15:15:46', NULL, NULL),
	(1828, 'Engenheiro Caldas', 11, '3123700', '2024-01-14 15:15:46', NULL, NULL),
	(1829, 'Engenheiro Navarro', 11, '3123809', '2024-01-14 15:15:46', NULL, NULL),
	(1830, 'Entre Folhas', 11, '3123858', '2024-01-14 15:15:46', NULL, NULL),
	(1831, 'Entre Rios de Minas', 11, '3123908', '2024-01-14 15:15:46', NULL, NULL),
	(1832, 'Ervália', 11, '3124005', '2024-01-14 15:15:46', NULL, NULL),
	(1833, 'Esmeraldas', 11, '3124104', '2024-01-14 15:15:46', NULL, NULL),
	(1834, 'Espera Feliz', 11, '3124203', '2024-01-14 15:15:46', NULL, NULL),
	(1835, 'Espinosa', 11, '3124302', '2024-01-14 15:15:46', NULL, NULL),
	(1836, 'Espírito Santo do Dourado', 11, '3124401', '2024-01-14 15:15:46', NULL, NULL),
	(1837, 'Estiva', 11, '3124500', '2024-01-14 15:15:46', NULL, NULL),
	(1838, 'Estrela Dalva', 11, '3124609', '2024-01-14 15:15:46', NULL, NULL),
	(1839, 'Estrela do Indaiá', 11, '3124708', '2024-01-14 15:15:46', NULL, NULL),
	(1840, 'Estrela do Sul', 11, '3124807', '2024-01-14 15:15:46', NULL, NULL),
	(1841, 'Eugenópolis', 11, '3124906', '2024-01-14 15:15:46', NULL, NULL),
	(1842, 'Ewbank da Câmara', 11, '3125002', '2024-01-14 15:15:46', NULL, NULL),
	(1843, 'Extrema', 11, '3125101', '2024-01-14 15:15:46', NULL, NULL),
	(1844, 'Fama', 11, '3125200', '2024-01-14 15:15:46', NULL, NULL),
	(1845, 'Faria Lemos', 11, '3125309', '2024-01-14 15:15:46', NULL, NULL),
	(1846, 'Felício dos Santos', 11, '3125408', '2024-01-14 15:15:46', NULL, NULL),
	(1847, 'Felisburgo', 11, '3125606', '2024-01-14 15:15:46', NULL, NULL),
	(1848, 'Felixlândia', 11, '3125705', '2024-01-14 15:15:46', NULL, NULL),
	(1849, 'Fernandes Tourinho', 11, '3125804', '2024-01-14 15:15:46', NULL, NULL),
	(1850, 'Ferros', 11, '3125903', '2024-01-14 15:15:46', NULL, NULL),
	(1851, 'Fervedouro', 11, '3125952', '2024-01-14 15:15:46', NULL, NULL),
	(1852, 'Florestal', 11, '3126000', '2024-01-14 15:15:46', NULL, NULL),
	(1853, 'Formiga', 11, '3126109', '2024-01-14 15:15:46', NULL, NULL),
	(1854, 'Formoso', 11, '3126208', '2024-01-14 15:15:46', NULL, NULL),
	(1855, 'Fortaleza de Minas', 11, '3126307', '2024-01-14 15:15:46', NULL, NULL),
	(1856, 'Fortuna de Minas', 11, '3126406', '2024-01-14 15:15:46', NULL, NULL),
	(1857, 'Francisco Badaró', 11, '3126505', '2024-01-14 15:15:46', NULL, NULL),
	(1858, 'Francisco Dumont', 11, '3126604', '2024-01-14 15:15:46', NULL, NULL),
	(1859, 'Francisco Sá', 11, '3126703', '2024-01-14 15:15:46', NULL, NULL),
	(1860, 'Franciscópolis', 11, '3126752', '2024-01-14 15:15:46', NULL, NULL),
	(1861, 'Frei Gaspar', 11, '3126802', '2024-01-14 15:15:46', NULL, NULL),
	(1862, 'Frei Inocêncio', 11, '3126901', '2024-01-14 15:15:46', NULL, NULL),
	(1863, 'Frei Lagonegro', 11, '3126950', '2024-01-14 15:15:46', NULL, NULL),
	(1864, 'Fronteira', 11, '3127008', '2024-01-14 15:15:46', NULL, NULL),
	(1865, 'Fronteira dos Vales', 11, '3127057', '2024-01-14 15:15:46', NULL, NULL),
	(1866, 'Fruta de Leite', 11, '3127073', '2024-01-14 15:15:46', NULL, NULL),
	(1867, 'Frutal', 11, '3127107', '2024-01-14 15:15:46', NULL, NULL),
	(1868, 'Funilândia', 11, '3127206', '2024-01-14 15:15:46', NULL, NULL),
	(1869, 'Galiléia', 11, '3127305', '2024-01-14 15:15:46', NULL, NULL),
	(1870, 'Gameleiras', 11, '3127339', '2024-01-14 15:15:46', NULL, NULL),
	(1871, 'Glaucilândia', 11, '3127354', '2024-01-14 15:15:46', NULL, NULL),
	(1872, 'Goiabeira', 11, '3127370', '2024-01-14 15:15:46', NULL, NULL),
	(1873, 'Goianá', 11, '3127388', '2024-01-14 15:15:46', NULL, NULL),
	(1874, 'Gonçalves', 11, '3127404', '2024-01-14 15:15:46', NULL, NULL),
	(1875, 'Gonzaga', 11, '3127503', '2024-01-14 15:15:46', NULL, NULL),
	(1876, 'Gouveia', 11, '3127602', '2024-01-14 15:15:46', NULL, NULL),
	(1877, 'Governador Valadares', 11, '3127701', '2024-01-14 15:15:46', NULL, NULL),
	(1878, 'Grão Mogol', 11, '3127800', '2024-01-14 15:15:46', NULL, NULL),
	(1879, 'Grupiara', 11, '3127909', '2024-01-14 15:15:46', NULL, NULL),
	(1880, 'Guanhães', 11, '3128006', '2024-01-14 15:15:46', NULL, NULL),
	(1881, 'Guapé', 11, '3128105', '2024-01-14 15:15:46', NULL, NULL),
	(1882, 'Guaraciaba', 11, '3128204', '2024-01-14 15:15:46', NULL, NULL),
	(1883, 'Guaraciama', 11, '3128253', '2024-01-14 15:15:46', NULL, NULL),
	(1884, 'Guaranésia', 11, '3128303', '2024-01-14 15:15:46', NULL, NULL),
	(1885, 'Guarani', 11, '3128402', '2024-01-14 15:15:46', NULL, NULL),
	(1886, 'Guarará', 11, '3128501', '2024-01-14 15:15:46', NULL, NULL),
	(1887, 'Guarda-Mor', 11, '3128600', '2024-01-14 15:15:46', NULL, NULL),
	(1888, 'Guaxupé', 11, '3128709', '2024-01-14 15:15:46', NULL, NULL),
	(1889, 'Guidoval', 11, '3128808', '2024-01-14 15:15:46', NULL, NULL),
	(1890, 'Guimarânia', 11, '3128907', '2024-01-14 15:15:46', NULL, NULL),
	(1891, 'Guiricema', 11, '3129004', '2024-01-14 15:15:46', NULL, NULL),
	(1892, 'Gurinhatã', 11, '3129103', '2024-01-14 15:15:46', NULL, NULL),
	(1893, 'Heliodora', 11, '3129202', '2024-01-14 15:15:46', NULL, NULL),
	(1894, 'Iapu', 11, '3129301', '2024-01-14 15:15:46', NULL, NULL),
	(1895, 'Ibertioga', 11, '3129400', '2024-01-14 15:15:46', NULL, NULL),
	(1896, 'Ibiá', 11, '3129509', '2024-01-14 15:15:46', NULL, NULL),
	(1897, 'Ibiaí', 11, '3129608', '2024-01-14 15:15:46', NULL, NULL),
	(1898, 'Ibiracatu', 11, '3129657', '2024-01-14 15:15:46', NULL, NULL),
	(1899, 'Ibiraci', 11, '3129707', '2024-01-14 15:15:46', NULL, NULL),
	(1900, 'Ibirité', 11, '3129806', '2024-01-14 15:15:46', NULL, NULL),
	(1901, 'Ibitiúra de Minas', 11, '3129905', '2024-01-14 15:15:46', NULL, NULL),
	(1902, 'Ibituruna', 11, '3130002', '2024-01-14 15:15:46', NULL, NULL),
	(1903, 'Icaraí de Minas', 11, '3130051', '2024-01-14 15:15:46', NULL, NULL),
	(1904, 'Igarapé', 11, '3130101', '2024-01-14 15:15:46', NULL, NULL),
	(1905, 'Igaratinga', 11, '3130200', '2024-01-14 15:15:46', NULL, NULL),
	(1906, 'Iguatama', 11, '3130309', '2024-01-14 15:15:46', NULL, NULL),
	(1907, 'Ijaci', 11, '3130408', '2024-01-14 15:15:46', NULL, NULL),
	(1908, 'Ilicínea', 11, '3130507', '2024-01-14 15:15:46', NULL, NULL),
	(1909, 'Imbé de Minas', 11, '3130556', '2024-01-14 15:15:46', NULL, NULL),
	(1910, 'Inconfidentes', 11, '3130606', '2024-01-14 15:15:46', NULL, NULL),
	(1911, 'Indaiabira', 11, '3130655', '2024-01-14 15:15:46', NULL, NULL),
	(1912, 'Indianópolis', 11, '3130705', '2024-01-14 15:15:46', NULL, NULL),
	(1913, 'Ingaí', 11, '3130804', '2024-01-14 15:15:46', NULL, NULL),
	(1914, 'Inhapim', 11, '3130903', '2024-01-14 15:15:46', NULL, NULL),
	(1915, 'Inhaúma', 11, '3131000', '2024-01-14 15:15:46', NULL, NULL),
	(1916, 'Inimutaba', 11, '3131109', '2024-01-14 15:15:46', NULL, NULL),
	(1917, 'Ipaba', 11, '3131158', '2024-01-14 15:15:46', NULL, NULL),
	(1918, 'Ipanema', 11, '3131208', '2024-01-14 15:15:46', NULL, NULL),
	(1919, 'Ipatinga', 11, '3131307', '2024-01-14 15:15:46', NULL, NULL),
	(1920, 'Ipiaçu', 11, '3131406', '2024-01-14 15:15:46', NULL, NULL),
	(1921, 'Ipuiúna', 11, '3131505', '2024-01-14 15:15:46', NULL, NULL),
	(1922, 'Iraí de Minas', 11, '3131604', '2024-01-14 15:15:46', NULL, NULL),
	(1923, 'Itabira', 11, '3131703', '2024-01-14 15:15:46', NULL, NULL),
	(1924, 'Itabirito', 11, '3131901', '2024-01-14 15:15:46', NULL, NULL),
	(1925, 'Itacambira', 11, '3132008', '2024-01-14 15:15:46', NULL, NULL),
	(1926, 'Itacarambi', 11, '3132107', '2024-01-14 15:15:46', NULL, NULL),
	(1927, 'Itaguara', 11, '3132206', '2024-01-14 15:15:46', NULL, NULL),
	(1928, 'Itaipé', 11, '3132305', '2024-01-14 15:15:46', NULL, NULL),
	(1929, 'Itajubá', 11, '3132404', '2024-01-14 15:15:46', NULL, NULL),
	(1930, 'Itamarandiba', 11, '3132503', '2024-01-14 15:15:46', NULL, NULL),
	(1931, 'Itamarati de Minas', 11, '3132602', '2024-01-14 15:15:46', NULL, NULL),
	(1932, 'Itambacuri', 11, '3132701', '2024-01-14 15:15:46', NULL, NULL),
	(1933, 'Itambé do Mato Dentro', 11, '3132800', '2024-01-14 15:15:46', NULL, NULL),
	(1934, 'Itamogi', 11, '3132909', '2024-01-14 15:15:46', NULL, NULL),
	(1935, 'Itamonte', 11, '3133006', '2024-01-14 15:15:46', NULL, NULL),
	(1936, 'Itanhandu', 11, '3133105', '2024-01-14 15:15:46', NULL, NULL),
	(1937, 'Itanhomi', 11, '3133204', '2024-01-14 15:15:46', NULL, NULL),
	(1938, 'Itaobim', 11, '3133303', '2024-01-14 15:15:46', NULL, NULL),
	(1939, 'Itapagipe', 11, '3133402', '2024-01-14 15:15:46', NULL, NULL),
	(1940, 'Itapecerica', 11, '3133501', '2024-01-14 15:15:46', NULL, NULL),
	(1941, 'Itapeva', 11, '3133600', '2024-01-14 15:15:46', NULL, NULL),
	(1942, 'Itatiaiuçu', 11, '3133709', '2024-01-14 15:15:46', NULL, NULL),
	(1943, 'Itaú de Minas', 11, '3133758', '2024-01-14 15:15:46', NULL, NULL),
	(1944, 'Itaúna', 11, '3133808', '2024-01-14 15:15:46', NULL, NULL),
	(1945, 'Itaverava', 11, '3133907', '2024-01-14 15:15:46', NULL, NULL),
	(1946, 'Itinga', 11, '3134004', '2024-01-14 15:15:46', NULL, NULL),
	(1947, 'Itueta', 11, '3134103', '2024-01-14 15:15:46', NULL, NULL),
	(1948, 'Ituiutaba', 11, '3134202', '2024-01-14 15:15:46', NULL, NULL),
	(1949, 'Itumirim', 11, '3134301', '2024-01-14 15:15:46', NULL, NULL),
	(1950, 'Iturama', 11, '3134400', '2024-01-14 15:15:46', NULL, NULL),
	(1951, 'Itutinga', 11, '3134509', '2024-01-14 15:15:46', NULL, NULL),
	(1952, 'Jaboticatubas', 11, '3134608', '2024-01-14 15:15:46', NULL, NULL),
	(1953, 'Jacinto', 11, '3134707', '2024-01-14 15:15:46', NULL, NULL),
	(1954, 'Jacuí', 11, '3134806', '2024-01-14 15:15:46', NULL, NULL),
	(1955, 'Jacutinga', 11, '3134905', '2024-01-14 15:15:46', NULL, NULL),
	(1956, 'Jaguaraçu', 11, '3135001', '2024-01-14 15:15:46', NULL, NULL),
	(1957, 'Jaíba', 11, '3135050', '2024-01-14 15:15:46', NULL, NULL),
	(1958, 'Jampruca', 11, '3135076', '2024-01-14 15:15:46', NULL, NULL),
	(1959, 'Janaúba', 11, '3135100', '2024-01-14 15:15:46', NULL, NULL),
	(1960, 'Januária', 11, '3135209', '2024-01-14 15:15:46', NULL, NULL),
	(1961, 'Japaraíba', 11, '3135308', '2024-01-14 15:15:46', NULL, NULL),
	(1962, 'Japonvar', 11, '3135357', '2024-01-14 15:15:46', NULL, NULL),
	(1963, 'Jeceaba', 11, '3135407', '2024-01-14 15:15:46', NULL, NULL),
	(1964, 'Jenipapo de Minas', 11, '3135456', '2024-01-14 15:15:46', NULL, NULL),
	(1965, 'Jequeri', 11, '3135506', '2024-01-14 15:15:46', NULL, NULL),
	(1966, 'Jequitaí', 11, '3135605', '2024-01-14 15:15:46', NULL, NULL),
	(1967, 'Jequitibá', 11, '3135704', '2024-01-14 15:15:46', NULL, NULL),
	(1968, 'Jequitinhonha', 11, '3135803', '2024-01-14 15:15:46', NULL, NULL),
	(1969, 'Jesuânia', 11, '3135902', '2024-01-14 15:15:46', NULL, NULL),
	(1970, 'Joaíma', 11, '3136009', '2024-01-14 15:15:46', NULL, NULL),
	(1971, 'Joanésia', 11, '3136108', '2024-01-14 15:15:46', NULL, NULL),
	(1972, 'João Monlevade', 11, '3136207', '2024-01-14 15:15:46', NULL, NULL),
	(1973, 'João Pinheiro', 11, '3136306', '2024-01-14 15:15:46', NULL, NULL),
	(1974, 'Joaquim Felício', 11, '3136405', '2024-01-14 15:15:46', NULL, NULL),
	(1975, 'Jordânia', 11, '3136504', '2024-01-14 15:15:46', NULL, NULL),
	(1976, 'José Gonçalves de Minas', 11, '3136520', '2024-01-14 15:15:46', NULL, NULL),
	(1977, 'José Raydan', 11, '3136553', '2024-01-14 15:15:46', NULL, NULL),
	(1978, 'Josenópolis', 11, '3136579', '2024-01-14 15:15:46', NULL, NULL),
	(1979, 'Juatuba', 11, '3136652', '2024-01-14 15:15:46', NULL, NULL),
	(1980, 'Juiz de Fora', 11, '3136702', '2024-01-14 15:15:46', NULL, NULL),
	(1981, 'Juramento', 11, '3136801', '2024-01-14 15:15:46', NULL, NULL),
	(1982, 'Juruaia', 11, '3136900', '2024-01-14 15:15:46', NULL, NULL),
	(1983, 'Juvenília', 11, '3136959', '2024-01-14 15:15:46', NULL, NULL),
	(1984, 'Ladainha', 11, '3137007', '2024-01-14 15:15:46', NULL, NULL),
	(1985, 'Lagamar', 11, '3137106', '2024-01-14 15:15:46', NULL, NULL),
	(1986, 'Lagoa da Prata', 11, '3137205', '2024-01-14 15:15:46', NULL, NULL),
	(1987, 'Lagoa dos Patos', 11, '3137304', '2024-01-14 15:15:46', NULL, NULL),
	(1988, 'Lagoa Dourada', 11, '3137403', '2024-01-14 15:15:46', NULL, NULL),
	(1989, 'Lagoa Formosa', 11, '3137502', '2024-01-14 15:15:46', NULL, NULL),
	(1990, 'Lagoa Grande', 11, '3137536', '2024-01-14 15:15:46', NULL, NULL),
	(1991, 'Lagoa Santa', 11, '3137601', '2024-01-14 15:15:46', NULL, NULL),
	(1992, 'Lajinha', 11, '3137700', '2024-01-14 15:15:46', NULL, NULL),
	(1993, 'Lambari', 11, '3137809', '2024-01-14 15:15:46', NULL, NULL),
	(1994, 'Lamim', 11, '3137908', '2024-01-14 15:15:46', NULL, NULL),
	(1995, 'Laranjal', 11, '3138005', '2024-01-14 15:15:46', NULL, NULL),
	(1996, 'Lassance', 11, '3138104', '2024-01-14 15:15:46', NULL, NULL),
	(1997, 'Lavras', 11, '3138203', '2024-01-14 15:15:46', NULL, NULL),
	(1998, 'Leandro Ferreira', 11, '3138302', '2024-01-14 15:15:46', NULL, NULL),
	(1999, 'Leme do Prado', 11, '3138351', '2024-01-14 15:15:46', NULL, NULL),
	(2000, 'Leopoldina', 11, '3138401', '2024-01-14 15:15:46', NULL, NULL),
	(2001, 'Liberdade', 11, '3138500', '2024-01-14 15:15:46', NULL, NULL),
	(2002, 'Lima Duarte', 11, '3138609', '2024-01-14 15:15:46', NULL, NULL),
	(2003, 'Limeira do Oeste', 11, '3138625', '2024-01-14 15:15:46', NULL, NULL),
	(2004, 'Lontra', 11, '3138658', '2024-01-14 15:15:46', NULL, NULL),
	(2005, 'Luisburgo', 11, '3138674', '2024-01-14 15:15:46', NULL, NULL),
	(2006, 'Luislândia', 11, '3138682', '2024-01-14 15:15:46', NULL, NULL),
	(2007, 'Luminárias', 11, '3138708', '2024-01-14 15:15:46', NULL, NULL),
	(2008, 'Luz', 11, '3138807', '2024-01-14 15:15:46', NULL, NULL),
	(2009, 'Machacalis', 11, '3138906', '2024-01-14 15:15:46', NULL, NULL),
	(2010, 'Machado', 11, '3139003', '2024-01-14 15:15:46', NULL, NULL),
	(2011, 'Madre de Deus de Minas', 11, '3139102', '2024-01-14 15:15:47', NULL, NULL),
	(2012, 'Malacacheta', 11, '3139201', '2024-01-14 15:15:47', NULL, NULL),
	(2013, 'Mamonas', 11, '3139250', '2024-01-14 15:15:47', NULL, NULL),
	(2014, 'Manga', 11, '3139300', '2024-01-14 15:15:47', NULL, NULL),
	(2015, 'Manhuaçu', 11, '3139409', '2024-01-14 15:15:47', NULL, NULL),
	(2016, 'Manhumirim', 11, '3139508', '2024-01-14 15:15:47', NULL, NULL),
	(2017, 'Mantena', 11, '3139607', '2024-01-14 15:15:47', NULL, NULL),
	(2018, 'Mar de Espanha', 11, '3139805', '2024-01-14 15:15:47', NULL, NULL),
	(2019, 'Maravilhas', 11, '3139706', '2024-01-14 15:15:47', NULL, NULL),
	(2020, 'Maria da Fé', 11, '3139904', '2024-01-14 15:15:47', NULL, NULL),
	(2021, 'Mariana', 11, '3140001', '2024-01-14 15:15:47', NULL, NULL),
	(2022, 'Marilac', 11, '3140100', '2024-01-14 15:15:47', NULL, NULL),
	(2023, 'Mário Campos', 11, '3140159', '2024-01-14 15:15:47', NULL, NULL),
	(2024, 'Maripá de Minas', 11, '3140209', '2024-01-14 15:15:47', NULL, NULL),
	(2025, 'Marliéria', 11, '3140308', '2024-01-14 15:15:47', NULL, NULL),
	(2026, 'Marmelópolis', 11, '3140407', '2024-01-14 15:15:47', NULL, NULL),
	(2027, 'Martinho Campos', 11, '3140506', '2024-01-14 15:15:47', NULL, NULL),
	(2028, 'Martins Soares', 11, '3140530', '2024-01-14 15:15:47', NULL, NULL),
	(2029, 'Mata Verde', 11, '3140555', '2024-01-14 15:15:47', NULL, NULL),
	(2030, 'Materlândia', 11, '3140605', '2024-01-14 15:15:47', NULL, NULL),
	(2031, 'Mateus Leme', 11, '3140704', '2024-01-14 15:15:47', NULL, NULL),
	(2032, 'Mathias Lobato', 11, '3171501', '2024-01-14 15:15:47', NULL, NULL),
	(2033, 'Matias Barbosa', 11, '3140803', '2024-01-14 15:15:47', NULL, NULL),
	(2034, 'Matias Cardoso', 11, '3140852', '2024-01-14 15:15:47', NULL, NULL),
	(2035, 'Matipó', 11, '3140902', '2024-01-14 15:15:47', NULL, NULL),
	(2036, 'Mato Verde', 11, '3141009', '2024-01-14 15:15:47', NULL, NULL),
	(2037, 'Matozinhos', 11, '3141108', '2024-01-14 15:15:47', NULL, NULL),
	(2038, 'Matutina', 11, '3141207', '2024-01-14 15:15:47', NULL, NULL),
	(2039, 'Medeiros', 11, '3141306', '2024-01-14 15:15:47', NULL, NULL),
	(2040, 'Medina', 11, '3141405', '2024-01-14 15:15:47', NULL, NULL),
	(2041, 'Mendes Pimentel', 11, '3141504', '2024-01-14 15:15:47', NULL, NULL),
	(2042, 'Mercês', 11, '3141603', '2024-01-14 15:15:47', NULL, NULL),
	(2043, 'Mesquita', 11, '3141702', '2024-01-14 15:15:47', NULL, NULL),
	(2044, 'Minas Novas', 11, '3141801', '2024-01-14 15:15:47', NULL, NULL),
	(2045, 'Minduri', 11, '3141900', '2024-01-14 15:15:47', NULL, NULL),
	(2046, 'Mirabela', 11, '3142007', '2024-01-14 15:15:47', NULL, NULL),
	(2047, 'Miradouro', 11, '3142106', '2024-01-14 15:15:47', NULL, NULL),
	(2048, 'Miraí', 11, '3142205', '2024-01-14 15:15:47', NULL, NULL),
	(2049, 'Miravânia', 11, '3142254', '2024-01-14 15:15:47', NULL, NULL),
	(2050, 'Moeda', 11, '3142304', '2024-01-14 15:15:47', NULL, NULL),
	(2051, 'Moema', 11, '3142403', '2024-01-14 15:15:47', NULL, NULL),
	(2052, 'Monjolos', 11, '3142502', '2024-01-14 15:15:47', NULL, NULL),
	(2053, 'Monsenhor Paulo', 11, '3142601', '2024-01-14 15:15:47', NULL, NULL),
	(2054, 'Montalvânia', 11, '3142700', '2024-01-14 15:15:47', NULL, NULL),
	(2055, 'Monte Alegre de Minas', 11, '3142809', '2024-01-14 15:15:47', NULL, NULL),
	(2056, 'Monte Azul', 11, '3142908', '2024-01-14 15:15:47', NULL, NULL),
	(2057, 'Monte Belo', 11, '3143005', '2024-01-14 15:15:47', NULL, NULL),
	(2058, 'Monte Carmelo', 11, '3143104', '2024-01-14 15:15:47', NULL, NULL),
	(2059, 'Monte Formoso', 11, '3143153', '2024-01-14 15:15:47', NULL, NULL),
	(2060, 'Monte Santo de Minas', 11, '3143203', '2024-01-14 15:15:47', NULL, NULL),
	(2061, 'Monte Sião', 11, '3143401', '2024-01-14 15:15:47', NULL, NULL),
	(2062, 'Montes Claros', 11, '3143302', '2024-01-14 15:15:47', NULL, NULL),
	(2063, 'Montezuma', 11, '3143450', '2024-01-14 15:15:47', NULL, NULL),
	(2064, 'Morada Nova de Minas', 11, '3143500', '2024-01-14 15:15:47', NULL, NULL),
	(2065, 'Morro da Garça', 11, '3143609', '2024-01-14 15:15:47', NULL, NULL),
	(2066, 'Morro do Pilar', 11, '3143708', '2024-01-14 15:15:47', NULL, NULL),
	(2067, 'Munhoz', 11, '3143807', '2024-01-14 15:15:47', NULL, NULL),
	(2068, 'Muriaé', 11, '3143906', '2024-01-14 15:15:47', NULL, NULL),
	(2069, 'Mutum', 11, '3144003', '2024-01-14 15:15:47', NULL, NULL),
	(2070, 'Muzambinho', 11, '3144102', '2024-01-14 15:15:47', NULL, NULL),
	(2071, 'Nacip Raydan', 11, '3144201', '2024-01-14 15:15:47', NULL, NULL),
	(2072, 'Nanuque', 11, '3144300', '2024-01-14 15:15:47', NULL, NULL),
	(2073, 'Naque', 11, '3144359', '2024-01-14 15:15:47', NULL, NULL),
	(2074, 'Natalândia', 11, '3144375', '2024-01-14 15:15:47', NULL, NULL),
	(2075, 'Natércia', 11, '3144409', '2024-01-14 15:15:47', NULL, NULL),
	(2076, 'Nazareno', 11, '3144508', '2024-01-14 15:15:47', NULL, NULL),
	(2077, 'Nepomuceno', 11, '3144607', '2024-01-14 15:15:47', NULL, NULL),
	(2078, 'Ninheira', 11, '3144656', '2024-01-14 15:15:47', NULL, NULL),
	(2079, 'Nova Belém', 11, '3144672', '2024-01-14 15:15:47', NULL, NULL),
	(2080, 'Nova Era', 11, '3144706', '2024-01-14 15:15:47', NULL, NULL),
	(2081, 'Nova Lima', 11, '3144805', '2024-01-14 15:15:47', NULL, NULL),
	(2082, 'Nova Módica', 11, '3144904', '2024-01-14 15:15:47', NULL, NULL),
	(2083, 'Nova Ponte', 11, '3145000', '2024-01-14 15:15:47', NULL, NULL),
	(2084, 'Nova Porteirinha', 11, '3145059', '2024-01-14 15:15:47', NULL, NULL),
	(2085, 'Nova Resende', 11, '3145109', '2024-01-14 15:15:47', NULL, NULL),
	(2086, 'Nova Serrana', 11, '3145208', '2024-01-14 15:15:47', NULL, NULL),
	(2087, 'Nova União', 11, '3136603', '2024-01-14 15:15:47', NULL, NULL),
	(2088, 'Novo Cruzeiro', 11, '3145307', '2024-01-14 15:15:47', NULL, NULL),
	(2089, 'Novo Oriente de Minas', 11, '3145356', '2024-01-14 15:15:47', NULL, NULL),
	(2090, 'Novorizonte', 11, '3145372', '2024-01-14 15:15:47', NULL, NULL),
	(2091, 'Olaria', 11, '3145406', '2024-01-14 15:15:47', NULL, NULL),
	(2092, 'Olhos-dÁgua', 11, '3145455', '2024-01-14 15:15:47', NULL, NULL),
	(2093, 'Olímpio Noronha', 11, '3145505', '2024-01-14 15:15:47', NULL, NULL),
	(2094, 'Oliveira', 11, '3145604', '2024-01-14 15:15:47', NULL, NULL),
	(2095, 'Oliveira Fortes', 11, '3145703', '2024-01-14 15:15:47', NULL, NULL),
	(2096, 'Onça de Pitangui', 11, '3145802', '2024-01-14 15:15:47', NULL, NULL),
	(2097, 'Oratórios', 11, '3145851', '2024-01-14 15:15:47', NULL, NULL),
	(2098, 'Orizânia', 11, '3145877', '2024-01-14 15:15:47', NULL, NULL),
	(2099, 'Ouro Branco', 11, '3145901', '2024-01-14 15:15:47', NULL, NULL),
	(2100, 'Ouro Fino', 11, '3146008', '2024-01-14 15:15:47', NULL, NULL),
	(2101, 'Ouro Preto', 11, '3146107', '2024-01-14 15:15:47', NULL, NULL),
	(2102, 'Ouro Verde de Minas', 11, '3146206', '2024-01-14 15:15:47', NULL, NULL),
	(2103, 'Padre Carvalho', 11, '3146255', '2024-01-14 15:15:47', NULL, NULL),
	(2104, 'Padre Paraíso', 11, '3146305', '2024-01-14 15:15:47', NULL, NULL),
	(2105, 'Pai Pedro', 11, '3146552', '2024-01-14 15:15:47', NULL, NULL),
	(2106, 'Paineiras', 11, '3146404', '2024-01-14 15:15:47', NULL, NULL),
	(2107, 'Pains', 11, '3146503', '2024-01-14 15:15:47', NULL, NULL),
	(2108, 'Paiva', 11, '3146602', '2024-01-14 15:15:47', NULL, NULL),
	(2109, 'Palma', 11, '3146701', '2024-01-14 15:15:47', NULL, NULL),
	(2110, 'Palmópolis', 11, '3146750', '2024-01-14 15:15:47', NULL, NULL),
	(2111, 'Papagaios', 11, '3146909', '2024-01-14 15:15:47', NULL, NULL),
	(2112, 'Pará de Minas', 11, '3147105', '2024-01-14 15:15:47', NULL, NULL),
	(2113, 'Paracatu', 11, '3147006', '2024-01-14 15:15:47', NULL, NULL),
	(2114, 'Paraguaçu', 11, '3147204', '2024-01-14 15:15:47', NULL, NULL),
	(2115, 'Paraisópolis', 11, '3147303', '2024-01-14 15:15:47', NULL, NULL),
	(2116, 'Paraopeba', 11, '3147402', '2024-01-14 15:15:47', NULL, NULL),
	(2117, 'Passa Quatro', 11, '3147600', '2024-01-14 15:15:47', NULL, NULL),
	(2118, 'Passa Tempo', 11, '3147709', '2024-01-14 15:15:47', NULL, NULL),
	(2119, 'Passabém', 11, '3147501', '2024-01-14 15:15:47', NULL, NULL),
	(2120, 'Passa-Vinte', 11, '3147808', '2024-01-14 15:15:47', NULL, NULL),
	(2121, 'Passos', 11, '3147907', '2024-01-14 15:15:47', NULL, NULL),
	(2122, 'Patis', 11, '3147956', '2024-01-14 15:15:47', NULL, NULL),
	(2123, 'Patos de Minas', 11, '3148004', '2024-01-14 15:15:47', NULL, NULL),
	(2124, 'Patrocínio', 11, '3148103', '2024-01-14 15:15:47', NULL, NULL),
	(2125, 'Patrocínio do Muriaé', 11, '3148202', '2024-01-14 15:15:47', NULL, NULL),
	(2126, 'Paula Cândido', 11, '3148301', '2024-01-14 15:15:47', NULL, NULL),
	(2127, 'Paulistas', 11, '3148400', '2024-01-14 15:15:47', NULL, NULL),
	(2128, 'Pavão', 11, '3148509', '2024-01-14 15:15:47', NULL, NULL),
	(2129, 'Peçanha', 11, '3148608', '2024-01-14 15:15:47', NULL, NULL),
	(2130, 'Pedra Azul', 11, '3148707', '2024-01-14 15:15:47', NULL, NULL),
	(2131, 'Pedra Bonita', 11, '3148756', '2024-01-14 15:15:47', NULL, NULL),
	(2132, 'Pedra do Anta', 11, '3148806', '2024-01-14 15:15:47', NULL, NULL),
	(2133, 'Pedra do Indaiá', 11, '3148905', '2024-01-14 15:15:47', NULL, NULL),
	(2134, 'Pedra Dourada', 11, '3149002', '2024-01-14 15:15:47', NULL, NULL),
	(2135, 'Pedralva', 11, '3149101', '2024-01-14 15:15:47', NULL, NULL),
	(2136, 'Pedras de Maria da Cruz', 11, '3149150', '2024-01-14 15:15:47', NULL, NULL),
	(2137, 'Pedrinópolis', 11, '3149200', '2024-01-14 15:15:47', NULL, NULL),
	(2138, 'Pedro Leopoldo', 11, '3149309', '2024-01-14 15:15:47', NULL, NULL),
	(2139, 'Pedro Teixeira', 11, '3149408', '2024-01-14 15:15:47', NULL, NULL),
	(2140, 'Pequeri', 11, '3149507', '2024-01-14 15:15:47', NULL, NULL),
	(2141, 'Pequi', 11, '3149606', '2024-01-14 15:15:47', NULL, NULL),
	(2142, 'Perdigão', 11, '3149705', '2024-01-14 15:15:47', NULL, NULL),
	(2143, 'Perdizes', 11, '3149804', '2024-01-14 15:15:47', NULL, NULL),
	(2144, 'Perdões', 11, '3149903', '2024-01-14 15:15:47', NULL, NULL),
	(2145, 'Periquito', 11, '3149952', '2024-01-14 15:15:47', NULL, NULL),
	(2146, 'Pescador', 11, '3150000', '2024-01-14 15:15:47', NULL, NULL),
	(2147, 'Piau', 11, '3150109', '2024-01-14 15:15:47', NULL, NULL),
	(2148, 'Piedade de Caratinga', 11, '3150158', '2024-01-14 15:15:47', NULL, NULL),
	(2149, 'Piedade de Ponte Nova', 11, '3150208', '2024-01-14 15:15:47', NULL, NULL),
	(2150, 'Piedade do Rio Grande', 11, '3150307', '2024-01-14 15:15:47', NULL, NULL),
	(2151, 'Piedade dos Gerais', 11, '3150406', '2024-01-14 15:15:47', NULL, NULL),
	(2152, 'Pimenta', 11, '3150505', '2024-01-14 15:15:47', NULL, NULL),
	(2153, 'Pingo-dÁgua', 11, '3150539', '2024-01-14 15:15:47', NULL, NULL),
	(2154, 'Pintópolis', 11, '3150570', '2024-01-14 15:15:47', NULL, NULL),
	(2155, 'Piracema', 11, '3150604', '2024-01-14 15:15:47', NULL, NULL),
	(2156, 'Pirajuba', 11, '3150703', '2024-01-14 15:15:47', NULL, NULL),
	(2157, 'Piranga', 11, '3150802', '2024-01-14 15:15:47', NULL, NULL),
	(2158, 'Piranguçu', 11, '3150901', '2024-01-14 15:15:47', NULL, NULL),
	(2159, 'Piranguinho', 11, '3151008', '2024-01-14 15:15:47', NULL, NULL),
	(2160, 'Pirapetinga', 11, '3151107', '2024-01-14 15:15:47', NULL, NULL),
	(2161, 'Pirapora', 11, '3151206', '2024-01-14 15:15:47', NULL, NULL),
	(2162, 'Piraúba', 11, '3151305', '2024-01-14 15:15:47', NULL, NULL),
	(2163, 'Pitangui', 11, '3151404', '2024-01-14 15:15:47', NULL, NULL),
	(2164, 'Piumhi', 11, '3151503', '2024-01-14 15:15:47', NULL, NULL),
	(2165, 'Planura', 11, '3151602', '2024-01-14 15:15:47', NULL, NULL),
	(2166, 'Poço Fundo', 11, '3151701', '2024-01-14 15:15:47', NULL, NULL),
	(2167, 'Poços de Caldas', 11, '3151800', '2024-01-14 15:15:47', NULL, NULL),
	(2168, 'Pocrane', 11, '3151909', '2024-01-14 15:15:47', NULL, NULL),
	(2169, 'Pompéu', 11, '3152006', '2024-01-14 15:15:47', NULL, NULL),
	(2170, 'Ponte Nova', 11, '3152105', '2024-01-14 15:15:47', NULL, NULL),
	(2171, 'Ponto Chique', 11, '3152131', '2024-01-14 15:15:47', NULL, NULL),
	(2172, 'Ponto dos Volantes', 11, '3152170', '2024-01-14 15:15:47', NULL, NULL),
	(2173, 'Porteirinha', 11, '3152204', '2024-01-14 15:15:47', NULL, NULL),
	(2174, 'Porto Firme', 11, '3152303', '2024-01-14 15:15:47', NULL, NULL),
	(2175, 'Poté', 11, '3152402', '2024-01-14 15:15:47', NULL, NULL),
	(2176, 'Pouso Alegre', 11, '3152501', '2024-01-14 15:15:47', NULL, NULL),
	(2177, 'Pouso Alto', 11, '3152600', '2024-01-14 15:15:47', NULL, NULL),
	(2178, 'Prados', 11, '3152709', '2024-01-14 15:15:47', NULL, NULL),
	(2179, 'Prata', 11, '3152808', '2024-01-14 15:15:47', NULL, NULL),
	(2180, 'Pratápolis', 11, '3152907', '2024-01-14 15:15:47', NULL, NULL),
	(2181, 'Pratinha', 11, '3153004', '2024-01-14 15:15:47', NULL, NULL),
	(2182, 'Presidente Bernardes', 11, '3153103', '2024-01-14 15:15:47', NULL, NULL),
	(2183, 'Presidente Juscelino', 11, '3153202', '2024-01-14 15:15:47', NULL, NULL),
	(2184, 'Presidente Kubitschek', 11, '3153301', '2024-01-14 15:15:47', NULL, NULL),
	(2185, 'Presidente Olegário', 11, '3153400', '2024-01-14 15:15:47', NULL, NULL),
	(2186, 'Prudente de Morais', 11, '3153608', '2024-01-14 15:15:47', NULL, NULL),
	(2187, 'Quartel Geral', 11, '3153707', '2024-01-14 15:15:47', NULL, NULL),
	(2188, 'Queluzito', 11, '3153806', '2024-01-14 15:15:47', NULL, NULL),
	(2189, 'Raposos', 11, '3153905', '2024-01-14 15:15:47', NULL, NULL),
	(2190, 'Raul Soares', 11, '3154002', '2024-01-14 15:15:47', NULL, NULL),
	(2191, 'Recreio', 11, '3154101', '2024-01-14 15:15:47', NULL, NULL),
	(2192, 'Reduto', 11, '3154150', '2024-01-14 15:15:47', NULL, NULL),
	(2193, 'Resende Costa', 11, '3154200', '2024-01-14 15:15:47', NULL, NULL),
	(2194, 'Resplendor', 11, '3154309', '2024-01-14 15:15:47', NULL, NULL),
	(2195, 'Ressaquinha', 11, '3154408', '2024-01-14 15:15:47', NULL, NULL),
	(2196, 'Riachinho', 11, '3154457', '2024-01-14 15:15:47', NULL, NULL),
	(2197, 'Riacho dos Machados', 11, '3154507', '2024-01-14 15:15:47', NULL, NULL),
	(2198, 'Ribeirão das Neves', 11, '3154606', '2024-01-14 15:15:47', NULL, NULL),
	(2199, 'Ribeirão Vermelho', 11, '3154705', '2024-01-14 15:15:47', NULL, NULL),
	(2200, 'Rio Acima', 11, '3154804', '2024-01-14 15:15:47', NULL, NULL),
	(2201, 'Rio Casca', 11, '3154903', '2024-01-14 15:15:47', NULL, NULL),
	(2202, 'Rio do Prado', 11, '3155108', '2024-01-14 15:15:47', NULL, NULL),
	(2203, 'Rio Doce', 11, '3155009', '2024-01-14 15:15:47', NULL, NULL),
	(2204, 'Rio Espera', 11, '3155207', '2024-01-14 15:15:47', NULL, NULL),
	(2205, 'Rio Manso', 11, '3155306', '2024-01-14 15:15:47', NULL, NULL),
	(2206, 'Rio Novo', 11, '3155405', '2024-01-14 15:15:47', NULL, NULL),
	(2207, 'Rio Paranaíba', 11, '3155504', '2024-01-14 15:15:47', NULL, NULL),
	(2208, 'Rio Pardo de Minas', 11, '3155603', '2024-01-14 15:15:47', NULL, NULL),
	(2209, 'Rio Piracicaba', 11, '3155702', '2024-01-14 15:15:47', NULL, NULL),
	(2210, 'Rio Pomba', 11, '3155801', '2024-01-14 15:15:47', NULL, NULL),
	(2211, 'Rio Preto', 11, '3155900', '2024-01-14 15:15:47', NULL, NULL),
	(2212, 'Rio Vermelho', 11, '3156007', '2024-01-14 15:15:47', NULL, NULL),
	(2213, 'Ritápolis', 11, '3156106', '2024-01-14 15:15:47', NULL, NULL),
	(2214, 'Rochedo de Minas', 11, '3156205', '2024-01-14 15:15:47', NULL, NULL),
	(2215, 'Rodeiro', 11, '3156304', '2024-01-14 15:15:47', NULL, NULL),
	(2216, 'Romaria', 11, '3156403', '2024-01-14 15:15:47', NULL, NULL),
	(2217, 'Rosário da Limeira', 11, '3156452', '2024-01-14 15:15:47', NULL, NULL),
	(2218, 'Rubelita', 11, '3156502', '2024-01-14 15:15:47', NULL, NULL),
	(2219, 'Rubim', 11, '3156601', '2024-01-14 15:15:47', NULL, NULL),
	(2220, 'Sabará', 11, '3156700', '2024-01-14 15:15:47', NULL, NULL),
	(2221, 'Sabinópolis', 11, '3156809', '2024-01-14 15:15:47', NULL, NULL),
	(2222, 'Sacramento', 11, '3156908', '2024-01-14 15:15:47', NULL, NULL),
	(2223, 'Salinas', 11, '3157005', '2024-01-14 15:15:47', NULL, NULL),
	(2224, 'Salto da Divisa', 11, '3157104', '2024-01-14 15:15:47', NULL, NULL),
	(2225, 'Santa Bárbara', 11, '3157203', '2024-01-14 15:15:47', NULL, NULL),
	(2226, 'Santa Bárbara do Leste', 11, '3157252', '2024-01-14 15:15:47', NULL, NULL),
	(2227, 'Santa Bárbara do Monte Verde', 11, '3157278', '2024-01-14 15:15:47', NULL, NULL),
	(2228, 'Santa Bárbara do Tugúrio', 11, '3157302', '2024-01-14 15:15:47', NULL, NULL),
	(2229, 'Santa Cruz de Minas', 11, '3157336', '2024-01-14 15:15:47', NULL, NULL),
	(2230, 'Santa Cruz de Salinas', 11, '3157377', '2024-01-14 15:15:47', NULL, NULL),
	(2231, 'Santa Cruz do Escalvado', 11, '3157401', '2024-01-14 15:15:47', NULL, NULL),
	(2232, 'Santa Efigênia de Minas', 11, '3157500', '2024-01-14 15:15:47', NULL, NULL),
	(2233, 'Santa Fé de Minas', 11, '3157609', '2024-01-14 15:15:47', NULL, NULL),
	(2234, 'Santa Helena de Minas', 11, '3157658', '2024-01-14 15:15:47', NULL, NULL),
	(2235, 'Santa Juliana', 11, '3157708', '2024-01-14 15:15:47', NULL, NULL),
	(2236, 'Santa Luzia', 11, '3157807', '2024-01-14 15:15:47', NULL, NULL),
	(2237, 'Santa Margarida', 11, '3157906', '2024-01-14 15:15:47', NULL, NULL),
	(2238, 'Santa Maria de Itabira', 11, '3158003', '2024-01-14 15:15:47', NULL, NULL),
	(2239, 'Santa Maria do Salto', 11, '3158102', '2024-01-14 15:15:47', NULL, NULL),
	(2240, 'Santa Maria do Suaçuí', 11, '3158201', '2024-01-14 15:15:47', NULL, NULL),
	(2241, 'Santa Rita de Caldas', 11, '3159209', '2024-01-14 15:15:47', NULL, NULL),
	(2242, 'Santa Rita de Ibitipoca', 11, '3159407', '2024-01-14 15:15:47', NULL, NULL),
	(2243, 'Santa Rita de Jacutinga', 11, '3159308', '2024-01-14 15:15:47', NULL, NULL),
	(2244, 'Santa Rita de Minas', 11, '3159357', '2024-01-14 15:15:47', NULL, NULL),
	(2245, 'Santa Rita do Itueto', 11, '3159506', '2024-01-14 15:15:47', NULL, NULL),
	(2246, 'Santa Rita do Sapucaí', 11, '3159605', '2024-01-14 15:15:47', NULL, NULL),
	(2247, 'Santa Rosa da Serra', 11, '3159704', '2024-01-14 15:15:47', NULL, NULL),
	(2248, 'Santa Vitória', 11, '3159803', '2024-01-14 15:15:47', NULL, NULL),
	(2249, 'Santana da Vargem', 11, '3158300', '2024-01-14 15:15:47', NULL, NULL),
	(2250, 'Santana de Cataguases', 11, '3158409', '2024-01-14 15:15:47', NULL, NULL),
	(2251, 'Santana de Pirapama', 11, '3158508', '2024-01-14 15:15:47', NULL, NULL),
	(2252, 'Santana do Deserto', 11, '3158607', '2024-01-14 15:15:47', NULL, NULL),
	(2253, 'Santana do Garambéu', 11, '3158706', '2024-01-14 15:15:47', NULL, NULL),
	(2254, 'Santana do Jacaré', 11, '3158805', '2024-01-14 15:15:48', NULL, NULL),
	(2255, 'Santana do Manhuaçu', 11, '3158904', '2024-01-14 15:15:48', NULL, NULL),
	(2256, 'Santana do Paraíso', 11, '3158953', '2024-01-14 15:15:48', NULL, NULL),
	(2257, 'Santana do Riacho', 11, '3159001', '2024-01-14 15:15:48', NULL, NULL),
	(2258, 'Santana dos Montes', 11, '3159100', '2024-01-14 15:15:48', NULL, NULL),
	(2259, 'Santo Antônio do Amparo', 11, '3159902', '2024-01-14 15:15:48', NULL, NULL),
	(2260, 'Santo Antônio do Aventureiro', 11, '3160009', '2024-01-14 15:15:48', NULL, NULL),
	(2261, 'Santo Antônio do Grama', 11, '3160108', '2024-01-14 15:15:48', NULL, NULL),
	(2262, 'Santo Antônio do Itambé', 11, '3160207', '2024-01-14 15:15:48', NULL, NULL),
	(2263, 'Santo Antônio do Jacinto', 11, '3160306', '2024-01-14 15:15:48', NULL, NULL),
	(2264, 'Santo Antônio do Monte', 11, '3160405', '2024-01-14 15:15:48', NULL, NULL),
	(2265, 'Santo Antônio do Retiro', 11, '3160454', '2024-01-14 15:15:48', NULL, NULL),
	(2266, 'Santo Antônio do Rio Abaixo', 11, '3160504', '2024-01-14 15:15:48', NULL, NULL),
	(2267, 'Santo Hipólito', 11, '3160603', '2024-01-14 15:15:48', NULL, NULL),
	(2268, 'Santos Dumont', 11, '3160702', '2024-01-14 15:15:48', NULL, NULL),
	(2269, 'São Bento Abade', 11, '3160801', '2024-01-14 15:15:48', NULL, NULL),
	(2270, 'São Brás do Suaçuí', 11, '3160900', '2024-01-14 15:15:48', NULL, NULL),
	(2271, 'São Domingos das Dores', 11, '3160959', '2024-01-14 15:15:48', NULL, NULL),
	(2272, 'São Domingos do Prata', 11, '3161007', '2024-01-14 15:15:48', NULL, NULL),
	(2273, 'São Félix de Minas', 11, '3161056', '2024-01-14 15:15:48', NULL, NULL),
	(2274, 'São Francisco', 11, '3161106', '2024-01-14 15:15:48', NULL, NULL),
	(2275, 'São Francisco de Paula', 11, '3161205', '2024-01-14 15:15:48', NULL, NULL),
	(2276, 'São Francisco de Sales', 11, '3161304', '2024-01-14 15:15:48', NULL, NULL),
	(2277, 'São Francisco do Glória', 11, '3161403', '2024-01-14 15:15:48', NULL, NULL),
	(2278, 'São Geraldo', 11, '3161502', '2024-01-14 15:15:48', NULL, NULL),
	(2279, 'São Geraldo da Piedade', 11, '3161601', '2024-01-14 15:15:48', NULL, NULL),
	(2280, 'São Geraldo do Baixio', 11, '3161650', '2024-01-14 15:15:48', NULL, NULL),
	(2281, 'São Gonçalo do Abaeté', 11, '3161700', '2024-01-14 15:15:48', NULL, NULL),
	(2282, 'São Gonçalo do Pará', 11, '3161809', '2024-01-14 15:15:48', NULL, NULL),
	(2283, 'São Gonçalo do Rio Abaixo', 11, '3161908', '2024-01-14 15:15:48', NULL, NULL),
	(2284, 'São Gonçalo do Rio Preto', 11, '3125507', '2024-01-14 15:15:48', NULL, NULL),
	(2285, 'São Gonçalo do Sapucaí', 11, '3162005', '2024-01-14 15:15:48', NULL, NULL),
	(2286, 'São Gotardo', 11, '3162104', '2024-01-14 15:15:48', NULL, NULL),
	(2287, 'São João Batista do Glória', 11, '3162203', '2024-01-14 15:15:48', NULL, NULL),
	(2288, 'São João da Lagoa', 11, '3162252', '2024-01-14 15:15:48', NULL, NULL),
	(2289, 'São João da Mata', 11, '3162302', '2024-01-14 15:15:48', NULL, NULL),
	(2290, 'São João da Ponte', 11, '3162401', '2024-01-14 15:15:48', NULL, NULL),
	(2291, 'São João das Missões', 11, '3162450', '2024-01-14 15:15:48', NULL, NULL),
	(2292, 'São João del Rei', 11, '3162500', '2024-01-14 15:15:48', NULL, NULL),
	(2293, 'São João do Manhuaçu', 11, '3162559', '2024-01-14 15:15:48', NULL, NULL),
	(2294, 'São João do Manteninha', 11, '3162575', '2024-01-14 15:15:48', NULL, NULL),
	(2295, 'São João do Oriente', 11, '3162609', '2024-01-14 15:15:48', NULL, NULL),
	(2296, 'São João do Pacuí', 11, '3162658', '2024-01-14 15:15:48', NULL, NULL),
	(2297, 'São João do Paraíso', 11, '3162708', '2024-01-14 15:15:48', NULL, NULL),
	(2298, 'São João Evangelista', 11, '3162807', '2024-01-14 15:15:48', NULL, NULL),
	(2299, 'São João Nepomuceno', 11, '3162906', '2024-01-14 15:15:48', NULL, NULL),
	(2300, 'São Joaquim de Bicas', 11, '3162922', '2024-01-14 15:15:48', NULL, NULL),
	(2301, 'São José da Barra', 11, '3162948', '2024-01-14 15:15:48', NULL, NULL),
	(2302, 'São José da Lapa', 11, '3162955', '2024-01-14 15:15:48', NULL, NULL),
	(2303, 'São José da Safira', 11, '3163003', '2024-01-14 15:15:48', NULL, NULL),
	(2304, 'São José da Varginha', 11, '3163102', '2024-01-14 15:15:48', NULL, NULL),
	(2305, 'São José do Alegre', 11, '3163201', '2024-01-14 15:15:48', NULL, NULL),
	(2306, 'São José do Divino', 11, '3163300', '2024-01-14 15:15:48', NULL, NULL),
	(2307, 'São José do Goiabal', 11, '3163409', '2024-01-14 15:15:48', NULL, NULL),
	(2308, 'São José do Jacuri', 11, '3163508', '2024-01-14 15:15:48', NULL, NULL),
	(2309, 'São José do Mantimento', 11, '3163607', '2024-01-14 15:15:48', NULL, NULL),
	(2310, 'São Lourenço', 11, '3163706', '2024-01-14 15:15:48', NULL, NULL),
	(2311, 'São Miguel do Anta', 11, '3163805', '2024-01-14 15:15:48', NULL, NULL),
	(2312, 'São Pedro da União', 11, '3163904', '2024-01-14 15:15:48', NULL, NULL),
	(2313, 'São Pedro do Suaçuí', 11, '3164100', '2024-01-14 15:15:48', NULL, NULL),
	(2314, 'São Pedro dos Ferros', 11, '3164001', '2024-01-14 15:15:48', NULL, NULL),
	(2315, 'São Romão', 11, '3164209', '2024-01-14 15:15:48', NULL, NULL),
	(2316, 'São Roque de Minas', 11, '3164308', '2024-01-14 15:15:48', NULL, NULL),
	(2317, 'São Sebastião da Bela Vista', 11, '3164407', '2024-01-14 15:15:48', NULL, NULL),
	(2318, 'São Sebastião da Vargem Alegre', 11, '3164431', '2024-01-14 15:15:48', NULL, NULL),
	(2319, 'São Sebastião do Anta', 11, '3164472', '2024-01-14 15:15:48', NULL, NULL),
	(2320, 'São Sebastião do Maranhão', 11, '3164506', '2024-01-14 15:15:48', NULL, NULL),
	(2321, 'São Sebastião do Oeste', 11, '3164605', '2024-01-14 15:15:48', NULL, NULL),
	(2322, 'São Sebastião do Paraíso', 11, '3164704', '2024-01-14 15:15:48', NULL, NULL),
	(2323, 'São Sebastião do Rio Preto', 11, '3164803', '2024-01-14 15:15:48', NULL, NULL),
	(2324, 'São Sebastião do Rio Verde', 11, '3164902', '2024-01-14 15:15:48', NULL, NULL),
	(2325, 'São Thomé das Letras', 11, '3165206', '2024-01-14 15:15:48', NULL, NULL),
	(2326, 'São Tiago', 11, '3165008', '2024-01-14 15:15:48', NULL, NULL),
	(2327, 'São Tomás de Aquino', 11, '3165107', '2024-01-14 15:15:48', NULL, NULL),
	(2328, 'São Vicente de Minas', 11, '3165305', '2024-01-14 15:15:48', NULL, NULL),
	(2329, 'Sapucaí-Mirim', 11, '3165404', '2024-01-14 15:15:48', NULL, NULL),
	(2330, 'Sardoá', 11, '3165503', '2024-01-14 15:15:48', NULL, NULL),
	(2331, 'Sarzedo', 11, '3165537', '2024-01-14 15:15:48', NULL, NULL),
	(2332, 'Sem-Peixe', 11, '3165560', '2024-01-14 15:15:48', NULL, NULL),
	(2333, 'Senador Amaral', 11, '3165578', '2024-01-14 15:15:48', NULL, NULL),
	(2334, 'Senador Cortes', 11, '3165602', '2024-01-14 15:15:48', NULL, NULL),
	(2335, 'Senador Firmino', 11, '3165701', '2024-01-14 15:15:48', NULL, NULL),
	(2336, 'Senador José Bento', 11, '3165800', '2024-01-14 15:15:48', NULL, NULL),
	(2337, 'Senador Modestino Gonçalves', 11, '3165909', '2024-01-14 15:15:48', NULL, NULL),
	(2338, 'Senhora de Oliveira', 11, '3166006', '2024-01-14 15:15:48', NULL, NULL),
	(2339, 'Senhora do Porto', 11, '3166105', '2024-01-14 15:15:48', NULL, NULL),
	(2340, 'Senhora dos Remédios', 11, '3166204', '2024-01-14 15:15:48', NULL, NULL),
	(2341, 'Sericita', 11, '3166303', '2024-01-14 15:15:48', NULL, NULL),
	(2342, 'Seritinga', 11, '3166402', '2024-01-14 15:15:48', NULL, NULL),
	(2343, 'Serra Azul de Minas', 11, '3166501', '2024-01-14 15:15:48', NULL, NULL),
	(2344, 'Serra da Saudade', 11, '3166600', '2024-01-14 15:15:48', NULL, NULL),
	(2345, 'Serra do Salitre', 11, '3166808', '2024-01-14 15:15:48', NULL, NULL),
	(2346, 'Serra dos Aimorés', 11, '3166709', '2024-01-14 15:15:48', NULL, NULL),
	(2347, 'Serrania', 11, '3166907', '2024-01-14 15:15:48', NULL, NULL),
	(2348, 'Serranópolis de Minas', 11, '3166956', '2024-01-14 15:15:48', NULL, NULL),
	(2349, 'Serranos', 11, '3167004', '2024-01-14 15:15:48', NULL, NULL),
	(2350, 'Serro', 11, '3167103', '2024-01-14 15:15:48', NULL, NULL),
	(2351, 'Sete Lagoas', 11, '3167202', '2024-01-14 15:15:48', NULL, NULL),
	(2352, 'Setubinha', 11, '3165552', '2024-01-14 15:15:48', NULL, NULL),
	(2353, 'Silveirânia', 11, '3167301', '2024-01-14 15:15:48', NULL, NULL),
	(2354, 'Silvianópolis', 11, '3167400', '2024-01-14 15:15:48', NULL, NULL),
	(2355, 'Simão Pereira', 11, '3167509', '2024-01-14 15:15:48', NULL, NULL),
	(2356, 'Simonésia', 11, '3167608', '2024-01-14 15:15:48', NULL, NULL),
	(2357, 'Sobrália', 11, '3167707', '2024-01-14 15:15:48', NULL, NULL),
	(2358, 'Soledade de Minas', 11, '3167806', '2024-01-14 15:15:48', NULL, NULL),
	(2359, 'Tabuleiro', 11, '3167905', '2024-01-14 15:15:48', NULL, NULL),
	(2360, 'Taiobeiras', 11, '3168002', '2024-01-14 15:15:48', NULL, NULL),
	(2361, 'Taparuba', 11, '3168051', '2024-01-14 15:15:48', NULL, NULL),
	(2362, 'Tapira', 11, '3168101', '2024-01-14 15:15:48', NULL, NULL),
	(2363, 'Tapiraí', 11, '3168200', '2024-01-14 15:15:48', NULL, NULL),
	(2364, 'Taquaraçu de Minas', 11, '3168309', '2024-01-14 15:15:48', NULL, NULL),
	(2365, 'Tarumirim', 11, '3168408', '2024-01-14 15:15:48', NULL, NULL),
	(2366, 'Teixeiras', 11, '3168507', '2024-01-14 15:15:48', NULL, NULL),
	(2367, 'Teófilo Otoni', 11, '3168606', '2024-01-14 15:15:48', NULL, NULL),
	(2368, 'Timóteo', 11, '3168705', '2024-01-14 15:15:48', NULL, NULL),
	(2369, 'Tiradentes', 11, '3168804', '2024-01-14 15:15:48', NULL, NULL),
	(2370, 'Tiros', 11, '3168903', '2024-01-14 15:15:48', NULL, NULL),
	(2371, 'Tocantins', 11, '3169000', '2024-01-14 15:15:48', NULL, NULL),
	(2372, 'Tocos do Moji', 11, '3169059', '2024-01-14 15:15:48', NULL, NULL),
	(2373, 'Toledo', 11, '3169109', '2024-01-14 15:15:48', NULL, NULL),
	(2374, 'Tombos', 11, '3169208', '2024-01-14 15:15:48', NULL, NULL),
	(2375, 'Três Corações', 11, '3169307', '2024-01-14 15:15:48', NULL, NULL),
	(2376, 'Três Marias', 11, '3169356', '2024-01-14 15:15:48', NULL, NULL),
	(2377, 'Três Pontas', 11, '3169406', '2024-01-14 15:15:48', NULL, NULL),
	(2378, 'Tumiritinga', 11, '3169505', '2024-01-14 15:15:48', NULL, NULL),
	(2379, 'Tupaciguara', 11, '3169604', '2024-01-14 15:15:48', NULL, NULL),
	(2380, 'Turmalina', 11, '3169703', '2024-01-14 15:15:48', NULL, NULL),
	(2381, 'Turvolândia', 11, '3169802', '2024-01-14 15:15:48', NULL, NULL),
	(2382, 'Ubá', 11, '3169901', '2024-01-14 15:15:48', NULL, NULL),
	(2383, 'Ubaí', 11, '3170008', '2024-01-14 15:15:48', NULL, NULL),
	(2384, 'Ubaporanga', 11, '3170057', '2024-01-14 15:15:48', NULL, NULL),
	(2385, 'Uberaba', 11, '3170107', '2024-01-14 15:15:48', NULL, NULL),
	(2386, 'Uberlândia', 11, '3170206', '2024-01-14 15:15:48', NULL, NULL),
	(2387, 'Umburatiba', 11, '3170305', '2024-01-14 15:15:48', NULL, NULL),
	(2388, 'Unaí', 11, '3170404', '2024-01-14 15:15:48', NULL, NULL),
	(2389, 'União de Minas', 11, '3170438', '2024-01-14 15:15:48', NULL, NULL),
	(2390, 'Uruana de Minas', 11, '3170479', '2024-01-14 15:15:48', NULL, NULL),
	(2391, 'Urucânia', 11, '3170503', '2024-01-14 15:15:48', NULL, NULL),
	(2392, 'Urucuia', 11, '3170529', '2024-01-14 15:15:48', NULL, NULL),
	(2393, 'Vargem Alegre', 11, '3170578', '2024-01-14 15:15:48', NULL, NULL),
	(2394, 'Vargem Bonita', 11, '3170602', '2024-01-14 15:15:48', NULL, NULL),
	(2395, 'Vargem Grande do Rio Pardo', 11, '3170651', '2024-01-14 15:15:48', NULL, NULL),
	(2396, 'Varginha', 11, '3170701', '2024-01-14 15:15:48', NULL, NULL),
	(2397, 'Varjão de Minas', 11, '3170750', '2024-01-14 15:15:48', NULL, NULL),
	(2398, 'Várzea da Palma', 11, '3170800', '2024-01-14 15:15:48', NULL, NULL),
	(2399, 'Varzelândia', 11, '3170909', '2024-01-14 15:15:48', NULL, NULL),
	(2400, 'Vazante', 11, '3171006', '2024-01-14 15:15:48', NULL, NULL),
	(2401, 'Verdelândia', 11, '3171030', '2024-01-14 15:15:48', NULL, NULL),
	(2402, 'Veredinha', 11, '3171071', '2024-01-14 15:15:48', NULL, NULL),
	(2403, 'Veríssimo', 11, '3171105', '2024-01-14 15:15:48', NULL, NULL),
	(2404, 'Vermelho Novo', 11, '3171154', '2024-01-14 15:15:48', NULL, NULL),
	(2405, 'Vespasiano', 11, '3171204', '2024-01-14 15:15:48', NULL, NULL),
	(2406, 'Viçosa', 11, '3171303', '2024-01-14 15:15:48', NULL, NULL),
	(2407, 'Vieiras', 11, '3171402', '2024-01-14 15:15:48', NULL, NULL),
	(2408, 'Virgem da Lapa', 11, '3171600', '2024-01-14 15:15:48', NULL, NULL),
	(2409, 'Virgínia', 11, '3171709', '2024-01-14 15:15:48', NULL, NULL),
	(2410, 'Virginópolis', 11, '3171808', '2024-01-14 15:15:48', NULL, NULL),
	(2411, 'Virgolândia', 11, '3171907', '2024-01-14 15:15:48', NULL, NULL),
	(2412, 'Visconde do Rio Branco', 11, '3172004', '2024-01-14 15:15:48', NULL, NULL),
	(2413, 'Volta Grande', 11, '3172103', '2024-01-14 15:15:48', NULL, NULL),
	(2414, 'Wenceslau Braz', 11, '3172202', '2024-01-14 15:15:48', NULL, NULL),
	(2415, 'Abaetetuba', 14, '1500107', '2024-01-14 15:15:48', NULL, NULL),
	(2416, 'Abel Figueiredo', 14, '1500131', '2024-01-14 15:15:48', NULL, NULL),
	(2417, 'Acará', 14, '1500206', '2024-01-14 15:15:48', NULL, NULL),
	(2418, 'Afuá', 14, '1500305', '2024-01-14 15:15:48', NULL, NULL),
	(2419, 'Água Azul do Norte', 14, '1500347', '2024-01-14 15:15:48', NULL, NULL),
	(2420, 'Alenquer', 14, '1500404', '2024-01-14 15:15:48', NULL, NULL),
	(2421, 'Almeirim', 14, '1500503', '2024-01-14 15:15:48', NULL, NULL),
	(2422, 'Altamira', 14, '1500602', '2024-01-14 15:15:48', NULL, NULL),
	(2423, 'Anajás', 14, '1500701', '2024-01-14 15:15:48', NULL, NULL),
	(2424, 'Ananindeua', 14, '1500800', '2024-01-14 15:15:48', NULL, NULL),
	(2425, 'Anapu', 14, '1500859', '2024-01-14 15:15:48', NULL, NULL),
	(2426, 'Augusto Corrêa', 14, '1500909', '2024-01-14 15:15:48', NULL, NULL),
	(2427, 'Aurora do Pará', 14, '1500958', '2024-01-14 15:15:48', NULL, NULL),
	(2428, 'Aveiro', 14, '1501006', '2024-01-14 15:15:48', NULL, NULL),
	(2429, 'Bagre', 14, '1501105', '2024-01-14 15:15:48', NULL, NULL),
	(2430, 'Baião', 14, '1501204', '2024-01-14 15:15:48', NULL, NULL),
	(2431, 'Bannach', 14, '1501253', '2024-01-14 15:15:48', NULL, NULL),
	(2432, 'Barcarena', 14, '1501303', '2024-01-14 15:15:48', NULL, NULL),
	(2433, 'Belém', 14, '1501402', '2024-01-14 15:15:48', NULL, NULL),
	(2434, 'Belterra', 14, '1501451', '2024-01-14 15:15:48', NULL, NULL),
	(2435, 'Benevides', 14, '1501501', '2024-01-14 15:15:48', NULL, NULL),
	(2436, 'Bom Jesus do Tocantins', 14, '1501576', '2024-01-14 15:15:48', NULL, NULL),
	(2437, 'Bonito', 14, '1501600', '2024-01-14 15:15:48', NULL, NULL),
	(2438, 'Bragança', 14, '1501709', '2024-01-14 15:15:48', NULL, NULL),
	(2439, 'Brasil Novo', 14, '1501725', '2024-01-14 15:15:48', NULL, NULL),
	(2440, 'Brejo Grande do Araguaia', 14, '1501758', '2024-01-14 15:15:48', NULL, NULL),
	(2441, 'Breu Branco', 14, '1501782', '2024-01-14 15:15:48', NULL, NULL),
	(2442, 'Breves', 14, '1501808', '2024-01-14 15:15:48', NULL, NULL),
	(2443, 'Bujaru', 14, '1501907', '2024-01-14 15:15:48', NULL, NULL),
	(2444, 'Cachoeira do Arari', 14, '1502004', '2024-01-14 15:15:48', NULL, NULL),
	(2445, 'Cachoeira do Piriá', 14, '1501956', '2024-01-14 15:15:48', NULL, NULL),
	(2446, 'Cametá', 14, '1502103', '2024-01-14 15:15:48', NULL, NULL),
	(2447, 'Canaã dos Carajás', 14, '1502152', '2024-01-14 15:15:48', NULL, NULL),
	(2448, 'Capanema', 14, '1502202', '2024-01-14 15:15:48', NULL, NULL),
	(2449, 'Capitão Poço', 14, '1502301', '2024-01-14 15:15:48', NULL, NULL),
	(2450, 'Castanhal', 14, '1502400', '2024-01-14 15:15:48', NULL, NULL),
	(2451, 'Chaves', 14, '1502509', '2024-01-14 15:15:48', NULL, NULL),
	(2452, 'Colares', 14, '1502608', '2024-01-14 15:15:48', NULL, NULL),
	(2453, 'Conceição do Araguaia', 14, '1502707', '2024-01-14 15:15:48', NULL, NULL),
	(2454, 'Concórdia do Pará', 14, '1502756', '2024-01-14 15:15:48', NULL, NULL),
	(2455, 'Cumaru do Norte', 14, '1502764', '2024-01-14 15:15:48', NULL, NULL),
	(2456, 'Curionópolis', 14, '1502772', '2024-01-14 15:15:48', NULL, NULL),
	(2457, 'Curralinho', 14, '1502806', '2024-01-14 15:15:48', NULL, NULL),
	(2458, 'Curuá', 14, '1502855', '2024-01-14 15:15:48', NULL, NULL),
	(2459, 'Curuçá', 14, '1502905', '2024-01-14 15:15:48', NULL, NULL),
	(2460, 'Dom Eliseu', 14, '1502939', '2024-01-14 15:15:48', NULL, NULL),
	(2461, 'Eldorado dos Carajás', 14, '1502954', '2024-01-14 15:15:48', NULL, NULL),
	(2462, 'Faro', 14, '1503002', '2024-01-14 15:15:48', NULL, NULL),
	(2463, 'Floresta do Araguaia', 14, '1503044', '2024-01-14 15:15:48', NULL, NULL),
	(2464, 'Garrafão do Norte', 14, '1503077', '2024-01-14 15:15:48', NULL, NULL),
	(2465, 'Goianésia do Pará', 14, '1503093', '2024-01-14 15:15:48', NULL, NULL),
	(2466, 'Gurupá', 14, '1503101', '2024-01-14 15:15:48', NULL, NULL),
	(2467, 'Igarapé-Açu', 14, '1503200', '2024-01-14 15:15:48', NULL, NULL),
	(2468, 'Igarapé-Miri', 14, '1503309', '2024-01-14 15:15:48', NULL, NULL),
	(2469, 'Inhangapi', 14, '1503408', '2024-01-14 15:15:48', NULL, NULL),
	(2470, 'Ipixuna do Pará', 14, '1503457', '2024-01-14 15:15:48', NULL, NULL),
	(2471, 'Irituia', 14, '1503507', '2024-01-14 15:15:48', NULL, NULL),
	(2472, 'Itaituba', 14, '1503606', '2024-01-14 15:15:48', NULL, NULL),
	(2473, 'Itupiranga', 14, '1503705', '2024-01-14 15:15:48', NULL, NULL),
	(2474, 'Jacareacanga', 14, '1503754', '2024-01-14 15:15:48', NULL, NULL),
	(2475, 'Jacundá', 14, '1503804', '2024-01-14 15:15:48', NULL, NULL),
	(2476, 'Juruti', 14, '1503903', '2024-01-14 15:15:48', NULL, NULL),
	(2477, 'Limoeiro do Ajuru', 14, '1504000', '2024-01-14 15:15:48', NULL, NULL),
	(2478, 'Mãe do Rio', 14, '1504059', '2024-01-14 15:15:48', NULL, NULL),
	(2479, 'Magalhães Barata', 14, '1504109', '2024-01-14 15:15:48', NULL, NULL),
	(2480, 'Marabá', 14, '1504208', '2024-01-14 15:15:48', NULL, NULL),
	(2481, 'Maracanã', 14, '1504307', '2024-01-14 15:15:48', NULL, NULL),
	(2482, 'Marapanim', 14, '1504406', '2024-01-14 15:15:48', NULL, NULL),
	(2483, 'Marituba', 14, '1504422', '2024-01-14 15:15:48', NULL, NULL),
	(2484, 'Medicilândia', 14, '1504455', '2024-01-14 15:15:48', NULL, NULL),
	(2485, 'Melgaço', 14, '1504505', '2024-01-14 15:15:49', NULL, NULL),
	(2486, 'Mocajuba', 14, '1504604', '2024-01-14 15:15:49', NULL, NULL),
	(2487, 'Moju', 14, '1504703', '2024-01-14 15:15:49', NULL, NULL),
	(2488, 'Monte Alegre', 14, '1504802', '2024-01-14 15:15:49', NULL, NULL),
	(2489, 'Muaná', 14, '1504901', '2024-01-14 15:15:49', NULL, NULL),
	(2490, 'Nova Esperança do Piriá', 14, '1504950', '2024-01-14 15:15:49', NULL, NULL),
	(2491, 'Nova Ipixuna', 14, '1504976', '2024-01-14 15:15:49', NULL, NULL),
	(2492, 'Nova Timboteua', 14, '1505007', '2024-01-14 15:15:49', NULL, NULL),
	(2493, 'Novo Progresso', 14, '1505031', '2024-01-14 15:15:49', NULL, NULL),
	(2494, 'Novo Repartimento', 14, '1505064', '2024-01-14 15:15:49', NULL, NULL),
	(2495, 'Óbidos', 14, '1505106', '2024-01-14 15:15:49', NULL, NULL),
	(2496, 'Oeiras do Pará', 14, '1505205', '2024-01-14 15:15:49', NULL, NULL),
	(2497, 'Oriximiná', 14, '1505304', '2024-01-14 15:15:49', NULL, NULL),
	(2498, 'Ourém', 14, '1505403', '2024-01-14 15:15:49', NULL, NULL),
	(2499, 'Ourilândia do Norte', 14, '1505437', '2024-01-14 15:15:49', NULL, NULL),
	(2500, 'Pacajá', 14, '1505486', '2024-01-14 15:15:49', NULL, NULL),
	(2501, 'Palestina do Pará', 14, '1505494', '2024-01-14 15:15:49', NULL, NULL),
	(2502, 'Paragominas', 14, '1505502', '2024-01-14 15:15:49', NULL, NULL),
	(2503, 'Parauapebas', 14, '1505536', '2024-01-14 15:15:49', NULL, NULL),
	(2504, 'Pau dArco', 14, '1505551', '2024-01-14 15:15:49', NULL, NULL),
	(2505, 'Peixe-Boi', 14, '1505601', '2024-01-14 15:15:49', NULL, NULL),
	(2506, 'Piçarra', 14, '1505635', '2024-01-14 15:15:49', NULL, NULL),
	(2507, 'Placas', 14, '1505650', '2024-01-14 15:15:49', NULL, NULL),
	(2508, 'Ponta de Pedras', 14, '1505700', '2024-01-14 15:15:49', NULL, NULL),
	(2509, 'Portel', 14, '1505809', '2024-01-14 15:15:49', NULL, NULL),
	(2510, 'Porto de Moz', 14, '1505908', '2024-01-14 15:15:49', NULL, NULL),
	(2511, 'Prainha', 14, '1506005', '2024-01-14 15:15:49', NULL, NULL),
	(2512, 'Primavera', 14, '1506104', '2024-01-14 15:15:49', NULL, NULL),
	(2513, 'Quatipuru', 14, '1506112', '2024-01-14 15:15:49', NULL, NULL),
	(2514, 'Redenção', 14, '1506138', '2024-01-14 15:15:49', NULL, NULL),
	(2515, 'Rio Maria', 14, '1506161', '2024-01-14 15:15:49', NULL, NULL),
	(2516, 'Rondon do Pará', 14, '1506187', '2024-01-14 15:15:49', NULL, NULL),
	(2517, 'Rurópolis', 14, '1506195', '2024-01-14 15:15:49', NULL, NULL),
	(2518, 'Salinópolis', 14, '1506203', '2024-01-14 15:15:49', NULL, NULL),
	(2519, 'Salvaterra', 14, '1506302', '2024-01-14 15:15:49', NULL, NULL),
	(2520, 'Santa Bárbara do Pará', 14, '1506351', '2024-01-14 15:15:49', NULL, NULL),
	(2521, 'Santa Cruz do Arari', 14, '1506401', '2024-01-14 15:15:49', NULL, NULL),
	(2522, 'Santa Isabel do Pará', 14, '1506500', '2024-01-14 15:15:49', NULL, NULL),
	(2523, 'Santa Luzia do Pará', 14, '1506559', '2024-01-14 15:15:49', NULL, NULL),
	(2524, 'Santa Maria das Barreiras', 14, '1506583', '2024-01-14 15:15:49', NULL, NULL),
	(2525, 'Santa Maria do Pará', 14, '1506609', '2024-01-14 15:15:49', NULL, NULL),
	(2526, 'Santana do Araguaia', 14, '1506708', '2024-01-14 15:15:49', NULL, NULL),
	(2527, 'Santarém', 14, '1506807', '2024-01-14 15:15:49', NULL, NULL),
	(2528, 'Santarém Novo', 14, '1506906', '2024-01-14 15:15:49', NULL, NULL),
	(2529, 'Santo Antônio do Tauá', 14, '1507003', '2024-01-14 15:15:49', NULL, NULL),
	(2530, 'São Caetano de Odivelas', 14, '1507102', '2024-01-14 15:15:49', NULL, NULL),
	(2531, 'São Domingos do Araguaia', 14, '1507151', '2024-01-14 15:15:49', NULL, NULL),
	(2532, 'São Domingos do Capim', 14, '1507201', '2024-01-14 15:15:49', NULL, NULL),
	(2533, 'São Félix do Xingu', 14, '1507300', '2024-01-14 15:15:49', NULL, NULL),
	(2534, 'São Francisco do Pará', 14, '1507409', '2024-01-14 15:15:49', NULL, NULL),
	(2535, 'São Geraldo do Araguaia', 14, '1507458', '2024-01-14 15:15:49', NULL, NULL),
	(2536, 'São João da Ponta', 14, '1507466', '2024-01-14 15:15:49', NULL, NULL),
	(2537, 'São João de Pirabas', 14, '1507474', '2024-01-14 15:15:49', NULL, NULL),
	(2538, 'São João do Araguaia', 14, '1507508', '2024-01-14 15:15:49', NULL, NULL),
	(2539, 'São Miguel do Guamá', 14, '1507607', '2024-01-14 15:15:49', NULL, NULL),
	(2540, 'São Sebastião da Boa Vista', 14, '1507706', '2024-01-14 15:15:49', NULL, NULL),
	(2541, 'Sapucaia', 14, '1507755', '2024-01-14 15:15:49', NULL, NULL),
	(2542, 'Senador José Porfírio', 14, '1507805', '2024-01-14 15:15:49', NULL, NULL),
	(2543, 'Soure', 14, '1507904', '2024-01-14 15:15:49', NULL, NULL),
	(2544, 'Tailândia', 14, '1507953', '2024-01-14 15:15:49', NULL, NULL),
	(2545, 'Terra Alta', 14, '1507961', '2024-01-14 15:15:49', NULL, NULL),
	(2546, 'Terra Santa', 14, '1507979', '2024-01-14 15:15:49', NULL, NULL),
	(2547, 'Tomé-Açu', 14, '1508001', '2024-01-14 15:15:49', NULL, NULL),
	(2548, 'Tracuateua', 14, '1508035', '2024-01-14 15:15:49', NULL, NULL),
	(2549, 'Trairão', 14, '1508050', '2024-01-14 15:15:49', NULL, NULL),
	(2550, 'Tucumã', 14, '1508084', '2024-01-14 15:15:49', NULL, NULL),
	(2551, 'Tucuruí', 14, '1508100', '2024-01-14 15:15:49', NULL, NULL),
	(2552, 'Ulianópolis', 14, '1508126', '2024-01-14 15:15:49', NULL, NULL),
	(2553, 'Uruará', 14, '1508159', '2024-01-14 15:15:49', NULL, NULL),
	(2554, 'Vigia', 14, '1508209', '2024-01-14 15:15:49', NULL, NULL),
	(2555, 'Viseu', 14, '1508308', '2024-01-14 15:15:49', NULL, NULL),
	(2556, 'Vitória do Xingu', 14, '1508357', '2024-01-14 15:15:49', NULL, NULL),
	(2557, 'Xinguara', 14, '1508407', '2024-01-14 15:15:49', NULL, NULL),
	(2558, 'Água Branca', 15, '2500106', '2024-01-14 15:15:49', NULL, NULL),
	(2559, 'Aguiar', 15, '2500205', '2024-01-14 15:15:49', NULL, NULL),
	(2560, 'Alagoa Grande', 15, '2500304', '2024-01-14 15:15:49', NULL, NULL),
	(2561, 'Alagoa Nova', 15, '2500403', '2024-01-14 15:15:49', NULL, NULL),
	(2562, 'Alagoinha', 15, '2500502', '2024-01-14 15:15:49', NULL, NULL),
	(2563, 'Alcantil', 15, '2500536', '2024-01-14 15:15:49', NULL, NULL),
	(2564, 'Algodão de Jandaíra', 15, '2500577', '2024-01-14 15:15:49', NULL, NULL),
	(2565, 'Alhandra', 15, '2500601', '2024-01-14 15:15:49', NULL, NULL),
	(2566, 'Amparo', 15, '2500734', '2024-01-14 15:15:49', NULL, NULL),
	(2567, 'Aparecida', 15, '2500775', '2024-01-14 15:15:49', NULL, NULL),
	(2568, 'Araçagi', 15, '2500809', '2024-01-14 15:15:49', NULL, NULL),
	(2569, 'Arara', 15, '2500908', '2024-01-14 15:15:49', NULL, NULL),
	(2570, 'Araruna', 15, '2501005', '2024-01-14 15:15:49', NULL, NULL),
	(2571, 'Areia', 15, '2501104', '2024-01-14 15:15:49', NULL, NULL),
	(2572, 'Areia de Baraúnas', 15, '2501153', '2024-01-14 15:15:49', NULL, NULL),
	(2573, 'Areial', 15, '2501203', '2024-01-14 15:15:49', NULL, NULL),
	(2574, 'Aroeiras', 15, '2501302', '2024-01-14 15:15:49', NULL, NULL),
	(2575, 'Assunção', 15, '2501351', '2024-01-14 15:15:49', NULL, NULL),
	(2576, 'Baía da Traição', 15, '2501401', '2024-01-14 15:15:49', NULL, NULL),
	(2577, 'Bananeiras', 15, '2501500', '2024-01-14 15:15:49', NULL, NULL),
	(2578, 'Baraúna', 15, '2501534', '2024-01-14 15:15:49', NULL, NULL),
	(2579, 'Barra de Santa Rosa', 15, '2501609', '2024-01-14 15:15:49', NULL, NULL),
	(2580, 'Barra de Santana', 15, '2501575', '2024-01-14 15:15:49', NULL, NULL),
	(2581, 'Barra de São Miguel', 15, '2501708', '2024-01-14 15:15:49', NULL, NULL),
	(2582, 'Bayeux', 15, '2501807', '2024-01-14 15:15:49', NULL, NULL),
	(2583, 'Belém', 15, '2501906', '2024-01-14 15:15:49', NULL, NULL),
	(2584, 'Belém do Brejo do Cruz', 15, '2502003', '2024-01-14 15:15:49', NULL, NULL),
	(2585, 'Bernardino Batista', 15, '2502052', '2024-01-14 15:15:49', NULL, NULL),
	(2586, 'Boa Ventura', 15, '2502102', '2024-01-14 15:15:49', NULL, NULL),
	(2587, 'Boa Vista', 15, '2502151', '2024-01-14 15:15:49', NULL, NULL),
	(2588, 'Bom Jesus', 15, '2502201', '2024-01-14 15:15:49', NULL, NULL),
	(2589, 'Bom Sucesso', 15, '2502300', '2024-01-14 15:15:49', NULL, NULL),
	(2590, 'Bonito de Santa Fé', 15, '2502409', '2024-01-14 15:15:49', NULL, NULL),
	(2591, 'Boqueirão', 15, '2502508', '2024-01-14 15:15:49', NULL, NULL),
	(2592, 'Borborema', 15, '2502706', '2024-01-14 15:15:49', NULL, NULL),
	(2593, 'Brejo do Cruz', 15, '2502805', '2024-01-14 15:15:49', NULL, NULL),
	(2594, 'Brejo dos Santos', 15, '2502904', '2024-01-14 15:15:49', NULL, NULL),
	(2595, 'Caaporã', 15, '2503001', '2024-01-14 15:15:49', NULL, NULL),
	(2596, 'Cabaceiras', 15, '2503100', '2024-01-14 15:15:49', NULL, NULL),
	(2597, 'Cabedelo', 15, '2503209', '2024-01-14 15:15:49', NULL, NULL),
	(2598, 'Cachoeira dos Índios', 15, '2503308', '2024-01-14 15:15:49', NULL, NULL),
	(2599, 'Cacimba de Areia', 15, '2503407', '2024-01-14 15:15:49', NULL, NULL),
	(2600, 'Cacimba de Dentro', 15, '2503506', '2024-01-14 15:15:49', NULL, NULL),
	(2601, 'Cacimbas', 15, '2503555', '2024-01-14 15:15:49', NULL, NULL),
	(2602, 'Caiçara', 15, '2503605', '2024-01-14 15:15:49', NULL, NULL),
	(2603, 'Cajazeiras', 15, '2503704', '2024-01-14 15:15:49', NULL, NULL),
	(2604, 'Cajazeirinhas', 15, '2503753', '2024-01-14 15:15:49', NULL, NULL),
	(2605, 'Caldas Brandão', 15, '2503803', '2024-01-14 15:15:49', NULL, NULL),
	(2606, 'Camalaú', 15, '2503902', '2024-01-14 15:15:49', NULL, NULL),
	(2607, 'Campina Grande', 15, '2504009', '2024-01-14 15:15:49', NULL, NULL),
	(2608, 'Campo de Santana', 15, '2516409', '2024-01-14 15:15:49', NULL, NULL),
	(2609, 'Capim', 15, '2504033', '2024-01-14 15:15:49', NULL, NULL),
	(2610, 'Caraúbas', 15, '2504074', '2024-01-14 15:15:49', NULL, NULL),
	(2611, 'Carrapateira', 15, '2504108', '2024-01-14 15:15:49', NULL, NULL),
	(2612, 'Casserengue', 15, '2504157', '2024-01-14 15:15:49', NULL, NULL),
	(2613, 'Catingueira', 15, '2504207', '2024-01-14 15:15:49', NULL, NULL),
	(2614, 'Catolé do Rocha', 15, '2504306', '2024-01-14 15:15:49', NULL, NULL),
	(2615, 'Caturité', 15, '2504355', '2024-01-14 15:15:49', NULL, NULL),
	(2616, 'Conceição', 15, '2504405', '2024-01-14 15:15:49', NULL, NULL),
	(2617, 'Condado', 15, '2504504', '2024-01-14 15:15:49', NULL, NULL),
	(2618, 'Conde', 15, '2504603', '2024-01-14 15:15:49', NULL, NULL),
	(2619, 'Congo', 15, '2504702', '2024-01-14 15:15:49', NULL, NULL),
	(2620, 'Coremas', 15, '2504801', '2024-01-14 15:15:49', NULL, NULL),
	(2621, 'Coxixola', 15, '2504850', '2024-01-14 15:15:49', NULL, NULL),
	(2622, 'Cruz do Espírito Santo', 15, '2504900', '2024-01-14 15:15:49', NULL, NULL),
	(2623, 'Cubati', 15, '2505006', '2024-01-14 15:15:49', NULL, NULL),
	(2624, 'Cuité', 15, '2505105', '2024-01-14 15:15:49', NULL, NULL),
	(2625, 'Cuité de Mamanguape', 15, '2505238', '2024-01-14 15:15:49', NULL, NULL),
	(2626, 'Cuitegi', 15, '2505204', '2024-01-14 15:15:49', NULL, NULL),
	(2627, 'Curral de Cima', 15, '2505279', '2024-01-14 15:15:49', NULL, NULL),
	(2628, 'Curral Velho', 15, '2505303', '2024-01-14 15:15:49', NULL, NULL),
	(2629, 'Damião', 15, '2505352', '2024-01-14 15:15:49', NULL, NULL),
	(2630, 'Desterro', 15, '2505402', '2024-01-14 15:15:49', NULL, NULL),
	(2631, 'Diamante', 15, '2505600', '2024-01-14 15:15:49', NULL, NULL),
	(2632, 'Dona Inês', 15, '2505709', '2024-01-14 15:15:49', NULL, NULL),
	(2633, 'Duas Estradas', 15, '2505808', '2024-01-14 15:15:49', NULL, NULL),
	(2634, 'Emas', 15, '2505907', '2024-01-14 15:15:49', NULL, NULL),
	(2635, 'Esperança', 15, '2506004', '2024-01-14 15:15:49', NULL, NULL),
	(2636, 'Fagundes', 15, '2506103', '2024-01-14 15:15:49', NULL, NULL),
	(2637, 'Frei Martinho', 15, '2506202', '2024-01-14 15:15:49', NULL, NULL),
	(2638, 'Gado Bravo', 15, '2506251', '2024-01-14 15:15:49', NULL, NULL),
	(2639, 'Guarabira', 15, '2506301', '2024-01-14 15:15:49', NULL, NULL),
	(2640, 'Gurinhém', 15, '2506400', '2024-01-14 15:15:49', NULL, NULL),
	(2641, 'Gurjão', 15, '2506509', '2024-01-14 15:15:49', NULL, NULL),
	(2642, 'Ibiara', 15, '2506608', '2024-01-14 15:15:49', NULL, NULL),
	(2643, 'Igaracy', 15, '2502607', '2024-01-14 15:15:49', NULL, NULL),
	(2644, 'Imaculada', 15, '2506707', '2024-01-14 15:15:49', NULL, NULL),
	(2645, 'Ingá', 15, '2506806', '2024-01-14 15:15:49', NULL, NULL),
	(2646, 'Itabaiana', 15, '2506905', '2024-01-14 15:15:49', NULL, NULL),
	(2647, 'Itaporanga', 15, '2507002', '2024-01-14 15:15:49', NULL, NULL),
	(2648, 'Itapororoca', 15, '2507101', '2024-01-14 15:15:49', NULL, NULL),
	(2649, 'Itatuba', 15, '2507200', '2024-01-14 15:15:49', NULL, NULL),
	(2650, 'Jacaraú', 15, '2507309', '2024-01-14 15:15:49', NULL, NULL),
	(2651, 'Jericó', 15, '2507408', '2024-01-14 15:15:49', NULL, NULL),
	(2652, 'João Pessoa', 15, '2507507', '2024-01-14 15:15:49', NULL, NULL),
	(2653, 'Juarez Távora', 15, '2507606', '2024-01-14 15:15:49', NULL, NULL),
	(2654, 'Juazeirinho', 15, '2507705', '2024-01-14 15:15:49', NULL, NULL),
	(2655, 'Junco do Seridó', 15, '2507804', '2024-01-14 15:15:49', NULL, NULL),
	(2656, 'Juripiranga', 15, '2507903', '2024-01-14 15:15:49', NULL, NULL),
	(2657, 'Juru', 15, '2508000', '2024-01-14 15:15:49', NULL, NULL),
	(2658, 'Lagoa', 15, '2508109', '2024-01-14 15:15:49', NULL, NULL),
	(2659, 'Lagoa de Dentro', 15, '2508208', '2024-01-14 15:15:49', NULL, NULL),
	(2660, 'Lagoa Seca', 15, '2508307', '2024-01-14 15:15:49', NULL, NULL),
	(2661, 'Lastro', 15, '2508406', '2024-01-14 15:15:49', NULL, NULL),
	(2662, 'Livramento', 15, '2508505', '2024-01-14 15:15:49', NULL, NULL),
	(2663, 'Logradouro', 15, '2508554', '2024-01-14 15:15:49', NULL, NULL),
	(2664, 'Lucena', 15, '2508604', '2024-01-14 15:15:49', NULL, NULL),
	(2665, 'Mãe dÁgua', 15, '2508703', '2024-01-14 15:15:49', NULL, NULL),
	(2666, 'Malta', 15, '2508802', '2024-01-14 15:15:49', NULL, NULL),
	(2667, 'Mamanguape', 15, '2508901', '2024-01-14 15:15:49', NULL, NULL),
	(2668, 'Manaíra', 15, '2509008', '2024-01-14 15:15:49', NULL, NULL),
	(2669, 'Marcação', 15, '2509057', '2024-01-14 15:15:49', NULL, NULL),
	(2670, 'Mari', 15, '2509107', '2024-01-14 15:15:49', NULL, NULL),
	(2671, 'Marizópolis', 15, '2509156', '2024-01-14 15:15:49', NULL, NULL),
	(2672, 'Massaranduba', 15, '2509206', '2024-01-14 15:15:49', NULL, NULL),
	(2673, 'Mataraca', 15, '2509305', '2024-01-14 15:15:49', NULL, NULL),
	(2674, 'Matinhas', 15, '2509339', '2024-01-14 15:15:49', NULL, NULL),
	(2675, 'Mato Grosso', 15, '2509370', '2024-01-14 15:15:49', NULL, NULL),
	(2676, 'Maturéia', 15, '2509396', '2024-01-14 15:15:49', NULL, NULL),
	(2677, 'Mogeiro', 15, '2509404', '2024-01-14 15:15:49', NULL, NULL),
	(2678, 'Montadas', 15, '2509503', '2024-01-14 15:15:49', NULL, NULL),
	(2679, 'Monte Horebe', 15, '2509602', '2024-01-14 15:15:49', NULL, NULL),
	(2680, 'Monteiro', 15, '2509701', '2024-01-14 15:15:49', NULL, NULL),
	(2681, 'Mulungu', 15, '2509800', '2024-01-14 15:15:49', NULL, NULL),
	(2682, 'Natuba', 15, '2509909', '2024-01-14 15:15:49', NULL, NULL),
	(2683, 'Nazarezinho', 15, '2510006', '2024-01-14 15:15:49', NULL, NULL),
	(2684, 'Nova Floresta', 15, '2510105', '2024-01-14 15:15:49', NULL, NULL),
	(2685, 'Nova Olinda', 15, '2510204', '2024-01-14 15:15:49', NULL, NULL),
	(2686, 'Nova Palmeira', 15, '2510303', '2024-01-14 15:15:49', NULL, NULL),
	(2687, 'Olho dÁgua', 15, '2510402', '2024-01-14 15:15:49', NULL, NULL),
	(2688, 'Olivedos', 15, '2510501', '2024-01-14 15:15:49', NULL, NULL),
	(2689, 'Ouro Velho', 15, '2510600', '2024-01-14 15:15:49', NULL, NULL),
	(2690, 'Parari', 15, '2510659', '2024-01-14 15:15:49', NULL, NULL),
	(2691, 'Passagem', 15, '2510709', '2024-01-14 15:15:49', NULL, NULL),
	(2692, 'Patos', 15, '2510808', '2024-01-14 15:15:49', NULL, NULL),
	(2693, 'Paulista', 15, '2510907', '2024-01-14 15:15:49', NULL, NULL),
	(2694, 'Pedra Branca', 15, '2511004', '2024-01-14 15:15:49', NULL, NULL),
	(2695, 'Pedra Lavrada', 15, '2511103', '2024-01-14 15:15:49', NULL, NULL),
	(2696, 'Pedras de Fogo', 15, '2511202', '2024-01-14 15:15:49', NULL, NULL),
	(2697, 'Pedro Régis', 15, '2512721', '2024-01-14 15:15:49', NULL, NULL),
	(2698, 'Piancó', 15, '2511301', '2024-01-14 15:15:49', NULL, NULL),
	(2699, 'Picuí', 15, '2511400', '2024-01-14 15:15:49', NULL, NULL),
	(2700, 'Pilar', 15, '2511509', '2024-01-14 15:15:49', NULL, NULL),
	(2701, 'Pilões', 15, '2511608', '2024-01-14 15:15:49', NULL, NULL),
	(2702, 'Pilõezinhos', 15, '2511707', '2024-01-14 15:15:49', NULL, NULL),
	(2703, 'Pirpirituba', 15, '2511806', '2024-01-14 15:15:49', NULL, NULL),
	(2704, 'Pitimbu', 15, '2511905', '2024-01-14 15:15:49', NULL, NULL),
	(2705, 'Pocinhos', 15, '2512002', '2024-01-14 15:15:49', NULL, NULL),
	(2706, 'Poço Dantas', 15, '2512036', '2024-01-14 15:15:49', NULL, NULL),
	(2707, 'Poço de José de Moura', 15, '2512077', '2024-01-14 15:15:49', NULL, NULL),
	(2708, 'Pombal', 15, '2512101', '2024-01-14 15:15:49', NULL, NULL),
	(2709, 'Prata', 15, '2512200', '2024-01-14 15:15:49', NULL, NULL),
	(2710, 'Princesa Isabel', 15, '2512309', '2024-01-14 15:15:49', NULL, NULL),
	(2711, 'Puxinanã', 15, '2512408', '2024-01-14 15:15:49', NULL, NULL),
	(2712, 'Queimadas', 15, '2512507', '2024-01-14 15:15:49', NULL, NULL),
	(2713, 'Quixabá', 15, '2512606', '2024-01-14 15:15:49', NULL, NULL),
	(2714, 'Remígio', 15, '2512705', '2024-01-14 15:15:49', NULL, NULL),
	(2715, 'Riachão', 15, '2512747', '2024-01-14 15:15:49', NULL, NULL),
	(2716, 'Riachão do Bacamarte', 15, '2512754', '2024-01-14 15:15:49', NULL, NULL),
	(2717, 'Riachão do Poço', 15, '2512762', '2024-01-14 15:15:49', NULL, NULL),
	(2718, 'Riacho de Santo Antônio', 15, '2512788', '2024-01-14 15:15:50', NULL, NULL),
	(2719, 'Riacho dos Cavalos', 15, '2512804', '2024-01-14 15:15:50', NULL, NULL),
	(2720, 'Rio Tinto', 15, '2512903', '2024-01-14 15:15:50', NULL, NULL),
	(2721, 'Salgadinho', 15, '2513000', '2024-01-14 15:15:50', NULL, NULL),
	(2722, 'Salgado de São Félix', 15, '2513109', '2024-01-14 15:15:50', NULL, NULL),
	(2723, 'Santa Cecília', 15, '2513158', '2024-01-14 15:15:50', NULL, NULL),
	(2724, 'Santa Cruz', 15, '2513208', '2024-01-14 15:15:50', NULL, NULL),
	(2725, 'Santa Helena', 15, '2513307', '2024-01-14 15:15:50', NULL, NULL),
	(2726, 'Santa Inês', 15, '2513356', '2024-01-14 15:15:50', NULL, NULL),
	(2727, 'Santa Luzia', 15, '2513406', '2024-01-14 15:15:50', NULL, NULL),
	(2728, 'Santa Rita', 15, '2513703', '2024-01-14 15:15:50', NULL, NULL),
	(2729, 'Santa Teresinha', 15, '2513802', '2024-01-14 15:15:50', NULL, NULL),
	(2730, 'Santana de Mangueira', 15, '2513505', '2024-01-14 15:15:50', NULL, NULL),
	(2731, 'Santana dos Garrotes', 15, '2513604', '2024-01-14 15:15:50', NULL, NULL),
	(2732, 'Santarém', 15, '2513653', '2024-01-14 15:15:50', NULL, NULL),
	(2733, 'Santo André', 15, '2513851', '2024-01-14 15:15:50', NULL, NULL),
	(2734, 'São Bentinho', 15, '2513927', '2024-01-14 15:15:50', NULL, NULL),
	(2735, 'São Bento', 15, '2513901', '2024-01-14 15:15:50', NULL, NULL),
	(2736, 'São Domingos de Pombal', 15, '2513968', '2024-01-14 15:15:50', NULL, NULL),
	(2737, 'São Domingos do Cariri', 15, '2513943', '2024-01-14 15:15:50', NULL, NULL),
	(2738, 'São Francisco', 15, '2513984', '2024-01-14 15:15:50', NULL, NULL),
	(2739, 'São João do Cariri', 15, '2514008', '2024-01-14 15:15:50', NULL, NULL),
	(2740, 'São João do Rio do Peixe', 15, '2500700', '2024-01-14 15:15:50', NULL, NULL),
	(2741, 'São João do Tigre', 15, '2514107', '2024-01-14 15:15:50', NULL, NULL),
	(2742, 'São José da Lagoa Tapada', 15, '2514206', '2024-01-14 15:15:50', NULL, NULL),
	(2743, 'São José de Caiana', 15, '2514305', '2024-01-14 15:15:50', NULL, NULL),
	(2744, 'São José de Espinharas', 15, '2514404', '2024-01-14 15:15:50', NULL, NULL),
	(2745, 'São José de Piranhas', 15, '2514503', '2024-01-14 15:15:50', NULL, NULL),
	(2746, 'São José de Princesa', 15, '2514552', '2024-01-14 15:15:50', NULL, NULL),
	(2747, 'São José do Bonfim', 15, '2514602', '2024-01-14 15:15:50', NULL, NULL),
	(2748, 'São José do Brejo do Cruz', 15, '2514651', '2024-01-14 15:15:50', NULL, NULL),
	(2749, 'São José do Sabugi', 15, '2514701', '2024-01-14 15:15:50', NULL, NULL),
	(2750, 'São José dos Cordeiros', 15, '2514800', '2024-01-14 15:15:50', NULL, NULL),
	(2751, 'São José dos Ramos', 15, '2514453', '2024-01-14 15:15:50', NULL, NULL),
	(2752, 'São Mamede', 15, '2514909', '2024-01-14 15:15:50', NULL, NULL),
	(2753, 'São Miguel de Taipu', 15, '2515005', '2024-01-14 15:15:50', NULL, NULL),
	(2754, 'São Sebastião de Lagoa de Roça', 15, '2515104', '2024-01-14 15:15:50', NULL, NULL),
	(2755, 'São Sebastião do Umbuzeiro', 15, '2515203', '2024-01-14 15:15:50', NULL, NULL),
	(2756, 'Sapé', 15, '2515302', '2024-01-14 15:15:50', NULL, NULL),
	(2757, 'Seridó', 15, '2515401', '2024-01-14 15:15:50', NULL, NULL),
	(2758, 'Serra Branca', 15, '2515500', '2024-01-14 15:15:50', NULL, NULL),
	(2759, 'Serra da Raiz', 15, '2515609', '2024-01-14 15:15:50', NULL, NULL),
	(2760, 'Serra Grande', 15, '2515708', '2024-01-14 15:15:50', NULL, NULL),
	(2761, 'Serra Redonda', 15, '2515807', '2024-01-14 15:15:50', NULL, NULL),
	(2762, 'Serraria', 15, '2515906', '2024-01-14 15:15:50', NULL, NULL),
	(2763, 'Sertãozinho', 15, '2515930', '2024-01-14 15:15:50', NULL, NULL),
	(2764, 'Sobrado', 15, '2515971', '2024-01-14 15:15:50', NULL, NULL),
	(2765, 'Solânea', 15, '2516003', '2024-01-14 15:15:50', NULL, NULL),
	(2766, 'Soledade', 15, '2516102', '2024-01-14 15:15:50', NULL, NULL),
	(2767, 'Sossêgo', 15, '2516151', '2024-01-14 15:15:50', NULL, NULL),
	(2768, 'Sousa', 15, '2516201', '2024-01-14 15:15:50', NULL, NULL),
	(2769, 'Sumé', 15, '2516300', '2024-01-14 15:15:50', NULL, NULL),
	(2770, 'Taperoá', 15, '2516508', '2024-01-14 15:15:50', NULL, NULL),
	(2771, 'Tavares', 15, '2516607', '2024-01-14 15:15:50', NULL, NULL),
	(2772, 'Teixeira', 15, '2516706', '2024-01-14 15:15:50', NULL, NULL),
	(2773, 'Tenório', 15, '2516755', '2024-01-14 15:15:50', NULL, NULL),
	(2774, 'Triunfo', 15, '2516805', '2024-01-14 15:15:50', NULL, NULL),
	(2775, 'Uiraúna', 15, '2516904', '2024-01-14 15:15:50', NULL, NULL),
	(2776, 'Umbuzeiro', 15, '2517001', '2024-01-14 15:15:50', NULL, NULL),
	(2777, 'Várzea', 15, '2517100', '2024-01-14 15:15:50', NULL, NULL),
	(2778, 'Vieirópolis', 15, '2517209', '2024-01-14 15:15:50', NULL, NULL),
	(2779, 'Vista Serrana', 15, '2505501', '2024-01-14 15:15:50', NULL, NULL),
	(2780, 'Zabelê', 15, '2517407', '2024-01-14 15:15:50', NULL, NULL),
	(2781, 'Abatiá', 18, '4100103', '2024-01-14 15:15:50', NULL, NULL),
	(2782, 'Adrianópolis', 18, '4100202', '2024-01-14 15:15:50', NULL, NULL),
	(2783, 'Agudos do Sul', 18, '4100301', '2024-01-14 15:15:50', NULL, NULL),
	(2784, 'Almirante Tamandaré', 18, '4100400', '2024-01-14 15:15:50', NULL, NULL),
	(2785, 'Altamira do Paraná', 18, '4100459', '2024-01-14 15:15:50', NULL, NULL),
	(2786, 'Alto Paraíso', 18, '4128625', '2024-01-14 15:15:50', NULL, NULL),
	(2787, 'Alto Paraná', 18, '4100608', '2024-01-14 15:15:50', NULL, NULL),
	(2788, 'Alto Piquiri', 18, '4100707', '2024-01-14 15:15:50', NULL, NULL),
	(2789, 'Altônia', 18, '4100509', '2024-01-14 15:15:50', NULL, NULL),
	(2790, 'Alvorada do Sul', 18, '4100806', '2024-01-14 15:15:50', NULL, NULL),
	(2791, 'Amaporã', 18, '4100905', '2024-01-14 15:15:50', NULL, NULL),
	(2792, 'Ampére', 18, '4101002', '2024-01-14 15:15:50', NULL, NULL),
	(2793, 'Anahy', 18, '4101051', '2024-01-14 15:15:50', NULL, NULL),
	(2794, 'Andirá', 18, '4101101', '2024-01-14 15:15:50', NULL, NULL),
	(2795, 'Ângulo', 18, '4101150', '2024-01-14 15:15:50', NULL, NULL),
	(2796, 'Antonina', 18, '4101200', '2024-01-14 15:15:50', NULL, NULL),
	(2797, 'Antônio Olinto', 18, '4101309', '2024-01-14 15:15:50', NULL, NULL),
	(2798, 'Apucarana', 18, '4101408', '2024-01-14 15:15:50', NULL, NULL),
	(2799, 'Arapongas', 18, '4101507', '2024-01-14 15:15:50', NULL, NULL),
	(2800, 'Arapoti', 18, '4101606', '2024-01-14 15:15:50', NULL, NULL),
	(2801, 'Arapuã', 18, '4101655', '2024-01-14 15:15:50', NULL, NULL),
	(2802, 'Araruna', 18, '4101705', '2024-01-14 15:15:50', NULL, NULL),
	(2803, 'Araucária', 18, '4101804', '2024-01-14 15:15:50', NULL, NULL),
	(2804, 'Ariranha do Ivaí', 18, '4101853', '2024-01-14 15:15:50', NULL, NULL),
	(2805, 'Assaí', 18, '4101903', '2024-01-14 15:15:50', NULL, NULL),
	(2806, 'Assis Chateaubriand', 18, '4102000', '2024-01-14 15:15:50', NULL, NULL),
	(2807, 'Astorga', 18, '4102109', '2024-01-14 15:15:50', NULL, NULL),
	(2808, 'Atalaia', 18, '4102208', '2024-01-14 15:15:50', NULL, NULL),
	(2809, 'Balsa Nova', 18, '4102307', '2024-01-14 15:15:50', NULL, NULL),
	(2810, 'Bandeirantes', 18, '4102406', '2024-01-14 15:15:50', NULL, NULL),
	(2811, 'Barbosa Ferraz', 18, '4102505', '2024-01-14 15:15:50', NULL, NULL),
	(2812, 'Barra do Jacaré', 18, '4102703', '2024-01-14 15:15:50', NULL, NULL),
	(2813, 'Barracão', 18, '4102604', '2024-01-14 15:15:50', NULL, NULL),
	(2814, 'Bela Vista da Caroba', 18, '4102752', '2024-01-14 15:15:50', NULL, NULL),
	(2815, 'Bela Vista do Paraíso', 18, '4102802', '2024-01-14 15:15:50', NULL, NULL),
	(2816, 'Bituruna', 18, '4102901', '2024-01-14 15:15:50', NULL, NULL),
	(2817, 'Boa Esperança', 18, '4103008', '2024-01-14 15:15:50', NULL, NULL),
	(2818, 'Boa Esperança do Iguaçu', 18, '4103024', '2024-01-14 15:15:50', NULL, NULL),
	(2819, 'Boa Ventura de São Roque', 18, '4103040', '2024-01-14 15:15:50', NULL, NULL),
	(2820, 'Boa Vista da Aparecida', 18, '4103057', '2024-01-14 15:15:50', NULL, NULL),
	(2821, 'Bocaiúva do Sul', 18, '4103107', '2024-01-14 15:15:50', NULL, NULL),
	(2822, 'Bom Jesus do Sul', 18, '4103156', '2024-01-14 15:15:50', NULL, NULL),
	(2823, 'Bom Sucesso', 18, '4103206', '2024-01-14 15:15:50', NULL, NULL),
	(2824, 'Bom Sucesso do Sul', 18, '4103222', '2024-01-14 15:15:50', NULL, NULL),
	(2825, 'Borrazópolis', 18, '4103305', '2024-01-14 15:15:50', NULL, NULL),
	(2826, 'Braganey', 18, '4103354', '2024-01-14 15:15:50', NULL, NULL),
	(2827, 'Brasilândia do Sul', 18, '4103370', '2024-01-14 15:15:50', NULL, NULL),
	(2828, 'Cafeara', 18, '4103404', '2024-01-14 15:15:50', NULL, NULL),
	(2829, 'Cafelândia', 18, '4103453', '2024-01-14 15:15:50', NULL, NULL),
	(2830, 'Cafezal do Sul', 18, '4103479', '2024-01-14 15:15:50', NULL, NULL),
	(2831, 'Califórnia', 18, '4103503', '2024-01-14 15:15:50', NULL, NULL),
	(2832, 'Cambará', 18, '4103602', '2024-01-14 15:15:50', NULL, NULL),
	(2833, 'Cambé', 18, '4103701', '2024-01-14 15:15:50', NULL, NULL),
	(2834, 'Cambira', 18, '4103800', '2024-01-14 15:15:50', NULL, NULL),
	(2835, 'Campina da Lagoa', 18, '4103909', '2024-01-14 15:15:50', NULL, NULL),
	(2836, 'Campina do Simão', 18, '4103958', '2024-01-14 15:15:50', NULL, NULL),
	(2837, 'Campina Grande do Sul', 18, '4104006', '2024-01-14 15:15:50', NULL, NULL),
	(2838, 'Campo Bonito', 18, '4104055', '2024-01-14 15:15:50', NULL, NULL),
	(2839, 'Campo do Tenente', 18, '4104105', '2024-01-14 15:15:50', NULL, NULL),
	(2840, 'Campo Largo', 18, '4104204', '2024-01-14 15:15:50', NULL, NULL),
	(2841, 'Campo Magro', 18, '4104253', '2024-01-14 15:15:50', NULL, NULL),
	(2842, 'Campo Mourão', 18, '4104303', '2024-01-14 15:15:50', NULL, NULL),
	(2843, 'Cândido de Abreu', 18, '4104402', '2024-01-14 15:15:50', NULL, NULL),
	(2844, 'Candói', 18, '4104428', '2024-01-14 15:15:50', NULL, NULL),
	(2845, 'Cantagalo', 18, '4104451', '2024-01-14 15:15:50', NULL, NULL),
	(2846, 'Capanema', 18, '4104501', '2024-01-14 15:15:50', NULL, NULL),
	(2847, 'Capitão Leônidas Marques', 18, '4104600', '2024-01-14 15:15:50', NULL, NULL),
	(2848, 'Carambeí', 18, '4104659', '2024-01-14 15:15:50', NULL, NULL),
	(2849, 'Carlópolis', 18, '4104709', '2024-01-14 15:15:50', NULL, NULL),
	(2850, 'Cascavel', 18, '4104808', '2024-01-14 15:15:50', NULL, NULL),
	(2851, 'Castro', 18, '4104907', '2024-01-14 15:15:50', NULL, NULL),
	(2852, 'Catanduvas', 18, '4105003', '2024-01-14 15:15:50', NULL, NULL),
	(2853, 'Centenário do Sul', 18, '4105102', '2024-01-14 15:15:50', NULL, NULL),
	(2854, 'Cerro Azul', 18, '4105201', '2024-01-14 15:15:50', NULL, NULL),
	(2855, 'Céu Azul', 18, '4105300', '2024-01-14 15:15:50', NULL, NULL),
	(2856, 'Chopinzinho', 18, '4105409', '2024-01-14 15:15:50', NULL, NULL),
	(2857, 'Cianorte', 18, '4105508', '2024-01-14 15:15:50', NULL, NULL),
	(2858, 'Cidade Gaúcha', 18, '4105607', '2024-01-14 15:15:50', NULL, NULL),
	(2859, 'Clevelândia', 18, '4105706', '2024-01-14 15:15:50', NULL, NULL),
	(2860, 'Colombo', 18, '4105805', '2024-01-14 15:15:50', NULL, NULL),
	(2861, 'Colorado', 18, '4105904', '2024-01-14 15:15:50', NULL, NULL),
	(2862, 'Congonhinhas', 18, '4106001', '2024-01-14 15:15:50', NULL, NULL),
	(2863, 'Conselheiro Mairinck', 18, '4106100', '2024-01-14 15:15:50', NULL, NULL),
	(2864, 'Contenda', 18, '4106209', '2024-01-14 15:15:50', NULL, NULL),
	(2865, 'Corbélia', 18, '4106308', '2024-01-14 15:15:50', NULL, NULL),
	(2866, 'Cornélio Procópio', 18, '4106407', '2024-01-14 15:15:50', NULL, NULL),
	(2867, 'Coronel Domingos Soares', 18, '4106456', '2024-01-14 15:15:50', NULL, NULL),
	(2868, 'Coronel Vivida', 18, '4106506', '2024-01-14 15:15:50', NULL, NULL),
	(2869, 'Corumbataí do Sul', 18, '4106555', '2024-01-14 15:15:50', NULL, NULL),
	(2870, 'Cruz Machado', 18, '4106803', '2024-01-14 15:15:50', NULL, NULL),
	(2871, 'Cruzeiro do Iguaçu', 18, '4106571', '2024-01-14 15:15:50', NULL, NULL),
	(2872, 'Cruzeiro do Oeste', 18, '4106605', '2024-01-14 15:15:50', NULL, NULL),
	(2873, 'Cruzeiro do Sul', 18, '4106704', '2024-01-14 15:15:50', NULL, NULL),
	(2874, 'Cruzmaltina', 18, '4106852', '2024-01-14 15:15:50', NULL, NULL),
	(2875, 'Curitiba', 18, '4106902', '2024-01-14 15:15:50', NULL, NULL),
	(2876, 'Curiúva', 18, '4107009', '2024-01-14 15:15:50', NULL, NULL),
	(2877, 'Diamante dOeste', 18, '4107157', '2024-01-14 15:15:50', NULL, NULL),
	(2878, 'Diamante do Norte', 18, '4107108', '2024-01-14 15:15:50', NULL, NULL),
	(2879, 'Diamante do Sul', 18, '4107124', '2024-01-14 15:15:50', NULL, NULL),
	(2880, 'Dois Vizinhos', 18, '4107207', '2024-01-14 15:15:50', NULL, NULL),
	(2881, 'Douradina', 18, '4107256', '2024-01-14 15:15:50', NULL, NULL),
	(2882, 'Doutor Camargo', 18, '4107306', '2024-01-14 15:15:50', NULL, NULL),
	(2883, 'Doutor Ulysses', 18, '4128633', '2024-01-14 15:15:50', NULL, NULL),
	(2884, 'Enéas Marques', 18, '4107405', '2024-01-14 15:15:50', NULL, NULL),
	(2885, 'Engenheiro Beltrão', 18, '4107504', '2024-01-14 15:15:50', NULL, NULL),
	(2886, 'Entre Rios do Oeste', 18, '4107538', '2024-01-14 15:15:50', NULL, NULL),
	(2887, 'Esperança Nova', 18, '4107520', '2024-01-14 15:15:50', NULL, NULL),
	(2888, 'Espigão Alto do Iguaçu', 18, '4107546', '2024-01-14 15:15:50', NULL, NULL),
	(2889, 'Farol', 18, '4107553', '2024-01-14 15:15:50', NULL, NULL),
	(2890, 'Faxinal', 18, '4107603', '2024-01-14 15:15:50', NULL, NULL),
	(2891, 'Fazenda Rio Grande', 18, '4107652', '2024-01-14 15:15:50', NULL, NULL),
	(2892, 'Fênix', 18, '4107702', '2024-01-14 15:15:50', NULL, NULL),
	(2893, 'Fernandes Pinheiro', 18, '4107736', '2024-01-14 15:15:50', NULL, NULL),
	(2894, 'Figueira', 18, '4107751', '2024-01-14 15:15:50', NULL, NULL),
	(2895, 'Flor da Serra do Sul', 18, '4107850', '2024-01-14 15:15:50', NULL, NULL),
	(2896, 'Floraí', 18, '4107801', '2024-01-14 15:15:50', NULL, NULL),
	(2897, 'Floresta', 18, '4107900', '2024-01-14 15:15:50', NULL, NULL),
	(2898, 'Florestópolis', 18, '4108007', '2024-01-14 15:15:50', NULL, NULL),
	(2899, 'Flórida', 18, '4108106', '2024-01-14 15:15:50', NULL, NULL),
	(2900, 'Formosa do Oeste', 18, '4108205', '2024-01-14 15:15:50', NULL, NULL),
	(2901, 'Foz do Iguaçu', 18, '4108304', '2024-01-14 15:15:50', NULL, NULL),
	(2902, 'Foz do Jordão', 18, '4108452', '2024-01-14 15:15:50', NULL, NULL),
	(2903, 'Francisco Alves', 18, '4108320', '2024-01-14 15:15:50', NULL, NULL),
	(2904, 'Francisco Beltrão', 18, '4108403', '2024-01-14 15:15:50', NULL, NULL),
	(2905, 'General Carneiro', 18, '4108502', '2024-01-14 15:15:50', NULL, NULL),
	(2906, 'Godoy Moreira', 18, '4108551', '2024-01-14 15:15:50', NULL, NULL),
	(2907, 'Goioerê', 18, '4108601', '2024-01-14 15:15:50', NULL, NULL),
	(2908, 'Goioxim', 18, '4108650', '2024-01-14 15:15:50', NULL, NULL),
	(2909, 'Grandes Rios', 18, '4108700', '2024-01-14 15:15:50', NULL, NULL),
	(2910, 'Guaíra', 18, '4108809', '2024-01-14 15:15:50', NULL, NULL),
	(2911, 'Guairaçá', 18, '4108908', '2024-01-14 15:15:50', NULL, NULL),
	(2912, 'Guamiranga', 18, '4108957', '2024-01-14 15:15:50', NULL, NULL),
	(2913, 'Guapirama', 18, '4109005', '2024-01-14 15:15:50', NULL, NULL),
	(2914, 'Guaporema', 18, '4109104', '2024-01-14 15:15:50', NULL, NULL),
	(2915, 'Guaraci', 18, '4109203', '2024-01-14 15:15:50', NULL, NULL),
	(2916, 'Guaraniaçu', 18, '4109302', '2024-01-14 15:15:50', NULL, NULL),
	(2917, 'Guarapuava', 18, '4109401', '2024-01-14 15:15:50', NULL, NULL),
	(2918, 'Guaraqueçaba', 18, '4109500', '2024-01-14 15:15:50', NULL, NULL),
	(2919, 'Guaratuba', 18, '4109609', '2024-01-14 15:15:50', NULL, NULL),
	(2920, 'Honório Serpa', 18, '4109658', '2024-01-14 15:15:50', NULL, NULL),
	(2921, 'Ibaiti', 18, '4109708', '2024-01-14 15:15:50', NULL, NULL),
	(2922, 'Ibema', 18, '4109757', '2024-01-14 15:15:50', NULL, NULL),
	(2923, 'Ibiporã', 18, '4109807', '2024-01-14 15:15:50', NULL, NULL),
	(2924, 'Icaraíma', 18, '4109906', '2024-01-14 15:15:50', NULL, NULL),
	(2925, 'Iguaraçu', 18, '4110003', '2024-01-14 15:15:50', NULL, NULL),
	(2926, 'Iguatu', 18, '4110052', '2024-01-14 15:15:50', NULL, NULL),
	(2927, 'Imbaú', 18, '4110078', '2024-01-14 15:15:50', NULL, NULL),
	(2928, 'Imbituva', 18, '4110102', '2024-01-14 15:15:50', NULL, NULL),
	(2929, 'Inácio Martins', 18, '4110201', '2024-01-14 15:15:50', NULL, NULL),
	(2930, 'Inajá', 18, '4110300', '2024-01-14 15:15:50', NULL, NULL),
	(2931, 'Indianópolis', 18, '4110409', '2024-01-14 15:15:50', NULL, NULL),
	(2932, 'Ipiranga', 18, '4110508', '2024-01-14 15:15:50', NULL, NULL),
	(2933, 'Iporã', 18, '4110607', '2024-01-14 15:15:50', NULL, NULL),
	(2934, 'Iracema do Oeste', 18, '4110656', '2024-01-14 15:15:50', NULL, NULL),
	(2935, 'Irati', 18, '4110706', '2024-01-14 15:15:50', NULL, NULL),
	(2936, 'Iretama', 18, '4110805', '2024-01-14 15:15:50', NULL, NULL),
	(2937, 'Itaguajé', 18, '4110904', '2024-01-14 15:15:50', NULL, NULL),
	(2938, 'Itaipulândia', 18, '4110953', '2024-01-14 15:15:50', NULL, NULL),
	(2939, 'Itambaracá', 18, '4111001', '2024-01-14 15:15:50', NULL, NULL),
	(2940, 'Itambé', 18, '4111100', '2024-01-14 15:15:50', NULL, NULL),
	(2941, 'Itapejara dOeste', 18, '4111209', '2024-01-14 15:15:50', NULL, NULL),
	(2942, 'Itaperuçu', 18, '4111258', '2024-01-14 15:15:50', NULL, NULL),
	(2943, 'Itaúna do Sul', 18, '4111308', '2024-01-14 15:15:50', NULL, NULL),
	(2944, 'Ivaí', 18, '4111407', '2024-01-14 15:15:50', NULL, NULL),
	(2945, 'Ivaiporã', 18, '4111506', '2024-01-14 15:15:50', NULL, NULL),
	(2946, 'Ivaté', 18, '4111555', '2024-01-14 15:15:50', NULL, NULL),
	(2947, 'Ivatuba', 18, '4111605', '2024-01-14 15:15:50', NULL, NULL),
	(2948, 'Jaboti', 18, '4111704', '2024-01-14 15:15:50', NULL, NULL),
	(2949, 'Jacarezinho', 18, '4111803', '2024-01-14 15:15:50', NULL, NULL),
	(2950, 'Jaguapitã', 18, '4111902', '2024-01-14 15:15:50', NULL, NULL),
	(2951, 'Jaguariaíva', 18, '4112009', '2024-01-14 15:15:50', NULL, NULL),
	(2952, 'Jandaia do Sul', 18, '4112108', '2024-01-14 15:15:50', NULL, NULL),
	(2953, 'Janiópolis', 18, '4112207', '2024-01-14 15:15:50', NULL, NULL),
	(2954, 'Japira', 18, '4112306', '2024-01-14 15:15:50', NULL, NULL),
	(2955, 'Japurá', 18, '4112405', '2024-01-14 15:15:50', NULL, NULL),
	(2956, 'Jardim Alegre', 18, '4112504', '2024-01-14 15:15:50', NULL, NULL),
	(2957, 'Jardim Olinda', 18, '4112603', '2024-01-14 15:15:50', NULL, NULL),
	(2958, 'Jataizinho', 18, '4112702', '2024-01-14 15:15:51', NULL, NULL),
	(2959, 'Jesuítas', 18, '4112751', '2024-01-14 15:15:51', NULL, NULL),
	(2960, 'Joaquim Távora', 18, '4112801', '2024-01-14 15:15:51', NULL, NULL),
	(2961, 'Jundiaí do Sul', 18, '4112900', '2024-01-14 15:15:51', NULL, NULL),
	(2962, 'Juranda', 18, '4112959', '2024-01-14 15:15:51', NULL, NULL),
	(2963, 'Jussara', 18, '4113007', '2024-01-14 15:15:51', NULL, NULL),
	(2964, 'Kaloré', 18, '4113106', '2024-01-14 15:15:51', NULL, NULL),
	(2965, 'Lapa', 18, '4113205', '2024-01-14 15:15:51', NULL, NULL),
	(2966, 'Laranjal', 18, '4113254', '2024-01-14 15:15:51', NULL, NULL),
	(2967, 'Laranjeiras do Sul', 18, '4113304', '2024-01-14 15:15:51', NULL, NULL),
	(2968, 'Leópolis', 18, '4113403', '2024-01-14 15:15:51', NULL, NULL),
	(2969, 'Lidianópolis', 18, '4113429', '2024-01-14 15:15:51', NULL, NULL),
	(2970, 'Lindoeste', 18, '4113452', '2024-01-14 15:15:51', NULL, NULL),
	(2971, 'Loanda', 18, '4113502', '2024-01-14 15:15:51', NULL, NULL),
	(2972, 'Lobato', 18, '4113601', '2024-01-14 15:15:51', NULL, NULL),
	(2973, 'Londrina', 18, '4113700', '2024-01-14 15:15:51', NULL, NULL),
	(2974, 'Luiziana', 18, '4113734', '2024-01-14 15:15:51', NULL, NULL),
	(2975, 'Lunardelli', 18, '4113759', '2024-01-14 15:15:51', NULL, NULL),
	(2976, 'Lupionópolis', 18, '4113809', '2024-01-14 15:15:51', NULL, NULL),
	(2977, 'Mallet', 18, '4113908', '2024-01-14 15:15:51', NULL, NULL),
	(2978, 'Mamborê', 18, '4114005', '2024-01-14 15:15:51', NULL, NULL),
	(2979, 'Mandaguaçu', 18, '4114104', '2024-01-14 15:15:51', NULL, NULL),
	(2980, 'Mandaguari', 18, '4114203', '2024-01-14 15:15:51', NULL, NULL),
	(2981, 'Mandirituba', 18, '4114302', '2024-01-14 15:15:51', NULL, NULL),
	(2982, 'Manfrinópolis', 18, '4114351', '2024-01-14 15:15:51', NULL, NULL),
	(2983, 'Mangueirinha', 18, '4114401', '2024-01-14 15:15:51', NULL, NULL),
	(2984, 'Manoel Ribas', 18, '4114500', '2024-01-14 15:15:51', NULL, NULL),
	(2985, 'Marechal Cândido Rondon', 18, '4114609', '2024-01-14 15:15:51', NULL, NULL),
	(2986, 'Maria Helena', 18, '4114708', '2024-01-14 15:15:51', NULL, NULL),
	(2987, 'Marialva', 18, '4114807', '2024-01-14 15:15:51', NULL, NULL),
	(2988, 'Marilândia do Sul', 18, '4114906', '2024-01-14 15:15:51', NULL, NULL),
	(2989, 'Marilena', 18, '4115002', '2024-01-14 15:15:51', NULL, NULL),
	(2990, 'Mariluz', 18, '4115101', '2024-01-14 15:15:51', NULL, NULL),
	(2991, 'Maringá', 18, '4115200', '2024-01-14 15:15:51', NULL, NULL),
	(2992, 'Mariópolis', 18, '4115309', '2024-01-14 15:15:51', NULL, NULL),
	(2993, 'Maripá', 18, '4115358', '2024-01-14 15:15:51', NULL, NULL),
	(2994, 'Marmeleiro', 18, '4115408', '2024-01-14 15:15:51', NULL, NULL),
	(2995, 'Marquinho', 18, '4115457', '2024-01-14 15:15:51', NULL, NULL),
	(2996, 'Marumbi', 18, '4115507', '2024-01-14 15:15:51', NULL, NULL),
	(2997, 'Matelândia', 18, '4115606', '2024-01-14 15:15:51', NULL, NULL),
	(2998, 'Matinhos', 18, '4115705', '2024-01-14 15:15:51', NULL, NULL),
	(2999, 'Mato Rico', 18, '4115739', '2024-01-14 15:15:51', NULL, NULL),
	(3000, 'Mauá da Serra', 18, '4115754', '2024-01-14 15:15:51', NULL, NULL),
	(3001, 'Medianeira', 18, '4115804', '2024-01-14 15:15:51', NULL, NULL),
	(3002, 'Mercedes', 18, '4115853', '2024-01-14 15:15:51', NULL, NULL),
	(3003, 'Mirador', 18, '4115903', '2024-01-14 15:15:51', NULL, NULL),
	(3004, 'Miraselva', 18, '4116000', '2024-01-14 15:15:51', NULL, NULL),
	(3005, 'Missal', 18, '4116059', '2024-01-14 15:15:51', NULL, NULL),
	(3006, 'Moreira Sales', 18, '4116109', '2024-01-14 15:15:51', NULL, NULL),
	(3007, 'Morretes', 18, '4116208', '2024-01-14 15:15:51', NULL, NULL),
	(3008, 'Munhoz de Melo', 18, '4116307', '2024-01-14 15:15:51', NULL, NULL),
	(3009, 'Nossa Senhora das Graças', 18, '4116406', '2024-01-14 15:15:51', NULL, NULL),
	(3010, 'Nova Aliança do Ivaí', 18, '4116505', '2024-01-14 15:15:51', NULL, NULL),
	(3011, 'Nova América da Colina', 18, '4116604', '2024-01-14 15:15:51', NULL, NULL),
	(3012, 'Nova Aurora', 18, '4116703', '2024-01-14 15:15:51', NULL, NULL),
	(3013, 'Nova Cantu', 18, '4116802', '2024-01-14 15:15:51', NULL, NULL),
	(3014, 'Nova Esperança', 18, '4116901', '2024-01-14 15:15:51', NULL, NULL),
	(3015, 'Nova Esperança do Sudoeste', 18, '4116950', '2024-01-14 15:15:51', NULL, NULL),
	(3016, 'Nova Fátima', 18, '4117008', '2024-01-14 15:15:51', NULL, NULL),
	(3017, 'Nova Laranjeiras', 18, '4117057', '2024-01-14 15:15:51', NULL, NULL),
	(3018, 'Nova Londrina', 18, '4117107', '2024-01-14 15:15:51', NULL, NULL),
	(3019, 'Nova Olímpia', 18, '4117206', '2024-01-14 15:15:51', NULL, NULL),
	(3020, 'Nova Prata do Iguaçu', 18, '4117255', '2024-01-14 15:15:51', NULL, NULL),
	(3021, 'Nova Santa Bárbara', 18, '4117214', '2024-01-14 15:15:51', NULL, NULL),
	(3022, 'Nova Santa Rosa', 18, '4117222', '2024-01-14 15:15:51', NULL, NULL),
	(3023, 'Nova Tebas', 18, '4117271', '2024-01-14 15:15:51', NULL, NULL),
	(3024, 'Novo Itacolomi', 18, '4117297', '2024-01-14 15:15:51', NULL, NULL),
	(3025, 'Ortigueira', 18, '4117305', '2024-01-14 15:15:51', NULL, NULL),
	(3026, 'Ourizona', 18, '4117404', '2024-01-14 15:15:51', NULL, NULL),
	(3027, 'Ouro Verde do Oeste', 18, '4117453', '2024-01-14 15:15:51', NULL, NULL),
	(3028, 'Paiçandu', 18, '4117503', '2024-01-14 15:15:51', NULL, NULL),
	(3029, 'Palmas', 18, '4117602', '2024-01-14 15:15:51', NULL, NULL),
	(3030, 'Palmeira', 18, '4117701', '2024-01-14 15:15:51', NULL, NULL),
	(3031, 'Palmital', 18, '4117800', '2024-01-14 15:15:51', NULL, NULL),
	(3032, 'Palotina', 18, '4117909', '2024-01-14 15:15:51', NULL, NULL),
	(3033, 'Paraíso do Norte', 18, '4118006', '2024-01-14 15:15:51', NULL, NULL),
	(3034, 'Paranacity', 18, '4118105', '2024-01-14 15:15:51', NULL, NULL),
	(3035, 'Paranaguá', 18, '4118204', '2024-01-14 15:15:51', NULL, NULL),
	(3036, 'Paranapoema', 18, '4118303', '2024-01-14 15:15:51', NULL, NULL),
	(3037, 'Paranavaí', 18, '4118402', '2024-01-14 15:15:51', NULL, NULL),
	(3038, 'Pato Bragado', 18, '4118451', '2024-01-14 15:15:51', NULL, NULL),
	(3039, 'Pato Branco', 18, '4118501', '2024-01-14 15:15:51', NULL, NULL),
	(3040, 'Paula Freitas', 18, '4118600', '2024-01-14 15:15:51', NULL, NULL),
	(3041, 'Paulo Frontin', 18, '4118709', '2024-01-14 15:15:51', NULL, NULL),
	(3042, 'Peabiru', 18, '4118808', '2024-01-14 15:15:51', NULL, NULL),
	(3043, 'Perobal', 18, '4118857', '2024-01-14 15:15:51', NULL, NULL),
	(3044, 'Pérola', 18, '4118907', '2024-01-14 15:15:51', NULL, NULL),
	(3045, 'Pérola dOeste', 18, '4119004', '2024-01-14 15:15:51', NULL, NULL),
	(3046, 'Piên', 18, '4119103', '2024-01-14 15:15:51', NULL, NULL),
	(3047, 'Pinhais', 18, '4119152', '2024-01-14 15:15:51', NULL, NULL),
	(3048, 'Pinhal de São Bento', 18, '4119251', '2024-01-14 15:15:51', NULL, NULL),
	(3049, 'Pinhalão', 18, '4119202', '2024-01-14 15:15:51', NULL, NULL),
	(3050, 'Pinhão', 18, '4119301', '2024-01-14 15:15:51', NULL, NULL),
	(3051, 'Piraí do Sul', 18, '4119400', '2024-01-14 15:15:51', NULL, NULL),
	(3052, 'Piraquara', 18, '4119509', '2024-01-14 15:15:51', NULL, NULL),
	(3053, 'Pitanga', 18, '4119608', '2024-01-14 15:15:51', NULL, NULL),
	(3054, 'Pitangueiras', 18, '4119657', '2024-01-14 15:15:51', NULL, NULL),
	(3055, 'Planaltina do Paraná', 18, '4119707', '2024-01-14 15:15:51', NULL, NULL),
	(3056, 'Planalto', 18, '4119806', '2024-01-14 15:15:51', NULL, NULL),
	(3057, 'Ponta Grossa', 18, '4119905', '2024-01-14 15:15:51', NULL, NULL),
	(3058, 'Pontal do Paraná', 18, '4119954', '2024-01-14 15:15:51', NULL, NULL),
	(3059, 'Porecatu', 18, '4120002', '2024-01-14 15:15:51', NULL, NULL),
	(3060, 'Porto Amazonas', 18, '4120101', '2024-01-14 15:15:51', NULL, NULL),
	(3061, 'Porto Barreiro', 18, '4120150', '2024-01-14 15:15:51', NULL, NULL),
	(3062, 'Porto Rico', 18, '4120200', '2024-01-14 15:15:51', NULL, NULL),
	(3063, 'Porto Vitória', 18, '4120309', '2024-01-14 15:15:51', NULL, NULL),
	(3064, 'Prado Ferreira', 18, '4120333', '2024-01-14 15:15:51', NULL, NULL),
	(3065, 'Pranchita', 18, '4120358', '2024-01-14 15:15:51', NULL, NULL),
	(3066, 'Presidente Castelo Branco', 18, '4120408', '2024-01-14 15:15:51', NULL, NULL),
	(3067, 'Primeiro de Maio', 18, '4120507', '2024-01-14 15:15:51', NULL, NULL),
	(3068, 'Prudentópolis', 18, '4120606', '2024-01-14 15:15:51', NULL, NULL),
	(3069, 'Quarto Centenário', 18, '4120655', '2024-01-14 15:15:51', NULL, NULL),
	(3070, 'Quatiguá', 18, '4120705', '2024-01-14 15:15:51', NULL, NULL),
	(3071, 'Quatro Barras', 18, '4120804', '2024-01-14 15:15:51', NULL, NULL),
	(3072, 'Quatro Pontes', 18, '4120853', '2024-01-14 15:15:51', NULL, NULL),
	(3073, 'Quedas do Iguaçu', 18, '4120903', '2024-01-14 15:15:51', NULL, NULL),
	(3074, 'Querência do Norte', 18, '4121000', '2024-01-14 15:15:51', NULL, NULL),
	(3075, 'Quinta do Sol', 18, '4121109', '2024-01-14 15:15:51', NULL, NULL),
	(3076, 'Quitandinha', 18, '4121208', '2024-01-14 15:15:51', NULL, NULL),
	(3077, 'Ramilândia', 18, '4121257', '2024-01-14 15:15:51', NULL, NULL),
	(3078, 'Rancho Alegre', 18, '4121307', '2024-01-14 15:15:51', NULL, NULL),
	(3079, 'Rancho Alegre dOeste', 18, '4121356', '2024-01-14 15:15:51', NULL, NULL),
	(3080, 'Realeza', 18, '4121406', '2024-01-14 15:15:51', NULL, NULL),
	(3081, 'Rebouças', 18, '4121505', '2024-01-14 15:15:51', NULL, NULL),
	(3082, 'Renascença', 18, '4121604', '2024-01-14 15:15:51', NULL, NULL),
	(3083, 'Reserva', 18, '4121703', '2024-01-14 15:15:51', NULL, NULL),
	(3084, 'Reserva do Iguaçu', 18, '4121752', '2024-01-14 15:15:51', NULL, NULL),
	(3085, 'Ribeirão Claro', 18, '4121802', '2024-01-14 15:15:51', NULL, NULL),
	(3086, 'Ribeirão do Pinhal', 18, '4121901', '2024-01-14 15:15:51', NULL, NULL),
	(3087, 'Rio Azul', 18, '4122008', '2024-01-14 15:15:51', NULL, NULL),
	(3088, 'Rio Bom', 18, '4122107', '2024-01-14 15:15:51', NULL, NULL),
	(3089, 'Rio Bonito do Iguaçu', 18, '4122156', '2024-01-14 15:15:51', NULL, NULL),
	(3090, 'Rio Branco do Ivaí', 18, '4122172', '2024-01-14 15:15:51', NULL, NULL),
	(3091, 'Rio Branco do Sul', 18, '4122206', '2024-01-14 15:15:51', NULL, NULL),
	(3092, 'Rio Negro', 18, '4122305', '2024-01-14 15:15:51', NULL, NULL),
	(3093, 'Rolândia', 18, '4122404', '2024-01-14 15:15:51', NULL, NULL),
	(3094, 'Roncador', 18, '4122503', '2024-01-14 15:15:51', NULL, NULL),
	(3095, 'Rondon', 18, '4122602', '2024-01-14 15:15:51', NULL, NULL),
	(3096, 'Rosário do Ivaí', 18, '4122651', '2024-01-14 15:15:51', NULL, NULL),
	(3097, 'Sabáudia', 18, '4122701', '2024-01-14 15:15:51', NULL, NULL),
	(3098, 'Salgado Filho', 18, '4122800', '2024-01-14 15:15:51', NULL, NULL),
	(3099, 'Salto do Itararé', 18, '4122909', '2024-01-14 15:15:51', NULL, NULL),
	(3100, 'Salto do Lontra', 18, '4123006', '2024-01-14 15:15:51', NULL, NULL),
	(3101, 'Santa Amélia', 18, '4123105', '2024-01-14 15:15:51', NULL, NULL),
	(3102, 'Santa Cecília do Pavão', 18, '4123204', '2024-01-14 15:15:51', NULL, NULL),
	(3103, 'Santa Cruz de Monte Castelo', 18, '4123303', '2024-01-14 15:15:51', NULL, NULL),
	(3104, 'Santa Fé', 18, '4123402', '2024-01-14 15:15:51', NULL, NULL),
	(3105, 'Santa Helena', 18, '4123501', '2024-01-14 15:15:51', NULL, NULL),
	(3106, 'Santa Inês', 18, '4123600', '2024-01-14 15:15:51', NULL, NULL),
	(3107, 'Santa Isabel do Ivaí', 18, '4123709', '2024-01-14 15:15:51', NULL, NULL),
	(3108, 'Santa Izabel do Oeste', 18, '4123808', '2024-01-14 15:15:51', NULL, NULL),
	(3109, 'Santa Lúcia', 18, '4123824', '2024-01-14 15:15:51', NULL, NULL),
	(3110, 'Santa Maria do Oeste', 18, '4123857', '2024-01-14 15:15:51', NULL, NULL),
	(3111, 'Santa Mariana', 18, '4123907', '2024-01-14 15:15:51', NULL, NULL),
	(3112, 'Santa Mônica', 18, '4123956', '2024-01-14 15:15:51', NULL, NULL),
	(3113, 'Santa Tereza do Oeste', 18, '4124020', '2024-01-14 15:15:51', NULL, NULL),
	(3114, 'Santa Terezinha de Itaipu', 18, '4124053', '2024-01-14 15:15:51', NULL, NULL),
	(3115, 'Santana do Itararé', 18, '4124004', '2024-01-14 15:15:51', NULL, NULL),
	(3116, 'Santo Antônio da Platina', 18, '4124103', '2024-01-14 15:15:51', NULL, NULL),
	(3117, 'Santo Antônio do Caiuá', 18, '4124202', '2024-01-14 15:15:51', NULL, NULL),
	(3118, 'Santo Antônio do Paraíso', 18, '4124301', '2024-01-14 15:15:51', NULL, NULL),
	(3119, 'Santo Antônio do Sudoeste', 18, '4124400', '2024-01-14 15:15:51', NULL, NULL),
	(3120, 'Santo Inácio', 18, '4124509', '2024-01-14 15:15:51', NULL, NULL),
	(3121, 'São Carlos do Ivaí', 18, '4124608', '2024-01-14 15:15:51', NULL, NULL),
	(3122, 'São Jerônimo da Serra', 18, '4124707', '2024-01-14 15:15:51', NULL, NULL),
	(3123, 'São João', 18, '4124806', '2024-01-14 15:15:51', NULL, NULL),
	(3124, 'São João do Caiuá', 18, '4124905', '2024-01-14 15:15:51', NULL, NULL),
	(3125, 'São João do Ivaí', 18, '4125001', '2024-01-14 15:15:51', NULL, NULL),
	(3126, 'São João do Triunfo', 18, '4125100', '2024-01-14 15:15:51', NULL, NULL),
	(3127, 'São Jorge dOeste', 18, '4125209', '2024-01-14 15:15:51', NULL, NULL),
	(3128, 'São Jorge do Ivaí', 18, '4125308', '2024-01-14 15:15:51', NULL, NULL),
	(3129, 'São Jorge do Patrocínio', 18, '4125357', '2024-01-14 15:15:51', NULL, NULL),
	(3130, 'São José da Boa Vista', 18, '4125407', '2024-01-14 15:15:51', NULL, NULL),
	(3131, 'São José das Palmeiras', 18, '4125456', '2024-01-14 15:15:51', NULL, NULL),
	(3132, 'São José dos Pinhais', 18, '4125506', '2024-01-14 15:15:51', NULL, NULL),
	(3133, 'São Manoel do Paraná', 18, '4125555', '2024-01-14 15:15:51', NULL, NULL),
	(3134, 'São Mateus do Sul', 18, '4125605', '2024-01-14 15:15:51', NULL, NULL),
	(3135, 'São Miguel do Iguaçu', 18, '4125704', '2024-01-14 15:15:51', NULL, NULL),
	(3136, 'São Pedro do Iguaçu', 18, '4125753', '2024-01-14 15:15:51', NULL, NULL),
	(3137, 'São Pedro do Ivaí', 18, '4125803', '2024-01-14 15:15:51', NULL, NULL),
	(3138, 'São Pedro do Paraná', 18, '4125902', '2024-01-14 15:15:51', NULL, NULL),
	(3139, 'São Sebastião da Amoreira', 18, '4126009', '2024-01-14 15:15:51', NULL, NULL),
	(3140, 'São Tomé', 18, '4126108', '2024-01-14 15:15:51', NULL, NULL),
	(3141, 'Sapopema', 18, '4126207', '2024-01-14 15:15:51', NULL, NULL),
	(3142, 'Sarandi', 18, '4126256', '2024-01-14 15:15:51', NULL, NULL),
	(3143, 'Saudade do Iguaçu', 18, '4126272', '2024-01-14 15:15:51', NULL, NULL),
	(3144, 'Sengés', 18, '4126306', '2024-01-14 15:15:51', NULL, NULL),
	(3145, 'Serranópolis do Iguaçu', 18, '4126355', '2024-01-14 15:15:51', NULL, NULL),
	(3146, 'Sertaneja', 18, '4126405', '2024-01-14 15:15:51', NULL, NULL),
	(3147, 'Sertanópolis', 18, '4126504', '2024-01-14 15:15:51', NULL, NULL),
	(3148, 'Siqueira Campos', 18, '4126603', '2024-01-14 15:15:51', NULL, NULL),
	(3149, 'Sulina', 18, '4126652', '2024-01-14 15:15:51', NULL, NULL),
	(3150, 'Tamarana', 18, '4126678', '2024-01-14 15:15:51', NULL, NULL),
	(3151, 'Tamboara', 18, '4126702', '2024-01-14 15:15:51', NULL, NULL),
	(3152, 'Tapejara', 18, '4126801', '2024-01-14 15:15:51', NULL, NULL),
	(3153, 'Tapira', 18, '4126900', '2024-01-14 15:15:51', NULL, NULL),
	(3154, 'Teixeira Soares', 18, '4127007', '2024-01-14 15:15:51', NULL, NULL),
	(3155, 'Telêmaco Borba', 18, '4127106', '2024-01-14 15:15:51', NULL, NULL),
	(3156, 'Terra Boa', 18, '4127205', '2024-01-14 15:15:51', NULL, NULL),
	(3157, 'Terra Rica', 18, '4127304', '2024-01-14 15:15:51', NULL, NULL),
	(3158, 'Terra Roxa', 18, '4127403', '2024-01-14 15:15:51', NULL, NULL),
	(3159, 'Tibagi', 18, '4127502', '2024-01-14 15:15:51', NULL, NULL),
	(3160, 'Tijucas do Sul', 18, '4127601', '2024-01-14 15:15:51', NULL, NULL),
	(3161, 'Toledo', 18, '4127700', '2024-01-14 15:15:51', NULL, NULL),
	(3162, 'Tomazina', 18, '4127809', '2024-01-14 15:15:51', NULL, NULL),
	(3163, 'Três Barras do Paraná', 18, '4127858', '2024-01-14 15:15:51', NULL, NULL),
	(3164, 'Tunas do Paraná', 18, '4127882', '2024-01-14 15:15:51', NULL, NULL),
	(3165, 'Tuneiras do Oeste', 18, '4127908', '2024-01-14 15:15:51', NULL, NULL),
	(3166, 'Tupãssi', 18, '4127957', '2024-01-14 15:15:51', NULL, NULL),
	(3167, 'Turvo', 18, '4127965', '2024-01-14 15:15:51', NULL, NULL),
	(3168, 'Ubiratã', 18, '4128005', '2024-01-14 15:15:51', NULL, NULL),
	(3169, 'Umuarama', 18, '4128104', '2024-01-14 15:15:51', NULL, NULL),
	(3170, 'União da Vitória', 18, '4128203', '2024-01-14 15:15:51', NULL, NULL),
	(3171, 'Uniflor', 18, '4128302', '2024-01-14 15:15:51', NULL, NULL),
	(3172, 'Uraí', 18, '4128401', '2024-01-14 15:15:51', NULL, NULL),
	(3173, 'Ventania', 18, '4128534', '2024-01-14 15:15:51', NULL, NULL),
	(3174, 'Vera Cruz do Oeste', 18, '4128559', '2024-01-14 15:15:51', NULL, NULL),
	(3175, 'Verê', 18, '4128609', '2024-01-14 15:15:51', NULL, NULL),
	(3176, 'Virmond', 18, '4128658', '2024-01-14 15:15:51', NULL, NULL),
	(3177, 'Vitorino', 18, '4128708', '2024-01-14 15:15:51', NULL, NULL),
	(3178, 'Wenceslau Braz', 18, '4128500', '2024-01-14 15:15:51', NULL, NULL),
	(3179, 'Xambrê', 18, '4128807', '2024-01-14 15:15:51', NULL, NULL),
	(3180, 'Abreu e Lima', 16, '2600054', '2024-01-14 15:15:51', NULL, NULL),
	(3181, 'Afogados da Ingazeira', 16, '2600104', '2024-01-14 15:15:51', NULL, NULL),
	(3182, 'Afrânio', 16, '2600203', '2024-01-14 15:15:51', NULL, NULL),
	(3183, 'Agrestina', 16, '2600302', '2024-01-14 15:15:51', NULL, NULL),
	(3184, 'Água Preta', 16, '2600401', '2024-01-14 15:15:51', NULL, NULL),
	(3185, 'Águas Belas', 16, '2600500', '2024-01-14 15:15:51', NULL, NULL),
	(3186, 'Alagoinha', 16, '2600609', '2024-01-14 15:15:51', NULL, NULL),
	(3187, 'Aliança', 16, '2600708', '2024-01-14 15:15:51', NULL, NULL),
	(3188, 'Altinho', 16, '2600807', '2024-01-14 15:15:51', NULL, NULL),
	(3189, 'Amaraji', 16, '2600906', '2024-01-14 15:15:51', NULL, NULL),
	(3190, 'Angelim', 16, '2601003', '2024-01-14 15:15:51', NULL, NULL),
	(3191, 'Araçoiaba', 16, '2601052', '2024-01-14 15:15:51', NULL, NULL),
	(3192, 'Araripina', 16, '2601102', '2024-01-14 15:15:51', NULL, NULL),
	(3193, 'Arcoverde', 16, '2601201', '2024-01-14 15:15:51', NULL, NULL),
	(3194, 'Barra de Guabiraba', 16, '2601300', '2024-01-14 15:15:51', NULL, NULL),
	(3195, 'Barreiros', 16, '2601409', '2024-01-14 15:15:51', NULL, NULL),
	(3196, 'Belém de Maria', 16, '2601508', '2024-01-14 15:15:51', NULL, NULL),
	(3197, 'Belém de São Francisco', 16, '2601607', '2024-01-14 15:15:51', NULL, NULL),
	(3198, 'Belo Jardim', 16, '2601706', '2024-01-14 15:15:51', NULL, NULL),
	(3199, 'Betânia', 16, '2601805', '2024-01-14 15:15:52', NULL, NULL),
	(3200, 'Bezerros', 16, '2601904', '2024-01-14 15:15:52', NULL, NULL),
	(3201, 'Bodocó', 16, '2602001', '2024-01-14 15:15:52', NULL, NULL),
	(3202, 'Bom Conselho', 16, '2602100', '2024-01-14 15:15:52', NULL, NULL),
	(3203, 'Bom Jardim', 16, '2602209', '2024-01-14 15:15:52', NULL, NULL),
	(3204, 'Bonito', 16, '2602308', '2024-01-14 15:15:52', NULL, NULL),
	(3205, 'Brejão', 16, '2602407', '2024-01-14 15:15:52', NULL, NULL),
	(3206, 'Brejinho', 16, '2602506', '2024-01-14 15:15:52', NULL, NULL),
	(3207, 'Brejo da Madre de Deus', 16, '2602605', '2024-01-14 15:15:52', NULL, NULL),
	(3208, 'Buenos Aires', 16, '2602704', '2024-01-14 15:15:52', NULL, NULL),
	(3209, 'Buíque', 16, '2602803', '2024-01-14 15:15:52', NULL, NULL),
	(3210, 'Cabo de Santo Agostinho', 16, '2602902', '2024-01-14 15:15:52', NULL, NULL),
	(3211, 'Cabrobó', 16, '2603009', '2024-01-14 15:15:52', NULL, NULL),
	(3212, 'Cachoeirinha', 16, '2603108', '2024-01-14 15:15:52', NULL, NULL),
	(3213, 'Caetés', 16, '2603207', '2024-01-14 15:15:52', NULL, NULL),
	(3214, 'Calçado', 16, '2603306', '2024-01-14 15:15:52', NULL, NULL),
	(3215, 'Calumbi', 16, '2603405', '2024-01-14 15:15:52', NULL, NULL),
	(3216, 'Camaragibe', 16, '2603454', '2024-01-14 15:15:52', NULL, NULL),
	(3217, 'Camocim de São Félix', 16, '2603504', '2024-01-14 15:15:52', NULL, NULL),
	(3218, 'Camutanga', 16, '2603603', '2024-01-14 15:15:52', NULL, NULL),
	(3219, 'Canhotinho', 16, '2603702', '2024-01-14 15:15:52', NULL, NULL),
	(3220, 'Capoeiras', 16, '2603801', '2024-01-14 15:15:52', NULL, NULL),
	(3221, 'Carnaíba', 16, '2603900', '2024-01-14 15:15:52', NULL, NULL),
	(3222, 'Carnaubeira da Penha', 16, '2603926', '2024-01-14 15:15:52', NULL, NULL),
	(3223, 'Carpina', 16, '2604007', '2024-01-14 15:15:52', NULL, NULL),
	(3224, 'Caruaru', 16, '2604106', '2024-01-14 15:15:52', NULL, NULL),
	(3225, 'Casinhas', 16, '2604155', '2024-01-14 15:15:52', NULL, NULL),
	(3226, 'Catende', 16, '2604205', '2024-01-14 15:15:52', NULL, NULL),
	(3227, 'Cedro', 16, '2604304', '2024-01-14 15:15:52', NULL, NULL),
	(3228, 'Chã de Alegria', 16, '2604403', '2024-01-14 15:15:52', NULL, NULL),
	(3229, 'Chã Grande', 16, '2604502', '2024-01-14 15:15:52', NULL, NULL),
	(3230, 'Condado', 16, '2604601', '2024-01-14 15:15:52', NULL, NULL),
	(3231, 'Correntes', 16, '2604700', '2024-01-14 15:15:52', NULL, NULL),
	(3232, 'Cortês', 16, '2604809', '2024-01-14 15:15:52', NULL, NULL),
	(3233, 'Cumaru', 16, '2604908', '2024-01-14 15:15:52', NULL, NULL),
	(3234, 'Cupira', 16, '2605004', '2024-01-14 15:15:52', NULL, NULL),
	(3235, 'Custódia', 16, '2605103', '2024-01-14 15:15:52', NULL, NULL),
	(3236, 'Dormentes', 16, '2605152', '2024-01-14 15:15:52', NULL, NULL),
	(3237, 'Escada', 16, '2605202', '2024-01-14 15:15:52', NULL, NULL),
	(3238, 'Exu', 16, '2605301', '2024-01-14 15:15:52', NULL, NULL),
	(3239, 'Feira Nova', 16, '2605400', '2024-01-14 15:15:52', NULL, NULL),
	(3240, 'Fernando de Noronha', 16, '2605459', '2024-01-14 15:15:52', NULL, NULL),
	(3241, 'Ferreiros', 16, '2605509', '2024-01-14 15:15:52', NULL, NULL),
	(3242, 'Flores', 16, '2605608', '2024-01-14 15:15:52', NULL, NULL),
	(3243, 'Floresta', 16, '2605707', '2024-01-14 15:15:52', NULL, NULL),
	(3244, 'Frei Miguelinho', 16, '2605806', '2024-01-14 15:15:52', NULL, NULL),
	(3245, 'Gameleira', 16, '2605905', '2024-01-14 15:15:52', NULL, NULL),
	(3246, 'Garanhuns', 16, '2606002', '2024-01-14 15:15:52', NULL, NULL),
	(3247, 'Glória do Goitá', 16, '2606101', '2024-01-14 15:15:52', NULL, NULL),
	(3248, 'Goiana', 16, '2606200', '2024-01-14 15:15:52', NULL, NULL),
	(3249, 'Granito', 16, '2606309', '2024-01-14 15:15:52', NULL, NULL),
	(3250, 'Gravatá', 16, '2606408', '2024-01-14 15:15:52', NULL, NULL),
	(3251, 'Iati', 16, '2606507', '2024-01-14 15:15:52', NULL, NULL),
	(3252, 'Ibimirim', 16, '2606606', '2024-01-14 15:15:52', NULL, NULL),
	(3253, 'Ibirajuba', 16, '2606705', '2024-01-14 15:15:52', NULL, NULL),
	(3254, 'Igarassu', 16, '2606804', '2024-01-14 15:15:52', NULL, NULL),
	(3255, 'Iguaraci', 16, '2606903', '2024-01-14 15:15:52', NULL, NULL),
	(3256, 'Ilha de Itamaracá', 16, '2607604', '2024-01-14 15:15:52', NULL, NULL),
	(3257, 'Inajá', 16, '2607000', '2024-01-14 15:15:52', NULL, NULL),
	(3258, 'Ingazeira', 16, '2607109', '2024-01-14 15:15:52', NULL, NULL),
	(3259, 'Ipojuca', 16, '2607208', '2024-01-14 15:15:52', NULL, NULL),
	(3260, 'Ipubi', 16, '2607307', '2024-01-14 15:15:52', NULL, NULL),
	(3261, 'Itacuruba', 16, '2607406', '2024-01-14 15:15:52', NULL, NULL),
	(3262, 'Itaíba', 16, '2607505', '2024-01-14 15:15:52', NULL, NULL),
	(3263, 'Itambé', 16, '2607653', '2024-01-14 15:15:52', NULL, NULL),
	(3264, 'Itapetim', 16, '2607703', '2024-01-14 15:15:52', NULL, NULL),
	(3265, 'Itapissuma', 16, '2607752', '2024-01-14 15:15:52', NULL, NULL),
	(3266, 'Itaquitinga', 16, '2607802', '2024-01-14 15:15:52', NULL, NULL),
	(3267, 'Jaboatão dos Guararapes', 16, '2607901', '2024-01-14 15:15:52', NULL, NULL),
	(3268, 'Jaqueira', 16, '2607950', '2024-01-14 15:15:52', NULL, NULL),
	(3269, 'Jataúba', 16, '2608008', '2024-01-14 15:15:52', NULL, NULL),
	(3270, 'Jatobá', 16, '2608057', '2024-01-14 15:15:52', NULL, NULL),
	(3271, 'João Alfredo', 16, '2608107', '2024-01-14 15:15:52', NULL, NULL),
	(3272, 'Joaquim Nabuco', 16, '2608206', '2024-01-14 15:15:52', NULL, NULL),
	(3273, 'Jucati', 16, '2608255', '2024-01-14 15:15:52', NULL, NULL),
	(3274, 'Jupi', 16, '2608305', '2024-01-14 15:15:52', NULL, NULL),
	(3275, 'Jurema', 16, '2608404', '2024-01-14 15:15:52', NULL, NULL),
	(3276, 'Lagoa do Carro', 16, '2608453', '2024-01-14 15:15:52', NULL, NULL),
	(3277, 'Lagoa do Itaenga', 16, '2608503', '2024-01-14 15:15:52', NULL, NULL),
	(3278, 'Lagoa do Ouro', 16, '2608602', '2024-01-14 15:15:52', NULL, NULL),
	(3279, 'Lagoa dos Gatos', 16, '2608701', '2024-01-14 15:15:52', NULL, NULL),
	(3280, 'Lagoa Grande', 16, '2608750', '2024-01-14 15:15:52', NULL, NULL),
	(3281, 'Lajedo', 16, '2608800', '2024-01-14 15:15:52', NULL, NULL),
	(3282, 'Limoeiro', 16, '2608909', '2024-01-14 15:15:52', NULL, NULL),
	(3283, 'Macaparana', 16, '2609006', '2024-01-14 15:15:52', NULL, NULL),
	(3284, 'Machados', 16, '2609105', '2024-01-14 15:15:52', NULL, NULL),
	(3285, 'Manari', 16, '2609154', '2024-01-14 15:15:52', NULL, NULL),
	(3286, 'Maraial', 16, '2609204', '2024-01-14 15:15:52', NULL, NULL),
	(3287, 'Mirandiba', 16, '2609303', '2024-01-14 15:15:52', NULL, NULL),
	(3288, 'Moreilândia', 16, '2614303', '2024-01-14 15:15:52', NULL, NULL),
	(3289, 'Moreno', 16, '2609402', '2024-01-14 15:15:52', NULL, NULL),
	(3290, 'Nazaré da Mata', 16, '2609501', '2024-01-14 15:15:52', NULL, NULL),
	(3291, 'Olinda', 16, '2609600', '2024-01-14 15:15:52', NULL, NULL),
	(3292, 'Orobó', 16, '2609709', '2024-01-14 15:15:52', NULL, NULL),
	(3293, 'Orocó', 16, '2609808', '2024-01-14 15:15:52', NULL, NULL),
	(3294, 'Ouricuri', 16, '2609907', '2024-01-14 15:15:52', NULL, NULL),
	(3295, 'Palmares', 16, '2610004', '2024-01-14 15:15:52', NULL, NULL),
	(3296, 'Palmeirina', 16, '2610103', '2024-01-14 15:15:52', NULL, NULL),
	(3297, 'Panelas', 16, '2610202', '2024-01-14 15:15:52', NULL, NULL),
	(3298, 'Paranatama', 16, '2610301', '2024-01-14 15:15:52', NULL, NULL),
	(3299, 'Parnamirim', 16, '2610400', '2024-01-14 15:15:52', NULL, NULL),
	(3300, 'Passira', 16, '2610509', '2024-01-14 15:15:52', NULL, NULL),
	(3301, 'Paudalho', 16, '2610608', '2024-01-14 15:15:52', NULL, NULL),
	(3302, 'Paulista', 16, '2610707', '2024-01-14 15:15:52', NULL, NULL),
	(3303, 'Pedra', 16, '2610806', '2024-01-14 15:15:52', NULL, NULL),
	(3304, 'Pesqueira', 16, '2610905', '2024-01-14 15:15:52', NULL, NULL),
	(3305, 'Petrolândia', 16, '2611002', '2024-01-14 15:15:52', NULL, NULL),
	(3306, 'Petrolina', 16, '2611101', '2024-01-14 15:15:52', NULL, NULL),
	(3307, 'Poção', 16, '2611200', '2024-01-14 15:15:52', NULL, NULL),
	(3308, 'Pombos', 16, '2611309', '2024-01-14 15:15:52', NULL, NULL),
	(3309, 'Primavera', 16, '2611408', '2024-01-14 15:15:52', NULL, NULL),
	(3310, 'Quipapá', 16, '2611507', '2024-01-14 15:15:52', NULL, NULL),
	(3311, 'Quixaba', 16, '2611533', '2024-01-14 15:15:52', NULL, NULL),
	(3312, 'Recife', 16, '2611606', '2024-01-14 15:15:52', NULL, NULL),
	(3313, 'Riacho das Almas', 16, '2611705', '2024-01-14 15:15:52', NULL, NULL),
	(3314, 'Ribeirão', 16, '2611804', '2024-01-14 15:15:52', NULL, NULL),
	(3315, 'Rio Formoso', 16, '2611903', '2024-01-14 15:15:52', NULL, NULL),
	(3316, 'Sairé', 16, '2612000', '2024-01-14 15:15:52', NULL, NULL),
	(3317, 'Salgadinho', 16, '2612109', '2024-01-14 15:15:52', NULL, NULL),
	(3318, 'Salgueiro', 16, '2612208', '2024-01-14 15:15:52', NULL, NULL),
	(3319, 'Saloá', 16, '2612307', '2024-01-14 15:15:52', NULL, NULL),
	(3320, 'Sanharó', 16, '2612406', '2024-01-14 15:15:52', NULL, NULL),
	(3321, 'Santa Cruz', 16, '2612455', '2024-01-14 15:15:52', NULL, NULL),
	(3322, 'Santa Cruz da Baixa Verde', 16, '2612471', '2024-01-14 15:15:52', NULL, NULL),
	(3323, 'Santa Cruz do Capibaribe', 16, '2612505', '2024-01-14 15:15:52', NULL, NULL),
	(3324, 'Santa Filomena', 16, '2612554', '2024-01-14 15:15:52', NULL, NULL),
	(3325, 'Santa Maria da Boa Vista', 16, '2612604', '2024-01-14 15:15:52', NULL, NULL),
	(3326, 'Santa Maria do Cambucá', 16, '2612703', '2024-01-14 15:15:52', NULL, NULL),
	(3327, 'Santa Terezinha', 16, '2612802', '2024-01-14 15:15:52', NULL, NULL),
	(3328, 'São Benedito do Sul', 16, '2612901', '2024-01-14 15:15:52', NULL, NULL),
	(3329, 'São Bento do Una', 16, '2613008', '2024-01-14 15:15:52', NULL, NULL),
	(3330, 'São Caitano', 16, '2613107', '2024-01-14 15:15:52', NULL, NULL),
	(3331, 'São João', 16, '2613206', '2024-01-14 15:15:52', NULL, NULL),
	(3332, 'São Joaquim do Monte', 16, '2613305', '2024-01-14 15:15:52', NULL, NULL),
	(3333, 'São José da Coroa Grande', 16, '2613404', '2024-01-14 15:15:52', NULL, NULL),
	(3334, 'São José do Belmonte', 16, '2613503', '2024-01-14 15:15:52', NULL, NULL),
	(3335, 'São José do Egito', 16, '2613602', '2024-01-14 15:15:52', NULL, NULL),
	(3336, 'São Lourenço da Mata', 16, '2613701', '2024-01-14 15:15:52', NULL, NULL),
	(3337, 'São Vicente Ferrer', 16, '2613800', '2024-01-14 15:15:52', NULL, NULL),
	(3338, 'Serra Talhada', 16, '2613909', '2024-01-14 15:15:52', NULL, NULL),
	(3339, 'Serrita', 16, '2614006', '2024-01-14 15:15:52', NULL, NULL),
	(3340, 'Sertânia', 16, '2614105', '2024-01-14 15:15:52', NULL, NULL),
	(3341, 'Sirinhaém', 16, '2614204', '2024-01-14 15:15:52', NULL, NULL),
	(3342, 'Solidão', 16, '2614402', '2024-01-14 15:15:52', NULL, NULL),
	(3343, 'Surubim', 16, '2614501', '2024-01-14 15:15:52', NULL, NULL),
	(3344, 'Tabira', 16, '2614600', '2024-01-14 15:15:52', NULL, NULL),
	(3345, 'Tacaimbó', 16, '2614709', '2024-01-14 15:15:52', NULL, NULL),
	(3346, 'Tacaratu', 16, '2614808', '2024-01-14 15:15:52', NULL, NULL),
	(3347, 'Tamandaré', 16, '2614857', '2024-01-14 15:15:52', NULL, NULL),
	(3348, 'Taquaritinga do Norte', 16, '2615003', '2024-01-14 15:15:52', NULL, NULL),
	(3349, 'Terezinha', 16, '2615102', '2024-01-14 15:15:52', NULL, NULL),
	(3350, 'Terra Nova', 16, '2615201', '2024-01-14 15:15:52', NULL, NULL),
	(3351, 'Timbaúba', 16, '2615300', '2024-01-14 15:15:52', NULL, NULL),
	(3352, 'Toritama', 16, '2615409', '2024-01-14 15:15:52', NULL, NULL),
	(3353, 'Tracunhaém', 16, '2615508', '2024-01-14 15:15:52', NULL, NULL),
	(3354, 'Trindade', 16, '2615607', '2024-01-14 15:15:52', NULL, NULL),
	(3355, 'Triunfo', 16, '2615706', '2024-01-14 15:15:52', NULL, NULL),
	(3356, 'Tupanatinga', 16, '2615805', '2024-01-14 15:15:52', NULL, NULL),
	(3357, 'Tuparetama', 16, '2615904', '2024-01-14 15:15:52', NULL, NULL),
	(3358, 'Venturosa', 16, '2616001', '2024-01-14 15:15:52', NULL, NULL),
	(3359, 'Verdejante', 16, '2616100', '2024-01-14 15:15:52', NULL, NULL),
	(3360, 'Vertente do Lério', 16, '2616183', '2024-01-14 15:15:52', NULL, NULL),
	(3361, 'Vertentes', 16, '2616209', '2024-01-14 15:15:52', NULL, NULL),
	(3362, 'Vicência', 16, '2616308', '2024-01-14 15:15:52', NULL, NULL),
	(3363, 'Vitória de Santo Antão', 16, '2616407', '2024-01-14 15:15:52', NULL, NULL),
	(3364, 'Xexéu', 16, '2616506', '2024-01-14 15:15:52', NULL, NULL),
	(3365, 'Acauã', 17, '2200053', '2024-01-14 15:15:52', NULL, NULL),
	(3366, 'Agricolândia', 17, '2200103', '2024-01-14 15:15:52', NULL, NULL),
	(3367, 'Água Branca', 17, '2200202', '2024-01-14 15:15:52', NULL, NULL),
	(3368, 'Alagoinha do Piauí', 17, '2200251', '2024-01-14 15:15:52', NULL, NULL),
	(3369, 'Alegrete do Piauí', 17, '2200277', '2024-01-14 15:15:52', NULL, NULL),
	(3370, 'Alto Longá', 17, '2200301', '2024-01-14 15:15:52', NULL, NULL),
	(3371, 'Altos', 17, '2200400', '2024-01-14 15:15:52', NULL, NULL),
	(3372, 'Alvorada do Gurguéia', 17, '2200459', '2024-01-14 15:15:52', NULL, NULL),
	(3373, 'Amarante', 17, '2200509', '2024-01-14 15:15:52', NULL, NULL),
	(3374, 'Angical do Piauí', 17, '2200608', '2024-01-14 15:15:52', NULL, NULL),
	(3375, 'Anísio de Abreu', 17, '2200707', '2024-01-14 15:15:52', NULL, NULL),
	(3376, 'Antônio Almeida', 17, '2200806', '2024-01-14 15:15:52', NULL, NULL),
	(3377, 'Aroazes', 17, '2200905', '2024-01-14 15:15:52', NULL, NULL),
	(3378, 'Aroeiras do Itaim', 17, '2200954', '2024-01-14 15:15:52', NULL, NULL),
	(3379, 'Arraial', 17, '2201002', '2024-01-14 15:15:52', NULL, NULL),
	(3380, 'Assunção do Piauí', 17, '2201051', '2024-01-14 15:15:52', NULL, NULL),
	(3381, 'Avelino Lopes', 17, '2201101', '2024-01-14 15:15:52', NULL, NULL),
	(3382, 'Baixa Grande do Ribeiro', 17, '2201150', '2024-01-14 15:15:52', NULL, NULL),
	(3383, 'Barra dAlcântara', 17, '2201176', '2024-01-14 15:15:52', NULL, NULL),
	(3384, 'Barras', 17, '2201200', '2024-01-14 15:15:52', NULL, NULL),
	(3385, 'Barreiras do Piauí', 17, '2201309', '2024-01-14 15:15:52', NULL, NULL),
	(3386, 'Barro Duro', 17, '2201408', '2024-01-14 15:15:52', NULL, NULL),
	(3387, 'Batalha', 17, '2201507', '2024-01-14 15:15:52', NULL, NULL),
	(3388, 'Bela Vista do Piauí', 17, '2201556', '2024-01-14 15:15:52', NULL, NULL),
	(3389, 'Belém do Piauí', 17, '2201572', '2024-01-14 15:15:52', NULL, NULL),
	(3390, 'Beneditinos', 17, '2201606', '2024-01-14 15:15:52', NULL, NULL),
	(3391, 'Bertolínia', 17, '2201705', '2024-01-14 15:15:52', NULL, NULL),
	(3392, 'Betânia do Piauí', 17, '2201739', '2024-01-14 15:15:52', NULL, NULL),
	(3393, 'Boa Hora', 17, '2201770', '2024-01-14 15:15:52', NULL, NULL),
	(3394, 'Bocaina', 17, '2201804', '2024-01-14 15:15:52', NULL, NULL),
	(3395, 'Bom Jesus', 17, '2201903', '2024-01-14 15:15:52', NULL, NULL),
	(3396, 'Bom Princípio do Piauí', 17, '2201919', '2024-01-14 15:15:52', NULL, NULL),
	(3397, 'Bonfim do Piauí', 17, '2201929', '2024-01-14 15:15:52', NULL, NULL),
	(3398, 'Boqueirão do Piauí', 17, '2201945', '2024-01-14 15:15:52', NULL, NULL),
	(3399, 'Brasileira', 17, '2201960', '2024-01-14 15:15:52', NULL, NULL),
	(3400, 'Brejo do Piauí', 17, '2201988', '2024-01-14 15:15:52', NULL, NULL),
	(3401, 'Buriti dos Lopes', 17, '2202000', '2024-01-14 15:15:52', NULL, NULL),
	(3402, 'Buriti dos Montes', 17, '2202026', '2024-01-14 15:15:52', NULL, NULL),
	(3403, 'Cabeceiras do Piauí', 17, '2202059', '2024-01-14 15:15:52', NULL, NULL),
	(3404, 'Cajazeiras do Piauí', 17, '2202075', '2024-01-14 15:15:52', NULL, NULL),
	(3405, 'Cajueiro da Praia', 17, '2202083', '2024-01-14 15:15:52', NULL, NULL),
	(3406, 'Caldeirão Grande do Piauí', 17, '2202091', '2024-01-14 15:15:52', NULL, NULL),
	(3407, 'Campinas do Piauí', 17, '2202109', '2024-01-14 15:15:52', NULL, NULL),
	(3408, 'Campo Alegre do Fidalgo', 17, '2202117', '2024-01-14 15:15:52', NULL, NULL),
	(3409, 'Campo Grande do Piauí', 17, '2202133', '2024-01-14 15:15:52', NULL, NULL),
	(3410, 'Campo Largo do Piauí', 17, '2202174', '2024-01-14 15:15:52', NULL, NULL),
	(3411, 'Campo Maior', 17, '2202208', '2024-01-14 15:15:52', NULL, NULL),
	(3412, 'Canavieira', 17, '2202251', '2024-01-14 15:15:52', NULL, NULL),
	(3413, 'Canto do Buriti', 17, '2202307', '2024-01-14 15:15:52', NULL, NULL),
	(3414, 'Capitão de Campos', 17, '2202406', '2024-01-14 15:15:52', NULL, NULL),
	(3415, 'Capitão Gervásio Oliveira', 17, '2202455', '2024-01-14 15:15:52', NULL, NULL),
	(3416, 'Caracol', 17, '2202505', '2024-01-14 15:15:52', NULL, NULL),
	(3417, 'Caraúbas do Piauí', 17, '2202539', '2024-01-14 15:15:52', NULL, NULL),
	(3418, 'Caridade do Piauí', 17, '2202554', '2024-01-14 15:15:52', NULL, NULL),
	(3419, 'Castelo do Piauí', 17, '2202604', '2024-01-14 15:15:52', NULL, NULL),
	(3420, 'Caxingó', 17, '2202653', '2024-01-14 15:15:52', NULL, NULL),
	(3421, 'Cocal', 17, '2202703', '2024-01-14 15:15:52', NULL, NULL),
	(3422, 'Cocal de Telha', 17, '2202711', '2024-01-14 15:15:52', NULL, NULL),
	(3423, 'Cocal dos Alves', 17, '2202729', '2024-01-14 15:15:52', NULL, NULL),
	(3424, 'Coivaras', 17, '2202737', '2024-01-14 15:15:52', NULL, NULL),
	(3425, 'Colônia do Gurguéia', 17, '2202752', '2024-01-14 15:15:52', NULL, NULL),
	(3426, 'Colônia do Piauí', 17, '2202778', '2024-01-14 15:15:52', NULL, NULL),
	(3427, 'Conceição do Canindé', 17, '2202802', '2024-01-14 15:15:52', NULL, NULL),
	(3428, 'Coronel José Dias', 17, '2202851', '2024-01-14 15:15:52', NULL, NULL),
	(3429, 'Corrente', 17, '2202901', '2024-01-14 15:15:52', NULL, NULL),
	(3430, 'Cristalândia do Piauí', 17, '2203008', '2024-01-14 15:15:52', NULL, NULL),
	(3431, 'Cristino Castro', 17, '2203107', '2024-01-14 15:15:52', NULL, NULL),
	(3432, 'Curimatá', 17, '2203206', '2024-01-14 15:15:52', NULL, NULL),
	(3433, 'Currais', 17, '2203230', '2024-01-14 15:15:52', NULL, NULL),
	(3434, 'Curral Novo do Piauí', 17, '2203271', '2024-01-14 15:15:52', NULL, NULL),
	(3435, 'Curralinhos', 17, '2203255', '2024-01-14 15:15:52', NULL, NULL),
	(3436, 'Demerval Lobão', 17, '2203305', '2024-01-14 15:15:52', NULL, NULL),
	(3437, 'Dirceu Arcoverde', 17, '2203354', '2024-01-14 15:15:52', NULL, NULL),
	(3438, 'Dom Expedito Lopes', 17, '2203404', '2024-01-14 15:15:52', NULL, NULL),
	(3439, 'Dom Inocêncio', 17, '2203453', '2024-01-14 15:15:52', NULL, NULL),
	(3440, 'Domingos Mourão', 17, '2203420', '2024-01-14 15:15:52', NULL, NULL),
	(3441, 'Elesbão Veloso', 17, '2203503', '2024-01-14 15:15:52', NULL, NULL),
	(3442, 'Eliseu Martins', 17, '2203602', '2024-01-14 15:15:53', NULL, NULL),
	(3443, 'Esperantina', 17, '2203701', '2024-01-14 15:15:53', NULL, NULL),
	(3444, 'Fartura do Piauí', 17, '2203750', '2024-01-14 15:15:53', NULL, NULL),
	(3445, 'Flores do Piauí', 17, '2203800', '2024-01-14 15:15:53', NULL, NULL),
	(3446, 'Floresta do Piauí', 17, '2203859', '2024-01-14 15:15:53', NULL, NULL),
	(3447, 'Floriano', 17, '2203909', '2024-01-14 15:15:53', NULL, NULL),
	(3448, 'Francinópolis', 17, '2204006', '2024-01-14 15:15:53', NULL, NULL),
	(3449, 'Francisco Ayres', 17, '2204105', '2024-01-14 15:15:53', NULL, NULL),
	(3450, 'Francisco Macedo', 17, '2204154', '2024-01-14 15:15:53', NULL, NULL),
	(3451, 'Francisco Santos', 17, '2204204', '2024-01-14 15:15:53', NULL, NULL),
	(3452, 'Fronteiras', 17, '2204303', '2024-01-14 15:15:53', NULL, NULL),
	(3453, 'Geminiano', 17, '2204352', '2024-01-14 15:15:53', NULL, NULL),
	(3454, 'Gilbués', 17, '2204402', '2024-01-14 15:15:53', NULL, NULL),
	(3455, 'Guadalupe', 17, '2204501', '2024-01-14 15:15:53', NULL, NULL),
	(3456, 'Guaribas', 17, '2204550', '2024-01-14 15:15:53', NULL, NULL),
	(3457, 'Hugo Napoleão', 17, '2204600', '2024-01-14 15:15:53', NULL, NULL),
	(3458, 'Ilha Grande', 17, '2204659', '2024-01-14 15:15:53', NULL, NULL),
	(3459, 'Inhuma', 17, '2204709', '2024-01-14 15:15:53', NULL, NULL),
	(3460, 'Ipiranga do Piauí', 17, '2204808', '2024-01-14 15:15:53', NULL, NULL),
	(3461, 'Isaías Coelho', 17, '2204907', '2024-01-14 15:15:53', NULL, NULL),
	(3462, 'Itainópolis', 17, '2205003', '2024-01-14 15:15:53', NULL, NULL),
	(3463, 'Itaueira', 17, '2205102', '2024-01-14 15:15:53', NULL, NULL),
	(3464, 'Jacobina do Piauí', 17, '2205151', '2024-01-14 15:15:53', NULL, NULL),
	(3465, 'Jaicós', 17, '2205201', '2024-01-14 15:15:53', NULL, NULL),
	(3466, 'Jardim do Mulato', 17, '2205250', '2024-01-14 15:15:53', NULL, NULL),
	(3467, 'Jatobá do Piauí', 17, '2205276', '2024-01-14 15:15:53', NULL, NULL),
	(3468, 'Jerumenha', 17, '2205300', '2024-01-14 15:15:53', NULL, NULL),
	(3469, 'João Costa', 17, '2205359', '2024-01-14 15:15:53', NULL, NULL),
	(3470, 'Joaquim Pires', 17, '2205409', '2024-01-14 15:15:53', NULL, NULL),
	(3471, 'Joca Marques', 17, '2205458', '2024-01-14 15:15:53', NULL, NULL),
	(3472, 'José de Freitas', 17, '2205508', '2024-01-14 15:15:53', NULL, NULL),
	(3473, 'Juazeiro do Piauí', 17, '2205516', '2024-01-14 15:15:53', NULL, NULL),
	(3474, 'Júlio Borges', 17, '2205524', '2024-01-14 15:15:53', NULL, NULL),
	(3475, 'Jurema', 17, '2205532', '2024-01-14 15:15:53', NULL, NULL),
	(3476, 'Lagoa Alegre', 17, '2205557', '2024-01-14 15:15:53', NULL, NULL),
	(3477, 'Lagoa de São Francisco', 17, '2205573', '2024-01-14 15:15:53', NULL, NULL),
	(3478, 'Lagoa do Barro do Piauí', 17, '2205565', '2024-01-14 15:15:53', NULL, NULL),
	(3479, 'Lagoa do Piauí', 17, '2205581', '2024-01-14 15:15:53', NULL, NULL),
	(3480, 'Lagoa do Sítio', 17, '2205599', '2024-01-14 15:15:53', NULL, NULL),
	(3481, 'Lagoinha do Piauí', 17, '2205540', '2024-01-14 15:15:53', NULL, NULL),
	(3482, 'Landri Sales', 17, '2205607', '2024-01-14 15:15:53', NULL, NULL),
	(3483, 'Luís Correia', 17, '2205706', '2024-01-14 15:15:53', NULL, NULL),
	(3484, 'Luzilândia', 17, '2205805', '2024-01-14 15:15:53', NULL, NULL),
	(3485, 'Madeiro', 17, '2205854', '2024-01-14 15:15:53', NULL, NULL),
	(3486, 'Manoel Emídio', 17, '2205904', '2024-01-14 15:15:53', NULL, NULL),
	(3487, 'Marcolândia', 17, '2205953', '2024-01-14 15:15:53', NULL, NULL),
	(3488, 'Marcos Parente', 17, '2206001', '2024-01-14 15:15:53', NULL, NULL),
	(3489, 'Massapê do Piauí', 17, '2206050', '2024-01-14 15:15:53', NULL, NULL),
	(3490, 'Matias Olímpio', 17, '2206100', '2024-01-14 15:15:53', NULL, NULL),
	(3491, 'Miguel Alves', 17, '2206209', '2024-01-14 15:15:53', NULL, NULL),
	(3492, 'Miguel Leão', 17, '2206308', '2024-01-14 15:15:53', NULL, NULL),
	(3493, 'Milton Brandão', 17, '2206357', '2024-01-14 15:15:53', NULL, NULL),
	(3494, 'Monsenhor Gil', 17, '2206407', '2024-01-14 15:15:53', NULL, NULL),
	(3495, 'Monsenhor Hipólito', 17, '2206506', '2024-01-14 15:15:53', NULL, NULL),
	(3496, 'Monte Alegre do Piauí', 17, '2206605', '2024-01-14 15:15:53', NULL, NULL),
	(3497, 'Morro Cabeça no Tempo', 17, '2206654', '2024-01-14 15:15:53', NULL, NULL),
	(3498, 'Morro do Chapéu do Piauí', 17, '2206670', '2024-01-14 15:15:53', NULL, NULL),
	(3499, 'Murici dos Portelas', 17, '2206696', '2024-01-14 15:15:53', NULL, NULL),
	(3500, 'Nazaré do Piauí', 17, '2206704', '2024-01-14 15:15:53', NULL, NULL),
	(3501, 'Nossa Senhora de Nazaré', 17, '2206753', '2024-01-14 15:15:53', NULL, NULL),
	(3502, 'Nossa Senhora dos Remédios', 17, '2206803', '2024-01-14 15:15:53', NULL, NULL),
	(3503, 'Nova Santa Rita', 17, '2207959', '2024-01-14 15:15:53', NULL, NULL),
	(3504, 'Novo Oriente do Piauí', 17, '2206902', '2024-01-14 15:15:53', NULL, NULL),
	(3505, 'Novo Santo Antônio', 17, '2206951', '2024-01-14 15:15:53', NULL, NULL),
	(3506, 'Oeiras', 17, '2207009', '2024-01-14 15:15:53', NULL, NULL),
	(3507, 'Olho dÁgua do Piauí', 17, '2207108', '2024-01-14 15:15:53', NULL, NULL),
	(3508, 'Padre Marcos', 17, '2207207', '2024-01-14 15:15:53', NULL, NULL),
	(3509, 'Paes Landim', 17, '2207306', '2024-01-14 15:15:53', NULL, NULL),
	(3510, 'Pajeú do Piauí', 17, '2207355', '2024-01-14 15:15:53', NULL, NULL),
	(3511, 'Palmeira do Piauí', 17, '2207405', '2024-01-14 15:15:53', NULL, NULL),
	(3512, 'Palmeirais', 17, '2207504', '2024-01-14 15:15:53', NULL, NULL),
	(3513, 'Paquetá', 17, '2207553', '2024-01-14 15:15:53', NULL, NULL),
	(3514, 'Parnaguá', 17, '2207603', '2024-01-14 15:15:53', NULL, NULL),
	(3515, 'Parnaíba', 17, '2207702', '2024-01-14 15:15:53', NULL, NULL),
	(3516, 'Passagem Franca do Piauí', 17, '2207751', '2024-01-14 15:15:53', NULL, NULL),
	(3517, 'Patos do Piauí', 17, '2207777', '2024-01-14 15:15:53', NULL, NULL),
	(3518, 'Pau dArco do Piauí', 17, '2207793', '2024-01-14 15:15:53', NULL, NULL),
	(3519, 'Paulistana', 17, '2207801', '2024-01-14 15:15:53', NULL, NULL),
	(3520, 'Pavussu', 17, '2207850', '2024-01-14 15:15:53', NULL, NULL),
	(3521, 'Pedro II', 17, '2207900', '2024-01-14 15:15:53', NULL, NULL),
	(3522, 'Pedro Laurentino', 17, '2207934', '2024-01-14 15:15:53', NULL, NULL),
	(3523, 'Picos', 17, '2208007', '2024-01-14 15:15:53', NULL, NULL),
	(3524, 'Pimenteiras', 17, '2208106', '2024-01-14 15:15:53', NULL, NULL),
	(3525, 'Pio IX', 17, '2208205', '2024-01-14 15:15:53', NULL, NULL),
	(3526, 'Piracuruca', 17, '2208304', '2024-01-14 15:15:53', NULL, NULL),
	(3527, 'Piripiri', 17, '2208403', '2024-01-14 15:15:53', NULL, NULL),
	(3528, 'Porto', 17, '2208502', '2024-01-14 15:15:53', NULL, NULL),
	(3529, 'Porto Alegre do Piauí', 17, '2208551', '2024-01-14 15:15:53', NULL, NULL),
	(3530, 'Prata do Piauí', 17, '2208601', '2024-01-14 15:15:53', NULL, NULL),
	(3531, 'Queimada Nova', 17, '2208650', '2024-01-14 15:15:53', NULL, NULL),
	(3532, 'Redenção do Gurguéia', 17, '2208700', '2024-01-14 15:15:53', NULL, NULL),
	(3533, 'Regeneração', 17, '2208809', '2024-01-14 15:15:53', NULL, NULL),
	(3534, 'Riacho Frio', 17, '2208858', '2024-01-14 15:15:53', NULL, NULL),
	(3535, 'Ribeira do Piauí', 17, '2208874', '2024-01-14 15:15:53', NULL, NULL),
	(3536, 'Ribeiro Gonçalves', 17, '2208908', '2024-01-14 15:15:53', NULL, NULL),
	(3537, 'Rio Grande do Piauí', 17, '2209005', '2024-01-14 15:15:53', NULL, NULL),
	(3538, 'Santa Cruz do Piauí', 17, '2209104', '2024-01-14 15:15:53', NULL, NULL),
	(3539, 'Santa Cruz dos Milagres', 17, '2209153', '2024-01-14 15:15:53', NULL, NULL),
	(3540, 'Santa Filomena', 17, '2209203', '2024-01-14 15:15:53', NULL, NULL),
	(3541, 'Santa Luz', 17, '2209302', '2024-01-14 15:15:53', NULL, NULL),
	(3542, 'Santa Rosa do Piauí', 17, '2209377', '2024-01-14 15:15:53', NULL, NULL),
	(3543, 'Santana do Piauí', 17, '2209351', '2024-01-14 15:15:53', NULL, NULL),
	(3544, 'Santo Antônio de Lisboa', 17, '2209401', '2024-01-14 15:15:53', NULL, NULL),
	(3545, 'Santo Antônio dos Milagres', 17, '2209450', '2024-01-14 15:15:53', NULL, NULL),
	(3546, 'Santo Inácio do Piauí', 17, '2209500', '2024-01-14 15:15:53', NULL, NULL),
	(3547, 'São Braz do Piauí', 17, '2209559', '2024-01-14 15:15:53', NULL, NULL),
	(3548, 'São Félix do Piauí', 17, '2209609', '2024-01-14 15:15:53', NULL, NULL),
	(3549, 'São Francisco de Assis do Piauí', 17, '2209658', '2024-01-14 15:15:53', NULL, NULL),
	(3550, 'São Francisco do Piauí', 17, '2209708', '2024-01-14 15:15:53', NULL, NULL),
	(3551, 'São Gonçalo do Gurguéia', 17, '2209757', '2024-01-14 15:15:53', NULL, NULL),
	(3552, 'São Gonçalo do Piauí', 17, '2209807', '2024-01-14 15:15:53', NULL, NULL),
	(3553, 'São João da Canabrava', 17, '2209856', '2024-01-14 15:15:53', NULL, NULL),
	(3554, 'São João da Fronteira', 17, '2209872', '2024-01-14 15:15:53', NULL, NULL),
	(3555, 'São João da Serra', 17, '2209906', '2024-01-14 15:15:53', NULL, NULL),
	(3556, 'São João da Varjota', 17, '2209955', '2024-01-14 15:15:53', NULL, NULL),
	(3557, 'São João do Arraial', 17, '2209971', '2024-01-14 15:15:53', NULL, NULL),
	(3558, 'São João do Piauí', 17, '2210003', '2024-01-14 15:15:53', NULL, NULL),
	(3559, 'São José do Divino', 17, '2210052', '2024-01-14 15:15:53', NULL, NULL),
	(3560, 'São José do Peixe', 17, '2210102', '2024-01-14 15:15:53', NULL, NULL),
	(3561, 'São José do Piauí', 17, '2210201', '2024-01-14 15:15:53', NULL, NULL),
	(3562, 'São Julião', 17, '2210300', '2024-01-14 15:15:53', NULL, NULL),
	(3563, 'São Lourenço do Piauí', 17, '2210359', '2024-01-14 15:15:53', NULL, NULL),
	(3564, 'São Luis do Piauí', 17, '2210375', '2024-01-14 15:15:53', NULL, NULL),
	(3565, 'São Miguel da Baixa Grande', 17, '2210383', '2024-01-14 15:15:53', NULL, NULL),
	(3566, 'São Miguel do Fidalgo', 17, '2210391', '2024-01-14 15:15:53', NULL, NULL),
	(3567, 'São Miguel do Tapuio', 17, '2210409', '2024-01-14 15:15:53', NULL, NULL),
	(3568, 'São Pedro do Piauí', 17, '2210508', '2024-01-14 15:15:53', NULL, NULL),
	(3569, 'São Raimundo Nonato', 17, '2210607', '2024-01-14 15:15:53', NULL, NULL),
	(3570, 'Sebastião Barros', 17, '2210623', '2024-01-14 15:15:53', NULL, NULL),
	(3571, 'Sebastião Leal', 17, '2210631', '2024-01-14 15:15:53', NULL, NULL),
	(3572, 'Sigefredo Pacheco', 17, '2210656', '2024-01-14 15:15:53', NULL, NULL),
	(3573, 'Simões', 17, '2210706', '2024-01-14 15:15:53', NULL, NULL),
	(3574, 'Simplício Mendes', 17, '2210805', '2024-01-14 15:15:53', NULL, NULL),
	(3575, 'Socorro do Piauí', 17, '2210904', '2024-01-14 15:15:53', NULL, NULL),
	(3576, 'Sussuapara', 17, '2210938', '2024-01-14 15:15:53', NULL, NULL),
	(3577, 'Tamboril do Piauí', 17, '2210953', '2024-01-14 15:15:53', NULL, NULL),
	(3578, 'Tanque do Piauí', 17, '2210979', '2024-01-14 15:15:53', NULL, NULL),
	(3579, 'Teresina', 17, '2211001', '2024-01-14 15:15:53', NULL, NULL),
	(3580, 'União', 17, '2211100', '2024-01-14 15:15:53', NULL, NULL),
	(3581, 'Uruçuí', 17, '2211209', '2024-01-14 15:15:53', NULL, NULL),
	(3582, 'Valença do Piauí', 17, '2211308', '2024-01-14 15:15:53', NULL, NULL),
	(3583, 'Várzea Branca', 17, '2211357', '2024-01-14 15:15:53', NULL, NULL),
	(3584, 'Várzea Grande', 17, '2211407', '2024-01-14 15:15:53', NULL, NULL),
	(3585, 'Vera Mendes', 17, '2211506', '2024-01-14 15:15:53', NULL, NULL),
	(3586, 'Vila Nova do Piauí', 17, '2211605', '2024-01-14 15:15:53', NULL, NULL),
	(3587, 'Wall Ferraz', 17, '2211704', '2024-01-14 15:15:53', NULL, NULL),
	(3588, 'Angra dos Reis', 19, '3300100', '2024-01-14 15:15:53', NULL, NULL),
	(3589, 'Aperibé', 19, '3300159', '2024-01-14 15:15:53', NULL, NULL),
	(3590, 'Araruama', 19, '3300209', '2024-01-14 15:15:53', NULL, NULL),
	(3591, 'Areal', 19, '3300225', '2024-01-14 15:15:53', NULL, NULL),
	(3592, 'Armação dos Búzios', 19, '3300233', '2024-01-14 15:15:53', NULL, NULL),
	(3593, 'Arraial do Cabo', 19, '3300258', '2024-01-14 15:15:53', NULL, NULL),
	(3594, 'Barra do Piraí', 19, '3300308', '2024-01-14 15:15:53', NULL, NULL),
	(3595, 'Barra Mansa', 19, '3300407', '2024-01-14 15:15:53', NULL, NULL),
	(3596, 'Belford Roxo', 19, '3300456', '2024-01-14 15:15:53', NULL, NULL),
	(3597, 'Bom Jardim', 19, '3300506', '2024-01-14 15:15:53', NULL, NULL),
	(3598, 'Bom Jesus do Itabapoana', 19, '3300605', '2024-01-14 15:15:53', NULL, NULL),
	(3599, 'Cabo Frio', 19, '3300704', '2024-01-14 15:15:53', NULL, NULL),
	(3600, 'Cachoeiras de Macacu', 19, '3300803', '2024-01-14 15:15:53', NULL, NULL),
	(3601, 'Cambuci', 19, '3300902', '2024-01-14 15:15:53', NULL, NULL),
	(3602, 'Campos dos Goytacazes', 19, '3301009', '2024-01-14 15:15:53', NULL, NULL),
	(3603, 'Cantagalo', 19, '3301108', '2024-01-14 15:15:53', NULL, NULL),
	(3604, 'Carapebus', 19, '3300936', '2024-01-14 15:15:53', NULL, NULL),
	(3605, 'Cardoso Moreira', 19, '3301157', '2024-01-14 15:15:53', NULL, NULL),
	(3606, 'Carmo', 19, '3301207', '2024-01-14 15:15:53', NULL, NULL),
	(3607, 'Casimiro de Abreu', 19, '3301306', '2024-01-14 15:15:53', NULL, NULL),
	(3608, 'Comendador Levy Gasparian', 19, '3300951', '2024-01-14 15:15:53', NULL, NULL),
	(3609, 'Conceição de Macabu', 19, '3301405', '2024-01-14 15:15:53', NULL, NULL),
	(3610, 'Cordeiro', 19, '3301504', '2024-01-14 15:15:53', NULL, NULL),
	(3611, 'Duas Barras', 19, '3301603', '2024-01-14 15:15:53', NULL, NULL),
	(3612, 'Duque de Caxias', 19, '3301702', '2024-01-14 15:15:53', NULL, NULL),
	(3613, 'Engenheiro Paulo de Frontin', 19, '3301801', '2024-01-14 15:15:53', NULL, NULL),
	(3614, 'Guapimirim', 19, '3301850', '2024-01-14 15:15:53', NULL, NULL),
	(3615, 'Iguaba Grande', 19, '3301876', '2024-01-14 15:15:53', NULL, NULL),
	(3616, 'Itaboraí', 19, '3301900', '2024-01-14 15:15:53', NULL, NULL),
	(3617, 'Itaguaí', 19, '3302007', '2024-01-14 15:15:53', NULL, NULL),
	(3618, 'Italva', 19, '3302056', '2024-01-14 15:15:53', NULL, NULL),
	(3619, 'Itaocara', 19, '3302106', '2024-01-14 15:15:53', NULL, NULL),
	(3620, 'Itaperuna', 19, '3302205', '2024-01-14 15:15:53', NULL, NULL),
	(3621, 'Itatiaia', 19, '3302254', '2024-01-14 15:15:53', NULL, NULL),
	(3622, 'Japeri', 19, '3302270', '2024-01-14 15:15:53', NULL, NULL),
	(3623, 'Laje do Muriaé', 19, '3302304', '2024-01-14 15:15:53', NULL, NULL),
	(3624, 'Macaé', 19, '3302403', '2024-01-14 15:15:53', NULL, NULL),
	(3625, 'Macuco', 19, '3302452', '2024-01-14 15:15:53', NULL, NULL),
	(3626, 'Magé', 19, '3302502', '2024-01-14 15:15:53', NULL, NULL),
	(3627, 'Mangaratiba', 19, '3302601', '2024-01-14 15:15:53', NULL, NULL),
	(3628, 'Maricá', 19, '3302700', '2024-01-14 15:15:53', NULL, NULL),
	(3629, 'Mendes', 19, '3302809', '2024-01-14 15:15:53', NULL, NULL),
	(3630, 'Mesquita', 19, '3302858', '2024-01-14 15:15:53', NULL, NULL),
	(3631, 'Miguel Pereira', 19, '3302908', '2024-01-14 15:15:53', NULL, NULL),
	(3632, 'Miracema', 19, '3303005', '2024-01-14 15:15:53', NULL, NULL),
	(3633, 'Natividade', 19, '3303104', '2024-01-14 15:15:53', NULL, NULL),
	(3634, 'Nilópolis', 19, '3303203', '2024-01-14 15:15:53', NULL, NULL),
	(3635, 'Niterói', 19, '3303302', '2024-01-14 15:15:53', NULL, NULL),
	(3636, 'Nova Friburgo', 19, '3303401', '2024-01-14 15:15:53', NULL, NULL),
	(3637, 'Nova Iguaçu', 19, '3303500', '2024-01-14 15:15:53', NULL, NULL),
	(3638, 'Paracambi', 19, '3303609', '2024-01-14 15:15:53', NULL, NULL),
	(3639, 'Paraíba do Sul', 19, '3303708', '2024-01-14 15:15:53', NULL, NULL),
	(3640, 'Parati', 19, '3303807', '2024-01-14 15:15:53', NULL, NULL),
	(3641, 'Paty do Alferes', 19, '3303856', '2024-01-14 15:15:53', NULL, NULL),
	(3642, 'Petrópolis', 19, '3303906', '2024-01-14 15:15:53', NULL, NULL),
	(3643, 'Pinheiral', 19, '3303955', '2024-01-14 15:15:53', NULL, NULL),
	(3644, 'Piraí', 19, '3304003', '2024-01-14 15:15:53', NULL, NULL),
	(3645, 'Porciúncula', 19, '3304102', '2024-01-14 15:15:53', NULL, NULL),
	(3646, 'Porto Real', 19, '3304110', '2024-01-14 15:15:53', NULL, NULL),
	(3647, 'Quatis', 19, '3304128', '2024-01-14 15:15:53', NULL, NULL),
	(3648, 'Queimados', 19, '3304144', '2024-01-14 15:15:53', NULL, NULL),
	(3649, 'Quissamã', 19, '3304151', '2024-01-14 15:15:53', NULL, NULL),
	(3650, 'Resende', 19, '3304201', '2024-01-14 15:15:53', NULL, NULL),
	(3651, 'Rio Bonito', 19, '3304300', '2024-01-14 15:15:53', NULL, NULL),
	(3652, 'Rio Claro', 19, '3304409', '2024-01-14 15:15:53', NULL, NULL),
	(3653, 'Rio das Flores', 19, '3304508', '2024-01-14 15:15:53', NULL, NULL),
	(3654, 'Rio das Ostras', 19, '3304524', '2024-01-14 15:15:53', NULL, NULL),
	(3655, 'Rio de Janeiro', 19, '3304557', '2024-01-14 15:15:53', NULL, NULL),
	(3656, 'Santa Maria Madalena', 19, '3304607', '2024-01-14 15:15:53', NULL, NULL),
	(3657, 'Santo Antônio de Pádua', 19, '3304706', '2024-01-14 15:15:53', NULL, NULL),
	(3658, 'São Fidélis', 19, '3304805', '2024-01-14 15:15:53', NULL, NULL),
	(3659, 'São Francisco de Itabapoana', 19, '3304755', '2024-01-14 15:15:53', NULL, NULL),
	(3660, 'São Gonçalo', 19, '3304904', '2024-01-14 15:15:53', NULL, NULL),
	(3661, 'São João da Barra', 19, '3305000', '2024-01-14 15:15:53', NULL, NULL),
	(3662, 'São João de Meriti', 19, '3305109', '2024-01-14 15:15:53', NULL, NULL),
	(3663, 'São José de Ubá', 19, '3305133', '2024-01-14 15:15:53', NULL, NULL),
	(3664, 'São José do Vale do Rio Preto', 19, '3305158', '2024-01-14 15:15:53', NULL, NULL),
	(3665, 'São Pedro da Aldeia', 19, '3305208', '2024-01-14 15:15:53', NULL, NULL),
	(3666, 'São Sebastião do Alto', 19, '3305307', '2024-01-14 15:15:53', NULL, NULL),
	(3667, 'Sapucaia', 19, '3305406', '2024-01-14 15:15:53', NULL, NULL),
	(3668, 'Saquarema', 19, '3305505', '2024-01-14 15:15:53', NULL, NULL),
	(3669, 'Seropédica', 19, '3305554', '2024-01-14 15:15:53', NULL, NULL),
	(3670, 'Silva Jardim', 19, '3305604', '2024-01-14 15:15:53', NULL, NULL),
	(3671, 'Sumidouro', 19, '3305703', '2024-01-14 15:15:53', NULL, NULL),
	(3672, 'Tanguá', 19, '3305752', '2024-01-14 15:15:53', NULL, NULL),
	(3673, 'Teresópolis', 19, '3305802', '2024-01-14 15:15:53', NULL, NULL),
	(3674, 'Trajano de Morais', 19, '3305901', '2024-01-14 15:15:53', NULL, NULL),
	(3675, 'Três Rios', 19, '3306008', '2024-01-14 15:15:53', NULL, NULL),
	(3676, 'Valença', 19, '3306107', '2024-01-14 15:15:53', NULL, NULL),
	(3677, 'Varre-Sai', 19, '3306156', '2024-01-14 15:15:53', NULL, NULL),
	(3678, 'Vassouras', 19, '3306206', '2024-01-14 15:15:53', NULL, NULL),
	(3679, 'Volta Redonda', 19, '3306305', '2024-01-14 15:15:53', NULL, NULL),
	(3680, 'Acari', 20, '2400109', '2024-01-14 15:15:53', NULL, NULL),
	(3681, 'Açu', 20, '2400208', '2024-01-14 15:15:53', NULL, NULL),
	(3682, 'Afonso Bezerra', 20, '2400307', '2024-01-14 15:15:53', NULL, NULL),
	(3683, 'Água Nova', 20, '2400406', '2024-01-14 15:15:53', NULL, NULL),
	(3684, 'Alexandria', 20, '2400505', '2024-01-14 15:15:53', NULL, NULL),
	(3685, 'Almino Afonso', 20, '2400604', '2024-01-14 15:15:53', NULL, NULL),
	(3686, 'Alto do Rodrigues', 20, '2400703', '2024-01-14 15:15:53', NULL, NULL),
	(3687, 'Jardim de Angicos', 20, '2405504', '2024-01-14 15:15:54', NULL, NULL),
	(3688, 'Antônio Martins', 20, '2400901', '2024-01-14 15:15:54', NULL, NULL),
	(3689, 'Apodi', 20, '2401008', '2024-01-14 15:15:54', NULL, NULL),
	(3690, 'Areia Branca', 20, '2401107', '2024-01-14 15:15:54', NULL, NULL),
	(3691, 'Arês', 20, '2401206', '2024-01-14 15:15:54', NULL, NULL),
	(3692, 'Augusto Severo', 20, '2401305', '2024-01-14 15:15:54', NULL, NULL),
	(3693, 'Baía Formosa', 20, '2401404', '2024-01-14 15:15:54', NULL, NULL),
	(3694, 'Baraúna', 20, '2401453', '2024-01-14 15:15:54', NULL, NULL),
	(3695, 'Barcelona', 20, '2401503', '2024-01-14 15:15:54', NULL, NULL),
	(3696, 'Bento Fernandes', 20, '2401602', '2024-01-14 15:15:54', NULL, NULL),
	(3697, 'Bodó', 20, '2401651', '2024-01-14 15:15:54', NULL, NULL),
	(3698, 'Bom Jesus', 20, '2401701', '2024-01-14 15:15:54', NULL, NULL),
	(3699, 'Brejinho', 20, '2401800', '2024-01-14 15:15:54', NULL, NULL),
	(3700, 'Caiçara do Norte', 20, '2401859', '2024-01-14 15:15:54', NULL, NULL),
	(3701, 'Caiçara do Rio do Vento', 20, '2401909', '2024-01-14 15:15:54', NULL, NULL),
	(3702, 'Caicó', 20, '2402006', '2024-01-14 15:15:54', NULL, NULL),
	(3703, 'Campo Redondo', 20, '2402105', '2024-01-14 15:15:54', NULL, NULL),
	(3704, 'Canguaretama', 20, '2402204', '2024-01-14 15:15:54', NULL, NULL),
	(3705, 'Caraúbas', 20, '2402303', '2024-01-14 15:15:54', NULL, NULL),
	(3706, 'Carnaúba dos Dantas', 20, '2402402', '2024-01-14 15:15:54', NULL, NULL),
	(3707, 'Carnaubais', 20, '2402501', '2024-01-14 15:15:54', NULL, NULL),
	(3708, 'Ceará-Mirim', 20, '2402600', '2024-01-14 15:15:54', NULL, NULL),
	(3709, 'Cerro Corá', 20, '2402709', '2024-01-14 15:15:54', NULL, NULL),
	(3710, 'Coronel Ezequiel', 20, '2402808', '2024-01-14 15:15:54', NULL, NULL),
	(3711, 'Coronel João Pessoa', 20, '2402907', '2024-01-14 15:15:54', NULL, NULL),
	(3712, 'Cruzeta', 20, '2403004', '2024-01-14 15:15:54', NULL, NULL),
	(3713, 'Currais Novos', 20, '2403103', '2024-01-14 15:15:54', NULL, NULL),
	(3714, 'Doutor Severiano', 20, '2403202', '2024-01-14 15:15:54', NULL, NULL),
	(3715, 'Encanto', 20, '2403301', '2024-01-14 15:15:54', NULL, NULL),
	(3716, 'Equador', 20, '2403400', '2024-01-14 15:15:54', NULL, NULL),
	(3717, 'Espírito Santo', 20, '2403509', '2024-01-14 15:15:54', NULL, NULL),
	(3718, 'Extremoz', 20, '2403608', '2024-01-14 15:15:54', NULL, NULL),
	(3719, 'Felipe Guerra', 20, '2403707', '2024-01-14 15:15:54', NULL, NULL),
	(3720, 'Fernando Pedroza', 20, '2403756', '2024-01-14 15:15:54', NULL, NULL),
	(3721, 'Florânia', 20, '2403806', '2024-01-14 15:15:54', NULL, NULL),
	(3722, 'Francisco Dantas', 20, '2403905', '2024-01-14 15:15:54', NULL, NULL),
	(3723, 'Frutuoso Gomes', 20, '2404002', '2024-01-14 15:15:54', NULL, NULL),
	(3724, 'Galinhos', 20, '2404101', '2024-01-14 15:15:54', NULL, NULL),
	(3725, 'Goianinha', 20, '2404200', '2024-01-14 15:15:54', NULL, NULL),
	(3726, 'Governador Dix-Sept Rosado', 20, '2404309', '2024-01-14 15:15:54', NULL, NULL),
	(3727, 'Grossos', 20, '2404408', '2024-01-14 15:15:54', NULL, NULL),
	(3728, 'Guamaré', 20, '2404507', '2024-01-14 15:15:54', NULL, NULL),
	(3729, 'Ielmo Marinho', 20, '2404606', '2024-01-14 15:15:54', NULL, NULL),
	(3730, 'Ipanguaçu', 20, '2404705', '2024-01-14 15:15:54', NULL, NULL),
	(3731, 'Ipueira', 20, '2404804', '2024-01-14 15:15:54', NULL, NULL),
	(3732, 'Itajá', 20, '2404853', '2024-01-14 15:15:54', NULL, NULL),
	(3733, 'Itaú', 20, '2404903', '2024-01-14 15:15:54', NULL, NULL),
	(3734, 'Jaçanã', 20, '2405009', '2024-01-14 15:15:54', NULL, NULL),
	(3735, 'Jandaíra', 20, '2405108', '2024-01-14 15:15:54', NULL, NULL),
	(3736, 'Janduís', 20, '2405207', '2024-01-14 15:15:54', NULL, NULL),
	(3737, 'Januário Cicco', 20, '2405306', '2024-01-14 15:15:54', NULL, NULL),
	(3738, 'Japi', 20, '2405405', '2024-01-14 15:15:54', NULL, NULL),
	(3739, 'Jardim de Piranhas', 20, '2405603', '2024-01-14 15:15:54', NULL, NULL),
	(3740, 'Jardim do Seridó', 20, '2405702', '2024-01-14 15:15:54', NULL, NULL),
	(3741, 'João Câmara', 20, '2405801', '2024-01-14 15:15:54', NULL, NULL),
	(3742, 'João Dias', 20, '2405900', '2024-01-14 15:15:54', NULL, NULL),
	(3743, 'José da Penha', 20, '2406007', '2024-01-14 15:15:54', NULL, NULL),
	(3744, 'Jucurutu', 20, '2406106', '2024-01-14 15:15:54', NULL, NULL),
	(3745, 'Jundiá', 20, '2406155', '2024-01-14 15:15:54', NULL, NULL),
	(3746, 'Lagoa dAnta', 20, '2406205', '2024-01-14 15:15:54', NULL, NULL),
	(3747, 'Lagoa de Pedras', 20, '2406304', '2024-01-14 15:15:54', NULL, NULL),
	(3748, 'Lagoa de Velhos', 20, '2406403', '2024-01-14 15:15:54', NULL, NULL),
	(3749, 'Lagoa Nova', 20, '2406502', '2024-01-14 15:15:54', NULL, NULL),
	(3750, 'Lagoa Salgada', 20, '2406601', '2024-01-14 15:15:54', NULL, NULL),
	(3751, 'Lajes', 20, '2406700', '2024-01-14 15:15:54', NULL, NULL),
	(3752, 'Lajes Pintadas', 20, '2406809', '2024-01-14 15:15:54', NULL, NULL),
	(3753, 'Lucrécia', 20, '2406908', '2024-01-14 15:15:54', NULL, NULL),
	(3754, 'Luís Gomes', 20, '2407005', '2024-01-14 15:15:54', NULL, NULL),
	(3755, 'Macaíba', 20, '2407104', '2024-01-14 15:15:54', NULL, NULL),
	(3756, 'Macau', 20, '2407203', '2024-01-14 15:15:54', NULL, NULL),
	(3757, 'Major Sales', 20, '2407252', '2024-01-14 15:15:54', NULL, NULL),
	(3758, 'Marcelino Vieira', 20, '2407302', '2024-01-14 15:15:54', NULL, NULL),
	(3759, 'Martins', 20, '2407401', '2024-01-14 15:15:54', NULL, NULL),
	(3760, 'Maxaranguape', 20, '2407500', '2024-01-14 15:15:54', NULL, NULL),
	(3761, 'Messias Targino', 20, '2407609', '2024-01-14 15:15:54', NULL, NULL),
	(3762, 'Montanhas', 20, '2407708', '2024-01-14 15:15:54', NULL, NULL),
	(3763, 'Monte Alegre', 20, '2407807', '2024-01-14 15:15:54', NULL, NULL),
	(3764, 'Monte das Gameleiras', 20, '2407906', '2024-01-14 15:15:54', NULL, NULL),
	(3765, 'Mossoró', 20, '2408003', '2024-01-14 15:15:54', NULL, NULL),
	(3766, 'Natal', 20, '2408102', '2024-01-14 15:15:54', NULL, NULL),
	(3767, 'Nísia Floresta', 20, '2408201', '2024-01-14 15:15:54', NULL, NULL),
	(3768, 'Nova Cruz', 20, '2408300', '2024-01-14 15:15:54', NULL, NULL),
	(3769, 'Olho-dÁgua do Borges', 20, '2408409', '2024-01-14 15:15:54', NULL, NULL),
	(3770, 'Ouro Branco', 20, '2408508', '2024-01-14 15:15:54', NULL, NULL),
	(3771, 'Paraná', 20, '2408607', '2024-01-14 15:15:54', NULL, NULL),
	(3772, 'Paraú', 20, '2408706', '2024-01-14 15:15:54', NULL, NULL),
	(3773, 'Parazinho', 20, '2408805', '2024-01-14 15:15:54', NULL, NULL),
	(3774, 'Parelhas', 20, '2408904', '2024-01-14 15:15:54', NULL, NULL),
	(3775, 'Parnamirim', 20, '2403251', '2024-01-14 15:15:54', NULL, NULL),
	(3776, 'Passa e Fica', 20, '2409100', '2024-01-14 15:15:54', NULL, NULL),
	(3777, 'Passagem', 20, '2409209', '2024-01-14 15:15:54', NULL, NULL),
	(3778, 'Patu', 20, '2409308', '2024-01-14 15:15:54', NULL, NULL),
	(3779, 'Pau dos Ferros', 20, '2409407', '2024-01-14 15:15:54', NULL, NULL),
	(3780, 'Pedra Grande', 20, '2409506', '2024-01-14 15:15:54', NULL, NULL),
	(3781, 'Pedra Preta', 20, '2409605', '2024-01-14 15:15:54', NULL, NULL),
	(3782, 'Pedro Avelino', 20, '2409704', '2024-01-14 15:15:54', NULL, NULL),
	(3783, 'Pedro Velho', 20, '2409803', '2024-01-14 15:15:54', NULL, NULL),
	(3784, 'Pendências', 20, '2409902', '2024-01-14 15:15:54', NULL, NULL),
	(3785, 'Pilões', 20, '2410009', '2024-01-14 15:15:54', NULL, NULL),
	(3786, 'Poço Branco', 20, '2410108', '2024-01-14 15:15:54', NULL, NULL),
	(3787, 'Portalegre', 20, '2410207', '2024-01-14 15:15:54', NULL, NULL),
	(3788, 'Porto do Mangue', 20, '2410256', '2024-01-14 15:15:54', NULL, NULL),
	(3789, 'Presidente Juscelino', 20, '2410306', '2024-01-14 15:15:54', NULL, NULL),
	(3790, 'Pureza', 20, '2410405', '2024-01-14 15:15:54', NULL, NULL),
	(3791, 'Rafael Fernandes', 20, '2410504', '2024-01-14 15:15:54', NULL, NULL),
	(3792, 'Rafael Godeiro', 20, '2410603', '2024-01-14 15:15:54', NULL, NULL),
	(3793, 'Riacho da Cruz', 20, '2410702', '2024-01-14 15:15:54', NULL, NULL),
	(3794, 'Riacho de Santana', 20, '2410801', '2024-01-14 15:15:54', NULL, NULL),
	(3795, 'Riachuelo', 20, '2410900', '2024-01-14 15:15:54', NULL, NULL),
	(3796, 'Rio do Fogo', 20, '2408953', '2024-01-14 15:15:54', NULL, NULL),
	(3797, 'Rodolfo Fernandes', 20, '2411007', '2024-01-14 15:15:54', NULL, NULL),
	(3798, 'Ruy Barbosa', 20, '2411106', '2024-01-14 15:15:54', NULL, NULL),
	(3799, 'Santa Cruz', 20, '2411205', '2024-01-14 15:15:54', NULL, NULL),
	(3800, 'Santa Maria', 20, '2409332', '2024-01-14 15:15:54', NULL, NULL),
	(3801, 'Santana do Matos', 20, '2411403', '2024-01-14 15:15:54', NULL, NULL),
	(3802, 'Santana do Seridó', 20, '2411429', '2024-01-14 15:15:54', NULL, NULL),
	(3803, 'Santo Antônio', 20, '2411502', '2024-01-14 15:15:54', NULL, NULL),
	(3804, 'São Bento do Norte', 20, '2411601', '2024-01-14 15:15:54', NULL, NULL),
	(3805, 'São Bento do Trairí', 20, '2411700', '2024-01-14 15:15:54', NULL, NULL),
	(3806, 'São Fernando', 20, '2411809', '2024-01-14 15:15:54', NULL, NULL),
	(3807, 'São Francisco do Oeste', 20, '2411908', '2024-01-14 15:15:54', NULL, NULL),
	(3808, 'São Gonçalo do Amarante', 20, '2412005', '2024-01-14 15:15:54', NULL, NULL),
	(3809, 'São João do Sabugi', 20, '2412104', '2024-01-14 15:15:54', NULL, NULL),
	(3810, 'São José de Mipibu', 20, '2412203', '2024-01-14 15:15:54', NULL, NULL),
	(3811, 'São José do Campestre', 20, '2412302', '2024-01-14 15:15:54', NULL, NULL),
	(3812, 'São José do Seridó', 20, '2412401', '2024-01-14 15:15:54', NULL, NULL),
	(3813, 'São Miguel', 20, '2412500', '2024-01-14 15:15:54', NULL, NULL),
	(3814, 'São Miguel do Gostoso', 20, '2412559', '2024-01-14 15:15:54', NULL, NULL),
	(3815, 'São Paulo do Potengi', 20, '2412609', '2024-01-14 15:15:54', NULL, NULL),
	(3816, 'São Pedro', 20, '2412708', '2024-01-14 15:15:54', NULL, NULL),
	(3817, 'São Rafael', 20, '2412807', '2024-01-14 15:15:54', NULL, NULL),
	(3818, 'São Tomé', 20, '2412906', '2024-01-14 15:15:54', NULL, NULL),
	(3819, 'São Vicente', 20, '2413003', '2024-01-14 15:15:54', NULL, NULL),
	(3820, 'Senador Elói de Souza', 20, '2413102', '2024-01-14 15:15:54', NULL, NULL),
	(3821, 'Senador Georgino Avelino', 20, '2413201', '2024-01-14 15:15:54', NULL, NULL),
	(3822, 'Serra de São Bento', 20, '2413300', '2024-01-14 15:15:54', NULL, NULL),
	(3823, 'Serra do Mel', 20, '2413359', '2024-01-14 15:15:54', NULL, NULL),
	(3824, 'Serra Negra do Norte', 20, '2413409', '2024-01-14 15:15:54', NULL, NULL),
	(3825, 'Serrinha', 20, '2413508', '2024-01-14 15:15:54', NULL, NULL),
	(3826, 'Serrinha dos Pintos', 20, '2413557', '2024-01-14 15:15:54', NULL, NULL),
	(3827, 'Severiano Melo', 20, '2413607', '2024-01-14 15:15:54', NULL, NULL),
	(3828, 'Sítio Novo', 20, '2413706', '2024-01-14 15:15:54', NULL, NULL),
	(3829, 'Taboleiro Grande', 20, '2413805', '2024-01-14 15:15:54', NULL, NULL),
	(3830, 'Taipu', 20, '2413904', '2024-01-14 15:15:54', NULL, NULL),
	(3831, 'Tangará', 20, '2414001', '2024-01-14 15:15:54', NULL, NULL),
	(3832, 'Tenente Ananias', 20, '2414100', '2024-01-14 15:15:54', NULL, NULL),
	(3833, 'Tenente Laurentino Cruz', 20, '2414159', '2024-01-14 15:15:54', NULL, NULL),
	(3834, 'Tibau', 20, '2411056', '2024-01-14 15:15:54', NULL, NULL),
	(3835, 'Tibau do Sul', 20, '2414209', '2024-01-14 15:15:54', NULL, NULL),
	(3836, 'Timbaúba dos Batistas', 20, '2414308', '2024-01-14 15:15:54', NULL, NULL),
	(3837, 'Touros', 20, '2414407', '2024-01-14 15:15:54', NULL, NULL),
	(3838, 'Triunfo Potiguar', 20, '2414456', '2024-01-14 15:15:54', NULL, NULL),
	(3839, 'Umarizal', 20, '2414506', '2024-01-14 15:15:54', NULL, NULL),
	(3840, 'Upanema', 20, '2414605', '2024-01-14 15:15:54', NULL, NULL),
	(3841, 'Várzea', 20, '2414704', '2024-01-14 15:15:54', NULL, NULL),
	(3842, 'Venha-Ver', 20, '2414753', '2024-01-14 15:15:54', NULL, NULL),
	(3843, 'Vera Cruz', 20, '2414803', '2024-01-14 15:15:54', NULL, NULL),
	(3844, 'Viçosa', 20, '2414902', '2024-01-14 15:15:54', NULL, NULL),
	(3845, 'Vila Flor', 20, '2415008', '2024-01-14 15:15:54', NULL, NULL),
	(3846, 'Aceguá', 23, '4300034', '2024-01-14 15:15:54', NULL, NULL),
	(3847, 'Água Santa', 23, '4300059', '2024-01-14 15:15:54', NULL, NULL),
	(3848, 'Agudo', 23, '4300109', '2024-01-14 15:15:54', NULL, NULL),
	(3849, 'Ajuricaba', 23, '4300208', '2024-01-14 15:15:54', NULL, NULL),
	(3850, 'Alecrim', 23, '4300307', '2024-01-14 15:15:54', NULL, NULL),
	(3851, 'Alegrete', 23, '4300406', '2024-01-14 15:15:54', NULL, NULL),
	(3852, 'Alegria', 23, '4300455', '2024-01-14 15:15:54', NULL, NULL),
	(3853, 'Almirante Tamandaré do Sul', 23, '4300471', '2024-01-14 15:15:54', NULL, NULL),
	(3854, 'Alpestre', 23, '4300505', '2024-01-14 15:15:54', NULL, NULL),
	(3855, 'Alto Alegre', 23, '4300554', '2024-01-14 15:15:54', NULL, NULL),
	(3856, 'Alto Feliz', 23, '4300570', '2024-01-14 15:15:54', NULL, NULL),
	(3857, 'Alvorada', 23, '4300604', '2024-01-14 15:15:54', NULL, NULL),
	(3858, 'Amaral Ferrador', 23, '4300638', '2024-01-14 15:15:54', NULL, NULL),
	(3859, 'Ametista do Sul', 23, '4300646', '2024-01-14 15:15:54', NULL, NULL),
	(3860, 'André da Rocha', 23, '4300661', '2024-01-14 15:15:54', NULL, NULL),
	(3861, 'Anta Gorda', 23, '4300703', '2024-01-14 15:15:54', NULL, NULL),
	(3862, 'Antônio Prado', 23, '4300802', '2024-01-14 15:15:54', NULL, NULL),
	(3863, 'Arambaré', 23, '4300851', '2024-01-14 15:15:54', NULL, NULL),
	(3864, 'Araricá', 23, '4300877', '2024-01-14 15:15:54', NULL, NULL),
	(3865, 'Aratiba', 23, '4300901', '2024-01-14 15:15:54', NULL, NULL),
	(3866, 'Arroio do Meio', 23, '4301008', '2024-01-14 15:15:54', NULL, NULL),
	(3867, 'Arroio do Padre', 23, '4301073', '2024-01-14 15:15:54', NULL, NULL),
	(3868, 'Arroio do Sal', 23, '4301057', '2024-01-14 15:15:54', NULL, NULL),
	(3869, 'Arroio do Tigre', 23, '4301206', '2024-01-14 15:15:54', NULL, NULL),
	(3870, 'Arroio dos Ratos', 23, '4301107', '2024-01-14 15:15:54', NULL, NULL),
	(3871, 'Arroio Grande', 23, '4301305', '2024-01-14 15:15:54', NULL, NULL),
	(3872, 'Arvorezinha', 23, '4301404', '2024-01-14 15:15:54', NULL, NULL),
	(3873, 'Augusto Pestana', 23, '4301503', '2024-01-14 15:15:54', NULL, NULL),
	(3874, 'Áurea', 23, '4301552', '2024-01-14 15:15:54', NULL, NULL),
	(3875, 'Bagé', 23, '4301602', '2024-01-14 15:15:54', NULL, NULL),
	(3876, 'Balneário Pinhal', 23, '4301636', '2024-01-14 15:15:54', NULL, NULL),
	(3877, 'Barão', 23, '4301651', '2024-01-14 15:15:54', NULL, NULL),
	(3878, 'Barão de Cotegipe', 23, '4301701', '2024-01-14 15:15:54', NULL, NULL),
	(3879, 'Barão do Triunfo', 23, '4301750', '2024-01-14 15:15:54', NULL, NULL),
	(3880, 'Barra do Guarita', 23, '4301859', '2024-01-14 15:15:54', NULL, NULL),
	(3881, 'Barra do Quaraí', 23, '4301875', '2024-01-14 15:15:54', NULL, NULL),
	(3882, 'Barra do Ribeiro', 23, '4301909', '2024-01-14 15:15:54', NULL, NULL),
	(3883, 'Barra do Rio Azul', 23, '4301925', '2024-01-14 15:15:54', NULL, NULL),
	(3884, 'Barra Funda', 23, '4301958', '2024-01-14 15:15:54', NULL, NULL),
	(3885, 'Barracão', 23, '4301800', '2024-01-14 15:15:54', NULL, NULL),
	(3886, 'Barros Cassal', 23, '4302006', '2024-01-14 15:15:54', NULL, NULL),
	(3887, 'Benjamin Constant do Sul', 23, '4302055', '2024-01-14 15:15:54', NULL, NULL),
	(3888, 'Bento Gonçalves', 23, '4302105', '2024-01-14 15:15:54', NULL, NULL),
	(3889, 'Boa Vista das Missões', 23, '4302154', '2024-01-14 15:15:54', NULL, NULL),
	(3890, 'Boa Vista do Buricá', 23, '4302204', '2024-01-14 15:15:54', NULL, NULL),
	(3891, 'Boa Vista do Cadeado', 23, '4302220', '2024-01-14 15:15:54', NULL, NULL),
	(3892, 'Boa Vista do Incra', 23, '4302238', '2024-01-14 15:15:54', NULL, NULL),
	(3893, 'Boa Vista do Sul', 23, '4302253', '2024-01-14 15:15:54', NULL, NULL),
	(3894, 'Bom Jesus', 23, '4302303', '2024-01-14 15:15:54', NULL, NULL),
	(3895, 'Bom Princípio', 23, '4302352', '2024-01-14 15:15:54', NULL, NULL),
	(3896, 'Bom Progresso', 23, '4302378', '2024-01-14 15:15:54', NULL, NULL),
	(3897, 'Bom Retiro do Sul', 23, '4302402', '2024-01-14 15:15:54', NULL, NULL),
	(3898, 'Boqueirão do Leão', 23, '4302451', '2024-01-14 15:15:54', NULL, NULL),
	(3899, 'Bossoroca', 23, '4302501', '2024-01-14 15:15:54', NULL, NULL),
	(3900, 'Bozano', 23, '4302584', '2024-01-14 15:15:54', NULL, NULL),
	(3901, 'Braga', 23, '4302600', '2024-01-14 15:15:54', NULL, NULL),
	(3902, 'Brochier', 23, '4302659', '2024-01-14 15:15:54', NULL, NULL),
	(3903, 'Butiá', 23, '4302709', '2024-01-14 15:15:54', NULL, NULL),
	(3904, 'Caçapava do Sul', 23, '4302808', '2024-01-14 15:15:54', NULL, NULL),
	(3905, 'Cacequi', 23, '4302907', '2024-01-14 15:15:54', NULL, NULL),
	(3906, 'Cachoeira do Sul', 23, '4303004', '2024-01-14 15:15:54', NULL, NULL),
	(3907, 'Cachoeirinha', 23, '4303103', '2024-01-14 15:15:54', NULL, NULL),
	(3908, 'Cacique Doble', 23, '4303202', '2024-01-14 15:15:54', NULL, NULL),
	(3909, 'Caibaté', 23, '4303301', '2024-01-14 15:15:54', NULL, NULL),
	(3910, 'Caiçara', 23, '4303400', '2024-01-14 15:15:54', NULL, NULL),
	(3911, 'Camaquã', 23, '4303509', '2024-01-14 15:15:54', NULL, NULL),
	(3912, 'Camargo', 23, '4303558', '2024-01-14 15:15:54', NULL, NULL),
	(3913, 'Cambará do Sul', 23, '4303608', '2024-01-14 15:15:54', NULL, NULL),
	(3914, 'Campestre da Serra', 23, '4303673', '2024-01-14 15:15:54', NULL, NULL),
	(3915, 'Campina das Missões', 23, '4303707', '2024-01-14 15:15:54', NULL, NULL),
	(3916, 'Campinas do Sul', 23, '4303806', '2024-01-14 15:15:54', NULL, NULL),
	(3917, 'Campo Bom', 23, '4303905', '2024-01-14 15:15:54', NULL, NULL),
	(3918, 'Campo Novo', 23, '4304002', '2024-01-14 15:15:54', NULL, NULL),
	(3919, 'Campos Borges', 23, '4304101', '2024-01-14 15:15:54', NULL, NULL),
	(3920, 'Candelária', 23, '4304200', '2024-01-14 15:15:54', NULL, NULL),
	(3921, 'Cândido Godói', 23, '4304309', '2024-01-14 15:15:54', NULL, NULL),
	(3922, 'Candiota', 23, '4304358', '2024-01-14 15:15:54', NULL, NULL),
	(3923, 'Canela', 23, '4304408', '2024-01-14 15:15:54', NULL, NULL),
	(3924, 'Canguçu', 23, '4304507', '2024-01-14 15:15:54', NULL, NULL),
	(3925, 'Canoas', 23, '4304606', '2024-01-14 15:15:54', NULL, NULL),
	(3926, 'Canudos do Vale', 23, '4304614', '2024-01-14 15:15:54', NULL, NULL),
	(3927, 'Capão Bonito do Sul', 23, '4304622', '2024-01-14 15:15:54', NULL, NULL),
	(3928, 'Capão da Canoa', 23, '4304630', '2024-01-14 15:15:54', NULL, NULL),
	(3929, 'Capão do Cipó', 23, '4304655', '2024-01-14 15:15:54', NULL, NULL),
	(3930, 'Capão do Leão', 23, '4304663', '2024-01-14 15:15:54', NULL, NULL),
	(3931, 'Capela de Santana', 23, '4304689', '2024-01-14 15:15:54', NULL, NULL),
	(3932, 'Capitão', 23, '4304697', '2024-01-14 15:15:54', NULL, NULL),
	(3933, 'Capivari do Sul', 23, '4304671', '2024-01-14 15:15:55', NULL, NULL),
	(3934, 'Caraá', 23, '4304713', '2024-01-14 15:15:55', NULL, NULL),
	(3935, 'Carazinho', 23, '4304705', '2024-01-14 15:15:55', NULL, NULL),
	(3936, 'Carlos Barbosa', 23, '4304804', '2024-01-14 15:15:55', NULL, NULL),
	(3937, 'Carlos Gomes', 23, '4304853', '2024-01-14 15:15:55', NULL, NULL),
	(3938, 'Casca', 23, '4304903', '2024-01-14 15:15:55', NULL, NULL),
	(3939, 'Caseiros', 23, '4304952', '2024-01-14 15:15:55', NULL, NULL),
	(3940, 'Catuípe', 23, '4305009', '2024-01-14 15:15:55', NULL, NULL),
	(3941, 'Caxias do Sul', 23, '4305108', '2024-01-14 15:15:55', NULL, NULL),
	(3942, 'Centenário', 23, '4305116', '2024-01-14 15:15:55', NULL, NULL),
	(3943, 'Cerrito', 23, '4305124', '2024-01-14 15:15:55', NULL, NULL),
	(3944, 'Cerro Branco', 23, '4305132', '2024-01-14 15:15:55', NULL, NULL),
	(3945, 'Cerro Grande', 23, '4305157', '2024-01-14 15:15:55', NULL, NULL),
	(3946, 'Cerro Grande do Sul', 23, '4305173', '2024-01-14 15:15:55', NULL, NULL),
	(3947, 'Cerro Largo', 23, '4305207', '2024-01-14 15:15:55', NULL, NULL),
	(3948, 'Chapada', 23, '4305306', '2024-01-14 15:15:55', NULL, NULL),
	(3949, 'Charqueadas', 23, '4305355', '2024-01-14 15:15:55', NULL, NULL),
	(3950, 'Charrua', 23, '4305371', '2024-01-14 15:15:55', NULL, NULL),
	(3951, 'Chiapetta', 23, '4305405', '2024-01-14 15:15:55', NULL, NULL),
	(3952, 'Chuí', 23, '4305439', '2024-01-14 15:15:55', NULL, NULL),
	(3953, 'Chuvisca', 23, '4305447', '2024-01-14 15:15:55', NULL, NULL),
	(3954, 'Cidreira', 23, '4305454', '2024-01-14 15:15:55', NULL, NULL),
	(3955, 'Ciríaco', 23, '4305504', '2024-01-14 15:15:55', NULL, NULL),
	(3956, 'Colinas', 23, '4305587', '2024-01-14 15:15:55', NULL, NULL),
	(3957, 'Colorado', 23, '4305603', '2024-01-14 15:15:55', NULL, NULL),
	(3958, 'Condor', 23, '4305702', '2024-01-14 15:15:55', NULL, NULL),
	(3959, 'Constantina', 23, '4305801', '2024-01-14 15:15:55', NULL, NULL),
	(3960, 'Coqueiro Baixo', 23, '4305835', '2024-01-14 15:15:55', NULL, NULL),
	(3961, 'Coqueiros do Sul', 23, '4305850', '2024-01-14 15:15:55', NULL, NULL),
	(3962, 'Coronel Barros', 23, '4305871', '2024-01-14 15:15:55', NULL, NULL),
	(3963, 'Coronel Bicaco', 23, '4305900', '2024-01-14 15:15:55', NULL, NULL),
	(3964, 'Coronel Pilar', 23, '4305934', '2024-01-14 15:15:55', NULL, NULL),
	(3965, 'Cotiporã', 23, '4305959', '2024-01-14 15:15:55', NULL, NULL),
	(3966, 'Coxilha', 23, '4305975', '2024-01-14 15:15:55', NULL, NULL),
	(3967, 'Crissiumal', 23, '4306007', '2024-01-14 15:15:55', NULL, NULL),
	(3968, 'Cristal', 23, '4306056', '2024-01-14 15:15:55', NULL, NULL),
	(3969, 'Cristal do Sul', 23, '4306072', '2024-01-14 15:15:55', NULL, NULL),
	(3970, 'Cruz Alta', 23, '4306106', '2024-01-14 15:15:55', NULL, NULL),
	(3971, 'Cruzaltense', 23, '4306130', '2024-01-14 15:15:55', NULL, NULL),
	(3972, 'Cruzeiro do Sul', 23, '4306205', '2024-01-14 15:15:55', NULL, NULL),
	(3973, 'David Canabarro', 23, '4306304', '2024-01-14 15:15:55', NULL, NULL),
	(3974, 'Derrubadas', 23, '4306320', '2024-01-14 15:15:55', NULL, NULL),
	(3975, 'Dezesseis de Novembro', 23, '4306353', '2024-01-14 15:15:55', NULL, NULL),
	(3976, 'Dilermando de Aguiar', 23, '4306379', '2024-01-14 15:15:55', NULL, NULL),
	(3977, 'Dois Irmãos', 23, '4306403', '2024-01-14 15:15:55', NULL, NULL),
	(3978, 'Dois Irmãos das Missões', 23, '4306429', '2024-01-14 15:15:55', NULL, NULL),
	(3979, 'Dois Lajeados', 23, '4306452', '2024-01-14 15:15:55', NULL, NULL),
	(3980, 'Dom Feliciano', 23, '4306502', '2024-01-14 15:15:55', NULL, NULL),
	(3981, 'Dom Pedrito', 23, '4306601', '2024-01-14 15:15:55', NULL, NULL),
	(3982, 'Dom Pedro de Alcântara', 23, '4306551', '2024-01-14 15:15:55', NULL, NULL),
	(3983, 'Dona Francisca', 23, '4306700', '2024-01-14 15:15:55', NULL, NULL),
	(3984, 'Doutor Maurício Cardoso', 23, '4306734', '2024-01-14 15:15:55', NULL, NULL),
	(3985, 'Doutor Ricardo', 23, '4306759', '2024-01-14 15:15:55', NULL, NULL),
	(3986, 'Eldorado do Sul', 23, '4306767', '2024-01-14 15:15:55', NULL, NULL),
	(3987, 'Encantado', 23, '4306809', '2024-01-14 15:15:55', NULL, NULL),
	(3988, 'Encruzilhada do Sul', 23, '4306908', '2024-01-14 15:15:55', NULL, NULL),
	(3989, 'Engenho Velho', 23, '4306924', '2024-01-14 15:15:55', NULL, NULL),
	(3990, 'Entre Rios do Sul', 23, '4306957', '2024-01-14 15:15:55', NULL, NULL),
	(3991, 'Entre-Ijuís', 23, '4306932', '2024-01-14 15:15:55', NULL, NULL),
	(3992, 'Erebango', 23, '4306973', '2024-01-14 15:15:55', NULL, NULL),
	(3993, 'Erechim', 23, '4307005', '2024-01-14 15:15:55', NULL, NULL),
	(3994, 'Ernestina', 23, '4307054', '2024-01-14 15:15:55', NULL, NULL),
	(3995, 'Erval Grande', 23, '4307203', '2024-01-14 15:15:55', NULL, NULL),
	(3996, 'Erval Seco', 23, '4307302', '2024-01-14 15:15:55', NULL, NULL),
	(3997, 'Esmeralda', 23, '4307401', '2024-01-14 15:15:55', NULL, NULL),
	(3998, 'Esperança do Sul', 23, '4307450', '2024-01-14 15:15:55', NULL, NULL),
	(3999, 'Espumoso', 23, '4307500', '2024-01-14 15:15:55', NULL, NULL),
	(4000, 'Estação', 23, '4307559', '2024-01-14 15:15:55', NULL, NULL),
	(4001, 'Estância Velha', 23, '4307609', '2024-01-14 15:15:55', NULL, NULL),
	(4002, 'Esteio', 23, '4307708', '2024-01-14 15:15:55', NULL, NULL),
	(4003, 'Estrela', 23, '4307807', '2024-01-14 15:15:55', NULL, NULL),
	(4004, 'Estrela Velha', 23, '4307815', '2024-01-14 15:15:55', NULL, NULL),
	(4005, 'Eugênio de Castro', 23, '4307831', '2024-01-14 15:15:55', NULL, NULL),
	(4006, 'Fagundes Varela', 23, '4307864', '2024-01-14 15:15:55', NULL, NULL),
	(4007, 'Farroupilha', 23, '4307906', '2024-01-14 15:15:55', NULL, NULL),
	(4008, 'Faxinal do Soturno', 23, '4308003', '2024-01-14 15:15:55', NULL, NULL),
	(4009, 'Faxinalzinho', 23, '4308052', '2024-01-14 15:15:55', NULL, NULL),
	(4010, 'Fazenda Vilanova', 23, '4308078', '2024-01-14 15:15:55', NULL, NULL),
	(4011, 'Feliz', 23, '4308102', '2024-01-14 15:15:55', NULL, NULL),
	(4012, 'Flores da Cunha', 23, '4308201', '2024-01-14 15:15:55', NULL, NULL),
	(4013, 'Floriano Peixoto', 23, '4308250', '2024-01-14 15:15:55', NULL, NULL),
	(4014, 'Fontoura Xavier', 23, '4308300', '2024-01-14 15:15:55', NULL, NULL),
	(4015, 'Formigueiro', 23, '4308409', '2024-01-14 15:15:55', NULL, NULL),
	(4016, 'Forquetinha', 23, '4308433', '2024-01-14 15:15:55', NULL, NULL),
	(4017, 'Fortaleza dos Valos', 23, '4308458', '2024-01-14 15:15:55', NULL, NULL),
	(4018, 'Frederico Westphalen', 23, '4308508', '2024-01-14 15:15:55', NULL, NULL),
	(4019, 'Garibaldi', 23, '4308607', '2024-01-14 15:15:55', NULL, NULL),
	(4020, 'Garruchos', 23, '4308656', '2024-01-14 15:15:55', NULL, NULL),
	(4021, 'Gaurama', 23, '4308706', '2024-01-14 15:15:55', NULL, NULL),
	(4022, 'General Câmara', 23, '4308805', '2024-01-14 15:15:55', NULL, NULL),
	(4023, 'Gentil', 23, '4308854', '2024-01-14 15:15:55', NULL, NULL),
	(4024, 'Getúlio Vargas', 23, '4308904', '2024-01-14 15:15:55', NULL, NULL),
	(4025, 'Giruá', 23, '4309001', '2024-01-14 15:15:55', NULL, NULL),
	(4026, 'Glorinha', 23, '4309050', '2024-01-14 15:15:55', NULL, NULL),
	(4027, 'Gramado', 23, '4309100', '2024-01-14 15:15:55', NULL, NULL),
	(4028, 'Gramado dos Loureiros', 23, '4309126', '2024-01-14 15:15:55', NULL, NULL),
	(4029, 'Gramado Xavier', 23, '4309159', '2024-01-14 15:15:55', NULL, NULL),
	(4030, 'Gravataí', 23, '4309209', '2024-01-14 15:15:55', NULL, NULL),
	(4031, 'Guabiju', 23, '4309258', '2024-01-14 15:15:55', NULL, NULL),
	(4032, 'Guaíba', 23, '4309308', '2024-01-14 15:15:55', NULL, NULL),
	(4033, 'Guaporé', 23, '4309407', '2024-01-14 15:15:55', NULL, NULL),
	(4034, 'Guarani das Missões', 23, '4309506', '2024-01-14 15:15:55', NULL, NULL),
	(4035, 'Harmonia', 23, '4309555', '2024-01-14 15:15:55', NULL, NULL),
	(4036, 'Herval', 23, '4307104', '2024-01-14 15:15:55', NULL, NULL),
	(4037, 'Herveiras', 23, '4309571', '2024-01-14 15:15:55', NULL, NULL),
	(4038, 'Horizontina', 23, '4309605', '2024-01-14 15:15:55', NULL, NULL),
	(4039, 'Hulha Negra', 23, '4309654', '2024-01-14 15:15:55', NULL, NULL),
	(4040, 'Humaitá', 23, '4309704', '2024-01-14 15:15:55', NULL, NULL),
	(4041, 'Ibarama', 23, '4309753', '2024-01-14 15:15:55', NULL, NULL),
	(4042, 'Ibiaçá', 23, '4309803', '2024-01-14 15:15:55', NULL, NULL),
	(4043, 'Ibiraiaras', 23, '4309902', '2024-01-14 15:15:55', NULL, NULL),
	(4044, 'Ibirapuitã', 23, '4309951', '2024-01-14 15:15:55', NULL, NULL),
	(4045, 'Ibirubá', 23, '4310009', '2024-01-14 15:15:55', NULL, NULL),
	(4046, 'Igrejinha', 23, '4310108', '2024-01-14 15:15:55', NULL, NULL),
	(4047, 'Ijuí', 23, '4310207', '2024-01-14 15:15:55', NULL, NULL),
	(4048, 'Ilópolis', 23, '4310306', '2024-01-14 15:15:55', NULL, NULL),
	(4049, 'Imbé', 23, '4310330', '2024-01-14 15:15:55', NULL, NULL),
	(4050, 'Imigrante', 23, '4310363', '2024-01-14 15:15:55', NULL, NULL),
	(4051, 'Independência', 23, '4310405', '2024-01-14 15:15:55', NULL, NULL),
	(4052, 'Inhacorá', 23, '4310413', '2024-01-14 15:15:55', NULL, NULL),
	(4053, 'Ipê', 23, '4310439', '2024-01-14 15:15:55', NULL, NULL),
	(4054, 'Ipiranga do Sul', 23, '4310462', '2024-01-14 15:15:55', NULL, NULL),
	(4055, 'Iraí', 23, '4310504', '2024-01-14 15:15:55', NULL, NULL),
	(4056, 'Itaara', 23, '4310538', '2024-01-14 15:15:55', NULL, NULL),
	(4057, 'Itacurubi', 23, '4310553', '2024-01-14 15:15:55', NULL, NULL),
	(4058, 'Itapuca', 23, '4310579', '2024-01-14 15:15:55', NULL, NULL),
	(4059, 'Itaqui', 23, '4310603', '2024-01-14 15:15:55', NULL, NULL),
	(4060, 'Itati', 23, '4310652', '2024-01-14 15:15:55', NULL, NULL),
	(4061, 'Itatiba do Sul', 23, '4310702', '2024-01-14 15:15:55', NULL, NULL),
	(4062, 'Ivorá', 23, '4310751', '2024-01-14 15:15:55', NULL, NULL),
	(4063, 'Ivoti', 23, '4310801', '2024-01-14 15:15:55', NULL, NULL),
	(4064, 'Jaboticaba', 23, '4310850', '2024-01-14 15:15:55', NULL, NULL),
	(4065, 'Jacuizinho', 23, '4310876', '2024-01-14 15:15:55', NULL, NULL),
	(4066, 'Jacutinga', 23, '4310900', '2024-01-14 15:15:55', NULL, NULL),
	(4067, 'Jaguarão', 23, '4311007', '2024-01-14 15:15:55', NULL, NULL),
	(4068, 'Jaguari', 23, '4311106', '2024-01-14 15:15:55', NULL, NULL),
	(4069, 'Jaquirana', 23, '4311122', '2024-01-14 15:15:55', NULL, NULL),
	(4070, 'Jari', 23, '4311130', '2024-01-14 15:15:55', NULL, NULL),
	(4071, 'Jóia', 23, '4311155', '2024-01-14 15:15:55', NULL, NULL),
	(4072, 'Júlio de Castilhos', 23, '4311205', '2024-01-14 15:15:55', NULL, NULL),
	(4073, 'Lagoa Bonita do Sul', 23, '4311239', '2024-01-14 15:15:55', NULL, NULL),
	(4074, 'Lagoa dos Três Cantos', 23, '4311270', '2024-01-14 15:15:55', NULL, NULL),
	(4075, 'Lagoa Vermelha', 23, '4311304', '2024-01-14 15:15:55', NULL, NULL),
	(4076, 'Lagoão', 23, '4311254', '2024-01-14 15:15:55', NULL, NULL),
	(4077, 'Lajeado', 23, '4311403', '2024-01-14 15:15:55', NULL, NULL),
	(4078, 'Lajeado do Bugre', 23, '4311429', '2024-01-14 15:15:55', NULL, NULL),
	(4079, 'Lavras do Sul', 23, '4311502', '2024-01-14 15:15:55', NULL, NULL),
	(4080, 'Liberato Salzano', 23, '4311601', '2024-01-14 15:15:55', NULL, NULL),
	(4081, 'Lindolfo Collor', 23, '4311627', '2024-01-14 15:15:55', NULL, NULL),
	(4082, 'Linha Nova', 23, '4311643', '2024-01-14 15:15:55', NULL, NULL),
	(4083, 'Maçambara', 23, '4311718', '2024-01-14 15:15:55', NULL, NULL),
	(4084, 'Machadinho', 23, '4311700', '2024-01-14 15:15:55', NULL, NULL),
	(4085, 'Mampituba', 23, '4311734', '2024-01-14 15:15:55', NULL, NULL),
	(4086, 'Manoel Viana', 23, '4311759', '2024-01-14 15:15:55', NULL, NULL),
	(4087, 'Maquiné', 23, '4311775', '2024-01-14 15:15:55', NULL, NULL),
	(4088, 'Maratá', 23, '4311791', '2024-01-14 15:15:55', NULL, NULL),
	(4089, 'Marau', 23, '4311809', '2024-01-14 15:15:55', NULL, NULL),
	(4090, 'Marcelino Ramos', 23, '4311908', '2024-01-14 15:15:55', NULL, NULL),
	(4091, 'Mariana Pimentel', 23, '4311981', '2024-01-14 15:15:55', NULL, NULL),
	(4092, 'Mariano Moro', 23, '4312005', '2024-01-14 15:15:55', NULL, NULL),
	(4093, 'Marques de Souza', 23, '4312054', '2024-01-14 15:15:55', NULL, NULL),
	(4094, 'Mata', 23, '4312104', '2024-01-14 15:15:55', NULL, NULL),
	(4095, 'Mato Castelhano', 23, '4312138', '2024-01-14 15:15:55', NULL, NULL),
	(4096, 'Mato Leitão', 23, '4312153', '2024-01-14 15:15:55', NULL, NULL),
	(4097, 'Mato Queimado', 23, '4312179', '2024-01-14 15:15:55', NULL, NULL),
	(4098, 'Maximiliano de Almeida', 23, '4312203', '2024-01-14 15:15:55', NULL, NULL),
	(4099, 'Minas do Leão', 23, '4312252', '2024-01-14 15:15:55', NULL, NULL),
	(4100, 'Miraguaí', 23, '4312302', '2024-01-14 15:15:55', NULL, NULL),
	(4101, 'Montauri', 23, '4312351', '2024-01-14 15:15:55', NULL, NULL),
	(4102, 'Monte Alegre dos Campos', 23, '4312377', '2024-01-14 15:15:55', NULL, NULL),
	(4103, 'Monte Belo do Sul', 23, '4312385', '2024-01-14 15:15:55', NULL, NULL),
	(4104, 'Montenegro', 23, '4312401', '2024-01-14 15:15:55', NULL, NULL),
	(4105, 'Mormaço', 23, '4312427', '2024-01-14 15:15:55', NULL, NULL),
	(4106, 'Morrinhos do Sul', 23, '4312443', '2024-01-14 15:15:55', NULL, NULL),
	(4107, 'Morro Redondo', 23, '4312450', '2024-01-14 15:15:55', NULL, NULL),
	(4108, 'Morro Reuter', 23, '4312476', '2024-01-14 15:15:55', NULL, NULL),
	(4109, 'Mostardas', 23, '4312500', '2024-01-14 15:15:55', NULL, NULL),
	(4110, 'Muçum', 23, '4312609', '2024-01-14 15:15:55', NULL, NULL),
	(4111, 'Muitos Capões', 23, '4312617', '2024-01-14 15:15:55', NULL, NULL),
	(4112, 'Muliterno', 23, '4312625', '2024-01-14 15:15:55', NULL, NULL),
	(4113, 'Não-Me-Toque', 23, '4312658', '2024-01-14 15:15:55', NULL, NULL),
	(4114, 'Nicolau Vergueiro', 23, '4312674', '2024-01-14 15:15:55', NULL, NULL),
	(4115, 'Nonoai', 23, '4312708', '2024-01-14 15:15:55', NULL, NULL),
	(4116, 'Nova Alvorada', 23, '4312757', '2024-01-14 15:15:55', NULL, NULL),
	(4117, 'Nova Araçá', 23, '4312807', '2024-01-14 15:15:55', NULL, NULL),
	(4118, 'Nova Bassano', 23, '4312906', '2024-01-14 15:15:55', NULL, NULL),
	(4119, 'Nova Boa Vista', 23, '4312955', '2024-01-14 15:15:55', NULL, NULL),
	(4120, 'Nova Bréscia', 23, '4313003', '2024-01-14 15:15:55', NULL, NULL),
	(4121, 'Nova Candelária', 23, '4313011', '2024-01-14 15:15:55', NULL, NULL),
	(4122, 'Nova Esperança do Sul', 23, '4313037', '2024-01-14 15:15:55', NULL, NULL),
	(4123, 'Nova Hartz', 23, '4313060', '2024-01-14 15:15:55', NULL, NULL),
	(4124, 'Nova Pádua', 23, '4313086', '2024-01-14 15:15:55', NULL, NULL),
	(4125, 'Nova Palma', 23, '4313102', '2024-01-14 15:15:55', NULL, NULL),
	(4126, 'Nova Petrópolis', 23, '4313201', '2024-01-14 15:15:55', NULL, NULL),
	(4127, 'Nova Prata', 23, '4313300', '2024-01-14 15:15:55', NULL, NULL),
	(4128, 'Nova Ramada', 23, '4313334', '2024-01-14 15:15:55', NULL, NULL),
	(4129, 'Nova Roma do Sul', 23, '4313359', '2024-01-14 15:15:55', NULL, NULL),
	(4130, 'Nova Santa Rita', 23, '4313375', '2024-01-14 15:15:55', NULL, NULL),
	(4131, 'Novo Barreiro', 23, '4313490', '2024-01-14 15:15:55', NULL, NULL),
	(4132, 'Novo Cabrais', 23, '4313391', '2024-01-14 15:15:55', NULL, NULL),
	(4133, 'Novo Hamburgo', 23, '4313409', '2024-01-14 15:15:55', NULL, NULL),
	(4134, 'Novo Machado', 23, '4313425', '2024-01-14 15:15:55', NULL, NULL),
	(4135, 'Novo Tiradentes', 23, '4313441', '2024-01-14 15:15:55', NULL, NULL),
	(4136, 'Novo Xingu', 23, '4313466', '2024-01-14 15:15:55', NULL, NULL),
	(4137, 'Osório', 23, '4313508', '2024-01-14 15:15:55', NULL, NULL),
	(4138, 'Paim Filho', 23, '4313607', '2024-01-14 15:15:55', NULL, NULL),
	(4139, 'Palmares do Sul', 23, '4313656', '2024-01-14 15:15:55', NULL, NULL),
	(4140, 'Palmeira das Missões', 23, '4313706', '2024-01-14 15:15:55', NULL, NULL),
	(4141, 'Palmitinho', 23, '4313805', '2024-01-14 15:15:55', NULL, NULL),
	(4142, 'Panambi', 23, '4313904', '2024-01-14 15:15:55', NULL, NULL),
	(4143, 'Pantano Grande', 23, '4313953', '2024-01-14 15:15:55', NULL, NULL),
	(4144, 'Paraí', 23, '4314001', '2024-01-14 15:15:55', NULL, NULL),
	(4145, 'Paraíso do Sul', 23, '4314027', '2024-01-14 15:15:55', NULL, NULL),
	(4146, 'Pareci Novo', 23, '4314035', '2024-01-14 15:15:55', NULL, NULL),
	(4147, 'Parobé', 23, '4314050', '2024-01-14 15:15:55', NULL, NULL),
	(4148, 'Passa Sete', 23, '4314068', '2024-01-14 15:15:55', NULL, NULL),
	(4149, 'Passo do Sobrado', 23, '4314076', '2024-01-14 15:15:55', NULL, NULL),
	(4150, 'Passo Fundo', 23, '4314100', '2024-01-14 15:15:55', NULL, NULL),
	(4151, 'Paulo Bento', 23, '4314134', '2024-01-14 15:15:55', NULL, NULL),
	(4152, 'Paverama', 23, '4314159', '2024-01-14 15:15:55', NULL, NULL),
	(4153, 'Pedras Altas', 23, '4314175', '2024-01-14 15:15:55', NULL, NULL),
	(4154, 'Pedro Osório', 23, '4314209', '2024-01-14 15:15:55', NULL, NULL),
	(4155, 'Pejuçara', 23, '4314308', '2024-01-14 15:15:55', NULL, NULL),
	(4156, 'Pelotas', 23, '4314407', '2024-01-14 15:15:55', NULL, NULL),
	(4157, 'Picada Café', 23, '4314423', '2024-01-14 15:15:55', NULL, NULL),
	(4158, 'Pinhal', 23, '4314456', '2024-01-14 15:15:55', NULL, NULL),
	(4159, 'Pinhal da Serra', 23, '4314464', '2024-01-14 15:15:55', NULL, NULL),
	(4160, 'Pinhal Grande', 23, '4314472', '2024-01-14 15:15:55', NULL, NULL),
	(4161, 'Pinheirinho do Vale', 23, '4314498', '2024-01-14 15:15:55', NULL, NULL),
	(4162, 'Pinheiro Machado', 23, '4314506', '2024-01-14 15:15:55', NULL, NULL),
	(4163, 'Pirapó', 23, '4314555', '2024-01-14 15:15:55', NULL, NULL),
	(4164, 'Piratini', 23, '4314605', '2024-01-14 15:15:55', NULL, NULL),
	(4165, 'Planalto', 23, '4314704', '2024-01-14 15:15:55', NULL, NULL),
	(4166, 'Poço das Antas', 23, '4314753', '2024-01-14 15:15:55', NULL, NULL),
	(4167, 'Pontão', 23, '4314779', '2024-01-14 15:15:55', NULL, NULL),
	(4168, 'Ponte Preta', 23, '4314787', '2024-01-14 15:15:55', NULL, NULL),
	(4169, 'Portão', 23, '4314803', '2024-01-14 15:15:55', NULL, NULL),
	(4170, 'Porto Alegre', 23, '4314902', '2024-01-14 15:15:55', NULL, NULL),
	(4171, 'Porto Lucena', 23, '4315008', '2024-01-14 15:15:55', NULL, NULL),
	(4172, 'Porto Mauá', 23, '4315057', '2024-01-14 15:15:55', NULL, NULL),
	(4173, 'Porto Vera Cruz', 23, '4315073', '2024-01-14 15:15:55', NULL, NULL),
	(4174, 'Porto Xavier', 23, '4315107', '2024-01-14 15:15:55', NULL, NULL),
	(4175, 'Pouso Novo', 23, '4315131', '2024-01-14 15:15:55', NULL, NULL),
	(4176, 'Presidente Lucena', 23, '4315149', '2024-01-14 15:15:55', NULL, NULL),
	(4177, 'Progresso', 23, '4315156', '2024-01-14 15:15:55', NULL, NULL),
	(4178, 'Protásio Alves', 23, '4315172', '2024-01-14 15:15:56', NULL, NULL),
	(4179, 'Putinga', 23, '4315206', '2024-01-14 15:15:56', NULL, NULL),
	(4180, 'Quaraí', 23, '4315305', '2024-01-14 15:15:56', NULL, NULL),
	(4181, 'Quatro Irmãos', 23, '4315313', '2024-01-14 15:15:56', NULL, NULL),
	(4182, 'Quevedos', 23, '4315321', '2024-01-14 15:15:56', NULL, NULL),
	(4183, 'Quinze de Novembro', 23, '4315354', '2024-01-14 15:15:56', NULL, NULL),
	(4184, 'Redentora', 23, '4315404', '2024-01-14 15:15:56', NULL, NULL),
	(4185, 'Relvado', 23, '4315453', '2024-01-14 15:15:56', NULL, NULL),
	(4186, 'Restinga Seca', 23, '4315503', '2024-01-14 15:15:56', NULL, NULL),
	(4187, 'Rio dos Índios', 23, '4315552', '2024-01-14 15:15:56', NULL, NULL),
	(4188, 'Rio Grande', 23, '4315602', '2024-01-14 15:15:56', NULL, NULL),
	(4189, 'Rio Pardo', 23, '4315701', '2024-01-14 15:15:56', NULL, NULL),
	(4190, 'Riozinho', 23, '4315750', '2024-01-14 15:15:56', NULL, NULL),
	(4191, 'Roca Sales', 23, '4315800', '2024-01-14 15:15:56', NULL, NULL),
	(4192, 'Rodeio Bonito', 23, '4315909', '2024-01-14 15:15:56', NULL, NULL),
	(4193, 'Rolador', 23, '4315958', '2024-01-14 15:15:56', NULL, NULL),
	(4194, 'Rolante', 23, '4316006', '2024-01-14 15:15:56', NULL, NULL),
	(4195, 'Ronda Alta', 23, '4316105', '2024-01-14 15:15:56', NULL, NULL),
	(4196, 'Rondinha', 23, '4316204', '2024-01-14 15:15:56', NULL, NULL),
	(4197, 'Roque Gonzales', 23, '4316303', '2024-01-14 15:15:56', NULL, NULL),
	(4198, 'Rosário do Sul', 23, '4316402', '2024-01-14 15:15:56', NULL, NULL),
	(4199, 'Sagrada Família', 23, '4316428', '2024-01-14 15:15:56', NULL, NULL),
	(4200, 'Saldanha Marinho', 23, '4316436', '2024-01-14 15:15:56', NULL, NULL),
	(4201, 'Salto do Jacuí', 23, '4316451', '2024-01-14 15:15:56', NULL, NULL),
	(4202, 'Salvador das Missões', 23, '4316477', '2024-01-14 15:15:56', NULL, NULL),
	(4203, 'Salvador do Sul', 23, '4316501', '2024-01-14 15:15:56', NULL, NULL),
	(4204, 'Sananduva', 23, '4316600', '2024-01-14 15:15:56', NULL, NULL),
	(4205, 'Santa Bárbara do Sul', 23, '4316709', '2024-01-14 15:15:56', NULL, NULL),
	(4206, 'Santa Cecília do Sul', 23, '4316733', '2024-01-14 15:15:56', NULL, NULL),
	(4207, 'Santa Clara do Sul', 23, '4316758', '2024-01-14 15:15:56', NULL, NULL),
	(4208, 'Santa Cruz do Sul', 23, '4316808', '2024-01-14 15:15:56', NULL, NULL),
	(4209, 'Santa Margarida do Sul', 23, '4316972', '2024-01-14 15:15:56', NULL, NULL),
	(4210, 'Santa Maria', 23, '4316907', '2024-01-14 15:15:56', NULL, NULL),
	(4211, 'Santa Maria do Herval', 23, '4316956', '2024-01-14 15:15:56', NULL, NULL),
	(4212, 'Santa Rosa', 23, '4317202', '2024-01-14 15:15:56', NULL, NULL),
	(4213, 'Santa Tereza', 23, '4317251', '2024-01-14 15:15:56', NULL, NULL),
	(4214, 'Santa Vitória do Palmar', 23, '4317301', '2024-01-14 15:15:56', NULL, NULL),
	(4215, 'Santana da Boa Vista', 23, '4317004', '2024-01-14 15:15:56', NULL, NULL),
	(4216, 'Santana do Livramento', 23, '4317103', '2024-01-14 15:15:56', NULL, NULL),
	(4217, 'Santiago', 23, '4317400', '2024-01-14 15:15:56', NULL, NULL),
	(4218, 'Santo Ângelo', 23, '4317509', '2024-01-14 15:15:56', NULL, NULL),
	(4219, 'Santo Antônio da Patrulha', 23, '4317608', '2024-01-14 15:15:56', NULL, NULL),
	(4220, 'Santo Antônio das Missões', 23, '4317707', '2024-01-14 15:15:56', NULL, NULL),
	(4221, 'Santo Antônio do Palma', 23, '4317558', '2024-01-14 15:15:56', NULL, NULL),
	(4222, 'Santo Antônio do Planalto', 23, '4317756', '2024-01-14 15:15:56', NULL, NULL),
	(4223, 'Santo Augusto', 23, '4317806', '2024-01-14 15:15:56', NULL, NULL),
	(4224, 'Santo Cristo', 23, '4317905', '2024-01-14 15:15:56', NULL, NULL),
	(4225, 'Santo Expedito do Sul', 23, '4317954', '2024-01-14 15:15:56', NULL, NULL),
	(4226, 'São Borja', 23, '4318002', '2024-01-14 15:15:56', NULL, NULL),
	(4227, 'São Domingos do Sul', 23, '4318051', '2024-01-14 15:15:56', NULL, NULL),
	(4228, 'São Francisco de Assis', 23, '4318101', '2024-01-14 15:15:56', NULL, NULL),
	(4229, 'São Francisco de Paula', 23, '4318200', '2024-01-14 15:15:56', NULL, NULL),
	(4230, 'São Gabriel', 23, '4318309', '2024-01-14 15:15:56', NULL, NULL),
	(4231, 'São Jerônimo', 23, '4318408', '2024-01-14 15:15:56', NULL, NULL),
	(4232, 'São João da Urtiga', 23, '4318424', '2024-01-14 15:15:56', NULL, NULL),
	(4233, 'São João do Polêsine', 23, '4318432', '2024-01-14 15:15:56', NULL, NULL),
	(4234, 'São Jorge', 23, '4318440', '2024-01-14 15:15:56', NULL, NULL),
	(4235, 'São José das Missões', 23, '4318457', '2024-01-14 15:15:56', NULL, NULL),
	(4236, 'São José do Herval', 23, '4318465', '2024-01-14 15:15:56', NULL, NULL),
	(4237, 'São José do Hortêncio', 23, '4318481', '2024-01-14 15:15:56', NULL, NULL),
	(4238, 'São José do Inhacorá', 23, '4318499', '2024-01-14 15:15:56', NULL, NULL),
	(4239, 'São José do Norte', 23, '4318507', '2024-01-14 15:15:56', NULL, NULL),
	(4240, 'São José do Ouro', 23, '4318606', '2024-01-14 15:15:56', NULL, NULL),
	(4241, 'São José do Sul', 23, '4318614', '2024-01-14 15:15:56', NULL, NULL),
	(4242, 'São José dos Ausentes', 23, '4318622', '2024-01-14 15:15:56', NULL, NULL),
	(4243, 'São Leopoldo', 23, '4318705', '2024-01-14 15:15:56', NULL, NULL),
	(4244, 'São Lourenço do Sul', 23, '4318804', '2024-01-14 15:15:56', NULL, NULL),
	(4245, 'São Luiz Gonzaga', 23, '4318903', '2024-01-14 15:15:56', NULL, NULL),
	(4246, 'São Marcos', 23, '4319000', '2024-01-14 15:15:56', NULL, NULL),
	(4247, 'São Martinho', 23, '4319109', '2024-01-14 15:15:56', NULL, NULL),
	(4248, 'São Martinho da Serra', 23, '4319125', '2024-01-14 15:15:56', NULL, NULL),
	(4249, 'São Miguel das Missões', 23, '4319158', '2024-01-14 15:15:56', NULL, NULL),
	(4250, 'São Nicolau', 23, '4319208', '2024-01-14 15:15:56', NULL, NULL),
	(4251, 'São Paulo das Missões', 23, '4319307', '2024-01-14 15:15:56', NULL, NULL),
	(4252, 'São Pedro da Serra', 23, '4319356', '2024-01-14 15:15:56', NULL, NULL),
	(4253, 'São Pedro das Missões', 23, '4319364', '2024-01-14 15:15:56', NULL, NULL),
	(4254, 'São Pedro do Butiá', 23, '4319372', '2024-01-14 15:15:56', NULL, NULL),
	(4255, 'São Pedro do Sul', 23, '4319406', '2024-01-14 15:15:56', NULL, NULL),
	(4256, 'São Sebastião do Caí', 23, '4319505', '2024-01-14 15:15:56', NULL, NULL),
	(4257, 'São Sepé', 23, '4319604', '2024-01-14 15:15:56', NULL, NULL),
	(4258, 'São Valentim', 23, '4319703', '2024-01-14 15:15:56', NULL, NULL),
	(4259, 'São Valentim do Sul', 23, '4319711', '2024-01-14 15:15:56', NULL, NULL),
	(4260, 'São Valério do Sul', 23, '4319737', '2024-01-14 15:15:56', NULL, NULL),
	(4261, 'São Vendelino', 23, '4319752', '2024-01-14 15:15:56', NULL, NULL),
	(4262, 'São Vicente do Sul', 23, '4319802', '2024-01-14 15:15:56', NULL, NULL),
	(4263, 'Sapiranga', 23, '4319901', '2024-01-14 15:15:56', NULL, NULL),
	(4264, 'Sapucaia do Sul', 23, '4320008', '2024-01-14 15:15:56', NULL, NULL),
	(4265, 'Sarandi', 23, '4320107', '2024-01-14 15:15:56', NULL, NULL),
	(4266, 'Seberi', 23, '4320206', '2024-01-14 15:15:56', NULL, NULL),
	(4267, 'Sede Nova', 23, '4320230', '2024-01-14 15:15:56', NULL, NULL),
	(4268, 'Segredo', 23, '4320263', '2024-01-14 15:15:56', NULL, NULL),
	(4269, 'Selbach', 23, '4320305', '2024-01-14 15:15:56', NULL, NULL),
	(4270, 'Senador Salgado Filho', 23, '4320321', '2024-01-14 15:15:56', NULL, NULL),
	(4271, 'Sentinela do Sul', 23, '4320354', '2024-01-14 15:15:56', NULL, NULL),
	(4272, 'Serafina Corrêa', 23, '4320404', '2024-01-14 15:15:56', NULL, NULL),
	(4273, 'Sério', 23, '4320453', '2024-01-14 15:15:56', NULL, NULL),
	(4274, 'Sertão', 23, '4320503', '2024-01-14 15:15:56', NULL, NULL),
	(4275, 'Sertão Santana', 23, '4320552', '2024-01-14 15:15:56', NULL, NULL),
	(4276, 'Sete de Setembro', 23, '4320578', '2024-01-14 15:15:56', NULL, NULL),
	(4277, 'Severiano de Almeida', 23, '4320602', '2024-01-14 15:15:56', NULL, NULL),
	(4278, 'Silveira Martins', 23, '4320651', '2024-01-14 15:15:56', NULL, NULL),
	(4279, 'Sinimbu', 23, '4320677', '2024-01-14 15:15:56', NULL, NULL),
	(4280, 'Sobradinho', 23, '4320701', '2024-01-14 15:15:56', NULL, NULL),
	(4281, 'Soledade', 23, '4320800', '2024-01-14 15:15:56', NULL, NULL),
	(4282, 'Tabaí', 23, '4320859', '2024-01-14 15:15:56', NULL, NULL),
	(4283, 'Tapejara', 23, '4320909', '2024-01-14 15:15:56', NULL, NULL),
	(4284, 'Tapera', 23, '4321006', '2024-01-14 15:15:56', NULL, NULL),
	(4285, 'Tapes', 23, '4321105', '2024-01-14 15:15:56', NULL, NULL),
	(4286, 'Taquara', 23, '4321204', '2024-01-14 15:15:56', NULL, NULL),
	(4287, 'Taquari', 23, '4321303', '2024-01-14 15:15:56', NULL, NULL),
	(4288, 'Taquaruçu do Sul', 23, '4321329', '2024-01-14 15:15:56', NULL, NULL),
	(4289, 'Tavares', 23, '4321352', '2024-01-14 15:15:56', NULL, NULL),
	(4290, 'Tenente Portela', 23, '4321402', '2024-01-14 15:15:56', NULL, NULL),
	(4291, 'Terra de Areia', 23, '4321436', '2024-01-14 15:15:56', NULL, NULL),
	(4292, 'Teutônia', 23, '4321451', '2024-01-14 15:15:56', NULL, NULL),
	(4293, 'Tio Hugo', 23, '4321469', '2024-01-14 15:15:56', NULL, NULL),
	(4294, 'Tiradentes do Sul', 23, '4321477', '2024-01-14 15:15:56', NULL, NULL),
	(4295, 'Toropi', 23, '4321493', '2024-01-14 15:15:56', NULL, NULL),
	(4296, 'Torres', 23, '4321501', '2024-01-14 15:15:56', NULL, NULL),
	(4297, 'Tramandaí', 23, '4321600', '2024-01-14 15:15:56', NULL, NULL),
	(4298, 'Travesseiro', 23, '4321626', '2024-01-14 15:15:56', NULL, NULL),
	(4299, 'Três Arroios', 23, '4321634', '2024-01-14 15:15:56', NULL, NULL),
	(4300, 'Três Cachoeiras', 23, '4321667', '2024-01-14 15:15:56', NULL, NULL),
	(4301, 'Três Coroas', 23, '4321709', '2024-01-14 15:15:56', NULL, NULL),
	(4302, 'Três de Maio', 23, '4321808', '2024-01-14 15:15:56', NULL, NULL),
	(4303, 'Três Forquilhas', 23, '4321832', '2024-01-14 15:15:56', NULL, NULL),
	(4304, 'Três Palmeiras', 23, '4321857', '2024-01-14 15:15:56', NULL, NULL),
	(4305, 'Três Passos', 23, '4321907', '2024-01-14 15:15:56', NULL, NULL),
	(4306, 'Trindade do Sul', 23, '4321956', '2024-01-14 15:15:56', NULL, NULL),
	(4307, 'Triunfo', 23, '4322004', '2024-01-14 15:15:56', NULL, NULL),
	(4308, 'Tucunduva', 23, '4322103', '2024-01-14 15:15:56', NULL, NULL),
	(4309, 'Tunas', 23, '4322152', '2024-01-14 15:15:56', NULL, NULL),
	(4310, 'Tupanci do Sul', 23, '4322186', '2024-01-14 15:15:56', NULL, NULL),
	(4311, 'Tupanciretã', 23, '4322202', '2024-01-14 15:15:56', NULL, NULL),
	(4312, 'Tupandi', 23, '4322251', '2024-01-14 15:15:56', NULL, NULL),
	(4313, 'Tuparendi', 23, '4322301', '2024-01-14 15:15:56', NULL, NULL),
	(4314, 'Turuçu', 23, '4322327', '2024-01-14 15:15:56', NULL, NULL),
	(4315, 'Ubiretama', 23, '4322343', '2024-01-14 15:15:56', NULL, NULL),
	(4316, 'União da Serra', 23, '4322350', '2024-01-14 15:15:56', NULL, NULL),
	(4317, 'Unistalda', 23, '4322376', '2024-01-14 15:15:56', NULL, NULL),
	(4318, 'Uruguaiana', 23, '4322400', '2024-01-14 15:15:56', NULL, NULL),
	(4319, 'Vacaria', 23, '4322509', '2024-01-14 15:15:56', NULL, NULL),
	(4320, 'Vale do Sol', 23, '4322533', '2024-01-14 15:15:56', NULL, NULL),
	(4321, 'Vale Real', 23, '4322541', '2024-01-14 15:15:56', NULL, NULL),
	(4322, 'Vale Verde', 23, '4322525', '2024-01-14 15:15:56', NULL, NULL),
	(4323, 'Vanini', 23, '4322558', '2024-01-14 15:15:56', NULL, NULL),
	(4324, 'Venâncio Aires', 23, '4322608', '2024-01-14 15:15:56', NULL, NULL),
	(4325, 'Vera Cruz', 23, '4322707', '2024-01-14 15:15:56', NULL, NULL),
	(4326, 'Veranópolis', 23, '4322806', '2024-01-14 15:15:56', NULL, NULL),
	(4327, 'Vespasiano Correa', 23, '4322855', '2024-01-14 15:15:56', NULL, NULL),
	(4328, 'Viadutos', 23, '4322905', '2024-01-14 15:15:56', NULL, NULL),
	(4329, 'Viamão', 23, '4323002', '2024-01-14 15:15:56', NULL, NULL),
	(4330, 'Vicente Dutra', 23, '4323101', '2024-01-14 15:15:56', NULL, NULL),
	(4331, 'Victor Graeff', 23, '4323200', '2024-01-14 15:15:56', NULL, NULL),
	(4332, 'Vila Flores', 23, '4323309', '2024-01-14 15:15:56', NULL, NULL),
	(4333, 'Vila Lângaro', 23, '4323358', '2024-01-14 15:15:56', NULL, NULL),
	(4334, 'Vila Maria', 23, '4323408', '2024-01-14 15:15:56', NULL, NULL),
	(4335, 'Vila Nova do Sul', 23, '4323457', '2024-01-14 15:15:56', NULL, NULL),
	(4336, 'Vista Alegre', 23, '4323507', '2024-01-14 15:15:56', NULL, NULL),
	(4337, 'Vista Alegre do Prata', 23, '4323606', '2024-01-14 15:15:56', NULL, NULL),
	(4338, 'Vista Gaúcha', 23, '4323705', '2024-01-14 15:15:56', NULL, NULL),
	(4339, 'Vitória das Missões', 23, '4323754', '2024-01-14 15:15:56', NULL, NULL),
	(4340, 'Westfália', 23, '4323770', '2024-01-14 15:15:56', NULL, NULL),
	(4341, 'Xangri-lá', 23, '4323804', '2024-01-14 15:15:56', NULL, NULL),
	(4342, 'Alta Floresta dOeste', 21, '1100015', '2024-01-14 15:15:56', NULL, NULL),
	(4343, 'Alto Alegre dos Parecis', 21, '1100379', '2024-01-14 15:15:56', NULL, NULL),
	(4344, 'Alto Paraíso', 21, '1100403', '2024-01-14 15:15:56', NULL, NULL),
	(4345, 'Alvorada dOeste', 21, '1100346', '2024-01-14 15:15:56', NULL, NULL),
	(4346, 'Ariquemes', 21, '1100023', '2024-01-14 15:15:56', NULL, NULL),
	(4347, 'Buritis', 21, '1100452', '2024-01-14 15:15:56', NULL, NULL),
	(4348, 'Cabixi', 21, '1100031', '2024-01-14 15:15:56', NULL, NULL),
	(4349, 'Cacaulândia', 21, '1100601', '2024-01-14 15:15:56', NULL, NULL),
	(4350, 'Cacoal', 21, '1100049', '2024-01-14 15:15:56', NULL, NULL),
	(4351, 'Campo Novo de Rondônia', 21, '1100700', '2024-01-14 15:15:56', NULL, NULL),
	(4352, 'Candeias do Jamari', 21, '1100809', '2024-01-14 15:15:56', NULL, NULL),
	(4353, 'Castanheiras', 21, '1100908', '2024-01-14 15:15:56', NULL, NULL),
	(4354, 'Cerejeiras', 21, '1100056', '2024-01-14 15:15:56', NULL, NULL),
	(4355, 'Chupinguaia', 21, '1100924', '2024-01-14 15:15:56', NULL, NULL),
	(4356, 'Colorado do Oeste', 21, '1100064', '2024-01-14 15:15:56', NULL, NULL),
	(4357, 'Corumbiara', 21, '1100072', '2024-01-14 15:15:56', NULL, NULL),
	(4358, 'Costa Marques', 21, '1100080', '2024-01-14 15:15:56', NULL, NULL),
	(4359, 'Cujubim', 21, '1100940', '2024-01-14 15:15:56', NULL, NULL),
	(4360, 'Espigão dOeste', 21, '1100098', '2024-01-14 15:15:56', NULL, NULL),
	(4361, 'Governador Jorge Teixeira', 21, '1101005', '2024-01-14 15:15:56', NULL, NULL),
	(4362, 'Guajará-Mirim', 21, '1100106', '2024-01-14 15:15:56', NULL, NULL),
	(4363, 'Itapuã do Oeste', 21, '1101104', '2024-01-14 15:15:56', NULL, NULL),
	(4364, 'Jaru', 21, '1100114', '2024-01-14 15:15:56', NULL, NULL),
	(4365, 'Ji-Paraná', 21, '1100122', '2024-01-14 15:15:56', NULL, NULL),
	(4366, 'Machadinho dOeste', 21, '1100130', '2024-01-14 15:15:56', NULL, NULL),
	(4367, 'Ministro Andreazza', 21, '1101203', '2024-01-14 15:15:56', NULL, NULL),
	(4368, 'Mirante da Serra', 21, '1101302', '2024-01-14 15:15:56', NULL, NULL),
	(4369, 'Monte Negro', 21, '1101401', '2024-01-14 15:15:56', NULL, NULL),
	(4370, 'Nova Brasilândia dOeste', 21, '1100148', '2024-01-14 15:15:56', NULL, NULL),
	(4371, 'Nova Mamoré', 21, '1100338', '2024-01-14 15:15:56', NULL, NULL),
	(4372, 'Nova União', 21, '1101435', '2024-01-14 15:15:56', NULL, NULL),
	(4373, 'Novo Horizonte do Oeste', 21, '1100502', '2024-01-14 15:15:56', NULL, NULL),
	(4374, 'Ouro Preto do Oeste', 21, '1100155', '2024-01-14 15:15:56', NULL, NULL),
	(4375, 'Parecis', 21, '1101450', '2024-01-14 15:15:56', NULL, NULL),
	(4376, 'Pimenta Bueno', 21, '1100189', '2024-01-14 15:15:56', NULL, NULL),
	(4377, 'Pimenteiras do Oeste', 21, '1101468', '2024-01-14 15:15:56', NULL, NULL),
	(4378, 'Porto Velho', 21, '1100205', '2024-01-14 15:15:56', NULL, NULL),
	(4379, 'Presidente Médici', 21, '1100254', '2024-01-14 15:15:56', NULL, NULL),
	(4380, 'Primavera de Rondônia', 21, '1101476', '2024-01-14 15:15:56', NULL, NULL),
	(4381, 'Rio Crespo', 21, '1100262', '2024-01-14 15:15:56', NULL, NULL),
	(4382, 'Rolim de Moura', 21, '1100288', '2024-01-14 15:15:56', NULL, NULL),
	(4383, 'Santa Luzia dOeste', 21, '1100296', '2024-01-14 15:15:56', NULL, NULL),
	(4384, 'São Felipe dOeste', 21, '1101484', '2024-01-14 15:15:56', NULL, NULL),
	(4385, 'São Francisco do Guaporé', 21, '1101492', '2024-01-14 15:15:56', NULL, NULL),
	(4386, 'São Miguel do Guaporé', 21, '1100320', '2024-01-14 15:15:56', NULL, NULL),
	(4387, 'Seringueiras', 21, '1101500', '2024-01-14 15:15:56', NULL, NULL),
	(4388, 'Teixeirópolis', 21, '1101559', '2024-01-14 15:15:56', NULL, NULL),
	(4389, 'Theobroma', 21, '1101609', '2024-01-14 15:15:56', NULL, NULL),
	(4390, 'Urupá', 21, '1101708', '2024-01-14 15:15:56', NULL, NULL),
	(4391, 'Vale do Anari', 21, '1101757', '2024-01-14 15:15:56', NULL, NULL),
	(4392, 'Vale do Paraíso', 21, '1101807', '2024-01-14 15:15:56', NULL, NULL),
	(4393, 'Vilhena', 21, '1100304', '2024-01-14 15:15:56', NULL, NULL),
	(4394, 'Alto Alegre', 22, '1400050', '2024-01-14 15:15:56', NULL, NULL),
	(4395, 'Amajari', 22, '1400027', '2024-01-14 15:15:56', NULL, NULL),
	(4396, 'Boa Vista', 22, '1400100', '2024-01-14 15:15:56', NULL, NULL),
	(4397, 'Bonfim', 22, '1400159', '2024-01-14 15:15:56', NULL, NULL),
	(4398, 'Cantá', 22, '1400175', '2024-01-14 15:15:56', NULL, NULL),
	(4399, 'Caracaraí', 22, '1400209', '2024-01-14 15:15:56', NULL, NULL),
	(4400, 'Caroebe', 22, '1400233', '2024-01-14 15:15:56', NULL, NULL),
	(4401, 'Iracema', 22, '1400282', '2024-01-14 15:15:56', NULL, NULL),
	(4402, 'Mucajaí', 22, '1400308', '2024-01-14 15:15:56', NULL, NULL),
	(4403, 'Normandia', 22, '1400407', '2024-01-14 15:15:56', NULL, NULL),
	(4404, 'Pacaraima', 22, '1400456', '2024-01-14 15:15:56', NULL, NULL),
	(4405, 'Rorainópolis', 22, '1400472', '2024-01-14 15:15:56', NULL, NULL),
	(4406, 'São João da Baliza', 22, '1400506', '2024-01-14 15:15:56', NULL, NULL),
	(4407, 'São Luiz', 22, '1400605', '2024-01-14 15:15:56', NULL, NULL),
	(4408, 'Uiramutã', 22, '1400704', '2024-01-14 15:15:56', NULL, NULL),
	(4409, 'Abdon Batista', 24, '4200051', '2024-01-14 15:15:56', NULL, NULL),
	(4410, 'Abelardo Luz', 24, '4200101', '2024-01-14 15:15:57', NULL, NULL),
	(4411, 'Agrolândia', 24, '4200200', '2024-01-14 15:15:57', NULL, NULL),
	(4412, 'Agronômica', 24, '4200309', '2024-01-14 15:15:57', NULL, NULL),
	(4413, 'Água Doce', 24, '4200408', '2024-01-14 15:15:57', NULL, NULL),
	(4414, 'Águas de Chapecó', 24, '4200507', '2024-01-14 15:15:57', NULL, NULL),
	(4415, 'Águas Frias', 24, '4200556', '2024-01-14 15:15:57', NULL, NULL),
	(4416, 'Águas Mornas', 24, '4200606', '2024-01-14 15:15:57', NULL, NULL),
	(4417, 'Alfredo Wagner', 24, '4200705', '2024-01-14 15:15:57', NULL, NULL),
	(4418, 'Alto Bela Vista', 24, '4200754', '2024-01-14 15:15:57', NULL, NULL),
	(4419, 'Anchieta', 24, '4200804', '2024-01-14 15:15:57', NULL, NULL),
	(4420, 'Angelina', 24, '4200903', '2024-01-14 15:15:57', NULL, NULL),
	(4421, 'Anita Garibaldi', 24, '4201000', '2024-01-14 15:15:57', NULL, NULL),
	(4422, 'Anitápolis', 24, '4201109', '2024-01-14 15:15:57', NULL, NULL),
	(4423, 'Antônio Carlos', 24, '4201208', '2024-01-14 15:15:57', NULL, NULL),
	(4424, 'Apiúna', 24, '4201257', '2024-01-14 15:15:57', NULL, NULL),
	(4425, 'Arabutã', 24, '4201273', '2024-01-14 15:15:57', NULL, NULL),
	(4426, 'Araquari', 24, '4201307', '2024-01-14 15:15:57', NULL, NULL),
	(4427, 'Araranguá', 24, '4201406', '2024-01-14 15:15:57', NULL, NULL),
	(4428, 'Armazém', 24, '4201505', '2024-01-14 15:15:57', NULL, NULL),
	(4429, 'Arroio Trinta', 24, '4201604', '2024-01-14 15:15:57', NULL, NULL),
	(4430, 'Arvoredo', 24, '4201653', '2024-01-14 15:15:57', NULL, NULL),
	(4431, 'Ascurra', 24, '4201703', '2024-01-14 15:15:57', NULL, NULL),
	(4432, 'Atalanta', 24, '4201802', '2024-01-14 15:15:57', NULL, NULL),
	(4433, 'Aurora', 24, '4201901', '2024-01-14 15:15:57', NULL, NULL),
	(4434, 'Balneário Arroio do Silva', 24, '4201950', '2024-01-14 15:15:57', NULL, NULL),
	(4435, 'Balneário Barra do Sul', 24, '4202057', '2024-01-14 15:15:57', NULL, NULL),
	(4436, 'Balneário Camboriú', 24, '4202008', '2024-01-14 15:15:57', NULL, NULL),
	(4437, 'Balneário Gaivota', 24, '4202073', '2024-01-14 15:15:57', NULL, NULL),
	(4438, 'Bandeirante', 24, '4202081', '2024-01-14 15:15:57', NULL, NULL),
	(4439, 'Barra Bonita', 24, '4202099', '2024-01-14 15:15:57', NULL, NULL),
	(4440, 'Barra Velha', 24, '4202107', '2024-01-14 15:15:57', NULL, NULL),
	(4441, 'Bela Vista do Toldo', 24, '4202131', '2024-01-14 15:15:57', NULL, NULL),
	(4442, 'Belmonte', 24, '4202156', '2024-01-14 15:15:57', NULL, NULL),
	(4443, 'Benedito Novo', 24, '4202206', '2024-01-14 15:15:57', NULL, NULL),
	(4444, 'Biguaçu', 24, '4202305', '2024-01-14 15:15:57', NULL, NULL),
	(4445, 'Blumenau', 24, '4202404', '2024-01-14 15:15:57', NULL, NULL),
	(4446, 'Bocaina do Sul', 24, '4202438', '2024-01-14 15:15:57', NULL, NULL),
	(4447, 'Bom Jardim da Serra', 24, '4202503', '2024-01-14 15:15:57', NULL, NULL),
	(4448, 'Bom Jesus', 24, '4202537', '2024-01-14 15:15:57', NULL, NULL),
	(4449, 'Bom Jesus do Oeste', 24, '4202578', '2024-01-14 15:15:57', NULL, NULL),
	(4450, 'Bom Retiro', 24, '4202602', '2024-01-14 15:15:57', NULL, NULL),
	(4451, 'Bombinhas', 24, '4202453', '2024-01-14 15:15:57', NULL, NULL),
	(4452, 'Botuverá', 24, '4202701', '2024-01-14 15:15:57', NULL, NULL),
	(4453, 'Braço do Norte', 24, '4202800', '2024-01-14 15:15:57', NULL, NULL),
	(4454, 'Braço do Trombudo', 24, '4202859', '2024-01-14 15:15:57', NULL, NULL),
	(4455, 'Brunópolis', 24, '4202875', '2024-01-14 15:15:57', NULL, NULL),
	(4456, 'Brusque', 24, '4202909', '2024-01-14 15:15:57', NULL, NULL),
	(4457, 'Caçador', 24, '4203006', '2024-01-14 15:15:57', NULL, NULL),
	(4458, 'Caibi', 24, '4203105', '2024-01-14 15:15:57', NULL, NULL),
	(4459, 'Calmon', 24, '4203154', '2024-01-14 15:15:57', NULL, NULL),
	(4460, 'Camboriú', 24, '4203204', '2024-01-14 15:15:57', NULL, NULL),
	(4461, 'Campo Alegre', 24, '4203303', '2024-01-14 15:15:57', NULL, NULL),
	(4462, 'Campo Belo do Sul', 24, '4203402', '2024-01-14 15:15:57', NULL, NULL),
	(4463, 'Campo Erê', 24, '4203501', '2024-01-14 15:15:57', NULL, NULL),
	(4464, 'Campos Novos', 24, '4203600', '2024-01-14 15:15:57', NULL, NULL),
	(4465, 'Canelinha', 24, '4203709', '2024-01-14 15:15:57', NULL, NULL),
	(4466, 'Canoinhas', 24, '4203808', '2024-01-14 15:15:57', NULL, NULL),
	(4467, 'Capão Alto', 24, '4203253', '2024-01-14 15:15:57', NULL, NULL),
	(4468, 'Capinzal', 24, '4203907', '2024-01-14 15:15:57', NULL, NULL),
	(4469, 'Capivari de Baixo', 24, '4203956', '2024-01-14 15:15:57', NULL, NULL),
	(4470, 'Catanduvas', 24, '4204004', '2024-01-14 15:15:57', NULL, NULL),
	(4471, 'Caxambu do Sul', 24, '4204103', '2024-01-14 15:15:57', NULL, NULL),
	(4472, 'Celso Ramos', 24, '4204152', '2024-01-14 15:15:57', NULL, NULL),
	(4473, 'Cerro Negro', 24, '4204178', '2024-01-14 15:15:57', NULL, NULL),
	(4474, 'Chapadão do Lageado', 24, '4204194', '2024-01-14 15:15:57', NULL, NULL),
	(4475, 'Chapecó', 24, '4204202', '2024-01-14 15:15:57', NULL, NULL),
	(4476, 'Cocal do Sul', 24, '4204251', '2024-01-14 15:15:57', NULL, NULL),
	(4477, 'Concórdia', 24, '4204301', '2024-01-14 15:15:57', NULL, NULL),
	(4478, 'Cordilheira Alta', 24, '4204350', '2024-01-14 15:15:57', NULL, NULL),
	(4479, 'Coronel Freitas', 24, '4204400', '2024-01-14 15:15:57', NULL, NULL),
	(4480, 'Coronel Martins', 24, '4204459', '2024-01-14 15:15:57', NULL, NULL),
	(4481, 'Correia Pinto', 24, '4204558', '2024-01-14 15:15:57', NULL, NULL),
	(4482, 'Corupá', 24, '4204509', '2024-01-14 15:15:57', NULL, NULL),
	(4483, 'Criciúma', 24, '4204608', '2024-01-14 15:15:57', NULL, NULL),
	(4484, 'Cunha Porã', 24, '4204707', '2024-01-14 15:15:57', NULL, NULL),
	(4485, 'Cunhataí', 24, '4204756', '2024-01-14 15:15:57', NULL, NULL),
	(4486, 'Curitibanos', 24, '4204806', '2024-01-14 15:15:57', NULL, NULL),
	(4487, 'Descanso', 24, '4204905', '2024-01-14 15:15:57', NULL, NULL),
	(4488, 'Dionísio Cerqueira', 24, '4205001', '2024-01-14 15:15:57', NULL, NULL),
	(4489, 'Dona Emma', 24, '4205100', '2024-01-14 15:15:57', NULL, NULL),
	(4490, 'Doutor Pedrinho', 24, '4205159', '2024-01-14 15:15:57', NULL, NULL),
	(4491, 'Entre Rios', 24, '4205175', '2024-01-14 15:15:57', NULL, NULL),
	(4492, 'Ermo', 24, '4205191', '2024-01-14 15:15:57', NULL, NULL),
	(4493, 'Erval Velho', 24, '4205209', '2024-01-14 15:15:57', NULL, NULL),
	(4494, 'Faxinal dos Guedes', 24, '4205308', '2024-01-14 15:15:57', NULL, NULL),
	(4495, 'Flor do Sertão', 24, '4205357', '2024-01-14 15:15:57', NULL, NULL),
	(4496, 'Florianópolis', 24, '4205407', '2024-01-14 15:15:57', NULL, NULL),
	(4497, 'Formosa do Sul', 24, '4205431', '2024-01-14 15:15:57', NULL, NULL),
	(4498, 'Forquilhinha', 24, '4205456', '2024-01-14 15:15:57', NULL, NULL),
	(4499, 'Fraiburgo', 24, '4205506', '2024-01-14 15:15:57', NULL, NULL),
	(4500, 'Frei Rogério', 24, '4205555', '2024-01-14 15:15:57', NULL, NULL),
	(4501, 'Galvão', 24, '4205605', '2024-01-14 15:15:57', NULL, NULL),
	(4502, 'Garopaba', 24, '4205704', '2024-01-14 15:15:57', NULL, NULL),
	(4503, 'Garuva', 24, '4205803', '2024-01-14 15:15:57', NULL, NULL),
	(4504, 'Gaspar', 24, '4205902', '2024-01-14 15:15:57', NULL, NULL),
	(4505, 'Governador Celso Ramos', 24, '4206009', '2024-01-14 15:15:57', NULL, NULL),
	(4506, 'Grão Pará', 24, '4206108', '2024-01-14 15:15:57', NULL, NULL),
	(4507, 'Gravatal', 24, '4206207', '2024-01-14 15:15:57', NULL, NULL),
	(4508, 'Guabiruba', 24, '4206306', '2024-01-14 15:15:57', NULL, NULL),
	(4509, 'Guaraciaba', 24, '4206405', '2024-01-14 15:15:57', NULL, NULL),
	(4510, 'Guaramirim', 24, '4206504', '2024-01-14 15:15:57', NULL, NULL),
	(4511, 'Guarujá do Sul', 24, '4206603', '2024-01-14 15:15:57', NULL, NULL),
	(4512, 'Guatambú', 24, '4206652', '2024-01-14 15:15:57', NULL, NULL),
	(4513, 'Herval dOeste', 24, '4206702', '2024-01-14 15:15:57', NULL, NULL),
	(4514, 'Ibiam', 24, '4206751', '2024-01-14 15:15:57', NULL, NULL),
	(4515, 'Ibicaré', 24, '4206801', '2024-01-14 15:15:57', NULL, NULL),
	(4516, 'Ibirama', 24, '4206900', '2024-01-14 15:15:57', NULL, NULL),
	(4517, 'Içara', 24, '4207007', '2024-01-14 15:15:57', NULL, NULL),
	(4518, 'Ilhota', 24, '4207106', '2024-01-14 15:15:57', NULL, NULL),
	(4519, 'Imaruí', 24, '4207205', '2024-01-14 15:15:57', NULL, NULL),
	(4520, 'Imbituba', 24, '4207304', '2024-01-14 15:15:57', NULL, NULL),
	(4521, 'Imbuia', 24, '4207403', '2024-01-14 15:15:57', NULL, NULL),
	(4522, 'Indaial', 24, '4207502', '2024-01-14 15:15:57', NULL, NULL),
	(4523, 'Iomerê', 24, '4207577', '2024-01-14 15:15:57', NULL, NULL),
	(4524, 'Ipira', 24, '4207601', '2024-01-14 15:15:57', NULL, NULL),
	(4525, 'Iporã do Oeste', 24, '4207650', '2024-01-14 15:15:57', NULL, NULL),
	(4526, 'Ipuaçu', 24, '4207684', '2024-01-14 15:15:57', NULL, NULL),
	(4527, 'Ipumirim', 24, '4207700', '2024-01-14 15:15:57', NULL, NULL),
	(4528, 'Iraceminha', 24, '4207759', '2024-01-14 15:15:57', NULL, NULL),
	(4529, 'Irani', 24, '4207809', '2024-01-14 15:15:57', NULL, NULL),
	(4530, 'Irati', 24, '4207858', '2024-01-14 15:15:57', NULL, NULL),
	(4531, 'Irineópolis', 24, '4207908', '2024-01-14 15:15:57', NULL, NULL),
	(4532, 'Itá', 24, '4208005', '2024-01-14 15:15:57', NULL, NULL),
	(4533, 'Itaiópolis', 24, '4208104', '2024-01-14 15:15:57', NULL, NULL),
	(4534, 'Itajaí', 24, '4208203', '2024-01-14 15:15:57', NULL, NULL),
	(4535, 'Itapema', 24, '4208302', '2024-01-14 15:15:57', NULL, NULL),
	(4536, 'Itapiranga', 24, '4208401', '2024-01-14 15:15:57', NULL, NULL),
	(4537, 'Itapoá', 24, '4208450', '2024-01-14 15:15:57', NULL, NULL),
	(4538, 'Ituporanga', 24, '4208500', '2024-01-14 15:15:57', NULL, NULL),
	(4539, 'Jaborá', 24, '4208609', '2024-01-14 15:15:57', NULL, NULL),
	(4540, 'Jacinto Machado', 24, '4208708', '2024-01-14 15:15:57', NULL, NULL),
	(4541, 'Jaguaruna', 24, '4208807', '2024-01-14 15:15:57', NULL, NULL),
	(4542, 'Jaraguá do Sul', 24, '4208906', '2024-01-14 15:15:57', NULL, NULL),
	(4543, 'Jardinópolis', 24, '4208955', '2024-01-14 15:15:57', NULL, NULL),
	(4544, 'Joaçaba', 24, '4209003', '2024-01-14 15:15:57', NULL, NULL),
	(4545, 'Joinville', 24, '4209102', '2024-01-14 15:15:57', NULL, NULL),
	(4546, 'José Boiteux', 24, '4209151', '2024-01-14 15:15:57', NULL, NULL),
	(4547, 'Jupiá', 24, '4209177', '2024-01-14 15:15:57', NULL, NULL),
	(4548, 'Lacerdópolis', 24, '4209201', '2024-01-14 15:15:57', NULL, NULL),
	(4549, 'Lages', 24, '4209300', '2024-01-14 15:15:57', NULL, NULL),
	(4550, 'Laguna', 24, '4209409', '2024-01-14 15:15:57', NULL, NULL),
	(4551, 'Lajeado Grande', 24, '4209458', '2024-01-14 15:15:57', NULL, NULL),
	(4552, 'Laurentino', 24, '4209508', '2024-01-14 15:15:57', NULL, NULL),
	(4553, 'Lauro Muller', 24, '4209607', '2024-01-14 15:15:57', NULL, NULL),
	(4554, 'Lebon Régis', 24, '4209706', '2024-01-14 15:15:57', NULL, NULL),
	(4555, 'Leoberto Leal', 24, '4209805', '2024-01-14 15:15:57', NULL, NULL),
	(4556, 'Lindóia do Sul', 24, '4209854', '2024-01-14 15:15:57', NULL, NULL),
	(4557, 'Lontras', 24, '4209904', '2024-01-14 15:15:57', NULL, NULL),
	(4558, 'Luiz Alves', 24, '4210001', '2024-01-14 15:15:57', NULL, NULL),
	(4559, 'Luzerna', 24, '4210035', '2024-01-14 15:15:57', NULL, NULL),
	(4560, 'Macieira', 24, '4210050', '2024-01-14 15:15:57', NULL, NULL),
	(4561, 'Mafra', 24, '4210100', '2024-01-14 15:15:57', NULL, NULL),
	(4562, 'Major Gercino', 24, '4210209', '2024-01-14 15:15:57', NULL, NULL),
	(4563, 'Major Vieira', 24, '4210308', '2024-01-14 15:15:57', NULL, NULL),
	(4564, 'Maracajá', 24, '4210407', '2024-01-14 15:15:57', NULL, NULL),
	(4565, 'Maravilha', 24, '4210506', '2024-01-14 15:15:57', NULL, NULL),
	(4566, 'Marema', 24, '4210555', '2024-01-14 15:15:57', NULL, NULL),
	(4567, 'Massaranduba', 24, '4210605', '2024-01-14 15:15:57', NULL, NULL),
	(4568, 'Matos Costa', 24, '4210704', '2024-01-14 15:15:57', NULL, NULL),
	(4569, 'Meleiro', 24, '4210803', '2024-01-14 15:15:57', NULL, NULL),
	(4570, 'Mirim Doce', 24, '4210852', '2024-01-14 15:15:57', NULL, NULL),
	(4571, 'Modelo', 24, '4210902', '2024-01-14 15:15:57', NULL, NULL),
	(4572, 'Mondaí', 24, '4211009', '2024-01-14 15:15:57', NULL, NULL),
	(4573, 'Monte Carlo', 24, '4211058', '2024-01-14 15:15:57', NULL, NULL),
	(4574, 'Monte Castelo', 24, '4211108', '2024-01-14 15:15:57', NULL, NULL),
	(4575, 'Morro da Fumaça', 24, '4211207', '2024-01-14 15:15:57', NULL, NULL),
	(4576, 'Morro Grande', 24, '4211256', '2024-01-14 15:15:57', NULL, NULL),
	(4577, 'Navegantes', 24, '4211306', '2024-01-14 15:15:57', NULL, NULL),
	(4578, 'Nova Erechim', 24, '4211405', '2024-01-14 15:15:57', NULL, NULL),
	(4579, 'Nova Itaberaba', 24, '4211454', '2024-01-14 15:15:57', NULL, NULL),
	(4580, 'Nova Trento', 24, '4211504', '2024-01-14 15:15:57', NULL, NULL),
	(4581, 'Nova Veneza', 24, '4211603', '2024-01-14 15:15:57', NULL, NULL),
	(4582, 'Novo Horizonte', 24, '4211652', '2024-01-14 15:15:57', NULL, NULL),
	(4583, 'Orleans', 24, '4211702', '2024-01-14 15:15:57', NULL, NULL),
	(4584, 'Otacílio Costa', 24, '4211751', '2024-01-14 15:15:57', NULL, NULL),
	(4585, 'Ouro', 24, '4211801', '2024-01-14 15:15:57', NULL, NULL),
	(4586, 'Ouro Verde', 24, '4211850', '2024-01-14 15:15:57', NULL, NULL),
	(4587, 'Paial', 24, '4211876', '2024-01-14 15:15:57', NULL, NULL),
	(4588, 'Painel', 24, '4211892', '2024-01-14 15:15:57', NULL, NULL),
	(4589, 'Palhoça', 24, '4211900', '2024-01-14 15:15:57', NULL, NULL),
	(4590, 'Palma Sola', 24, '4212007', '2024-01-14 15:15:57', NULL, NULL),
	(4591, 'Palmeira', 24, '4212056', '2024-01-14 15:15:57', NULL, NULL),
	(4592, 'Palmitos', 24, '4212106', '2024-01-14 15:15:57', NULL, NULL),
	(4593, 'Papanduva', 24, '4212205', '2024-01-14 15:15:57', NULL, NULL),
	(4594, 'Paraíso', 24, '4212239', '2024-01-14 15:15:57', NULL, NULL),
	(4595, 'Passo de Torres', 24, '4212254', '2024-01-14 15:15:57', NULL, NULL),
	(4596, 'Passos Maia', 24, '4212270', '2024-01-14 15:15:57', NULL, NULL),
	(4597, 'Paulo Lopes', 24, '4212304', '2024-01-14 15:15:57', NULL, NULL),
	(4598, 'Pedras Grandes', 24, '4212403', '2024-01-14 15:15:57', NULL, NULL),
	(4599, 'Penha', 24, '4212502', '2024-01-14 15:15:57', NULL, NULL),
	(4600, 'Peritiba', 24, '4212601', '2024-01-14 15:15:57', NULL, NULL),
	(4601, 'Petrolândia', 24, '4212700', '2024-01-14 15:15:57', NULL, NULL),
	(4602, 'Balneário Piçarras', 24, '4212809', '2024-01-14 15:15:57', NULL, NULL),
	(4603, 'Pinhalzinho', 24, '4212908', '2024-01-14 15:15:57', NULL, NULL),
	(4604, 'Pinheiro Preto', 24, '4213005', '2024-01-14 15:15:57', NULL, NULL),
	(4605, 'Piratuba', 24, '4213104', '2024-01-14 15:15:57', NULL, NULL),
	(4606, 'Planalto Alegre', 24, '4213153', '2024-01-14 15:15:57', NULL, NULL),
	(4607, 'Pomerode', 24, '4213203', '2024-01-14 15:15:57', NULL, NULL),
	(4608, 'Ponte Alta', 24, '4213302', '2024-01-14 15:15:57', NULL, NULL),
	(4609, 'Ponte Alta do Norte', 24, '4213351', '2024-01-14 15:15:57', NULL, NULL),
	(4610, 'Ponte Serrada', 24, '4213401', '2024-01-14 15:15:57', NULL, NULL),
	(4611, 'Porto Belo', 24, '4213500', '2024-01-14 15:15:57', NULL, NULL),
	(4612, 'Porto União', 24, '4213609', '2024-01-14 15:15:57', NULL, NULL),
	(4613, 'Pouso Redondo', 24, '4213708', '2024-01-14 15:15:57', NULL, NULL),
	(4614, 'Praia Grande', 24, '4213807', '2024-01-14 15:15:57', NULL, NULL),
	(4615, 'Presidente Getúlio', 24, '4214003', '2024-01-14 15:15:57', NULL, NULL),
	(4616, 'Presidente Nereu', 24, '4214102', '2024-01-14 15:15:57', NULL, NULL),
	(4617, 'Princesa', 24, '4214151', '2024-01-14 15:15:57', NULL, NULL),
	(4618, 'Quilombo', 24, '4214201', '2024-01-14 15:15:57', NULL, NULL),
	(4619, 'Rancho Queimado', 24, '4214300', '2024-01-14 15:15:57', NULL, NULL),
	(4620, 'Rio das Antas', 24, '4214409', '2024-01-14 15:15:57', NULL, NULL),
	(4621, 'Rio do Campo', 24, '4214508', '2024-01-14 15:15:57', NULL, NULL),
	(4622, 'Rio do Oeste', 24, '4214607', '2024-01-14 15:15:57', NULL, NULL),
	(4623, 'Rio do Sul', 24, '4214805', '2024-01-14 15:15:57', NULL, NULL),
	(4624, 'Rio dos Cedros', 24, '4214706', '2024-01-14 15:15:57', NULL, NULL),
	(4625, 'Rio Fortuna', 24, '4214904', '2024-01-14 15:15:57', NULL, NULL),
	(4626, 'Rio Negrinho', 24, '4215000', '2024-01-14 15:15:57', NULL, NULL),
	(4627, 'Rio Rufino', 24, '4215059', '2024-01-14 15:15:57', NULL, NULL),
	(4628, 'Riqueza', 24, '4215075', '2024-01-14 15:15:57', NULL, NULL),
	(4629, 'Rodeio', 24, '4215109', '2024-01-14 15:15:57', NULL, NULL),
	(4630, 'Romelândia', 24, '4215208', '2024-01-14 15:15:57', NULL, NULL),
	(4631, 'Salete', 24, '4215307', '2024-01-14 15:15:57', NULL, NULL),
	(4632, 'Saltinho', 24, '4215356', '2024-01-14 15:15:57', NULL, NULL),
	(4633, 'Salto Veloso', 24, '4215406', '2024-01-14 15:15:57', NULL, NULL),
	(4634, 'Sangão', 24, '4215455', '2024-01-14 15:15:57', NULL, NULL),
	(4635, 'Santa Cecília', 24, '4215505', '2024-01-14 15:15:57', NULL, NULL),
	(4636, 'Santa Helena', 24, '4215554', '2024-01-14 15:15:57', NULL, NULL),
	(4637, 'Santa Rosa de Lima', 24, '4215604', '2024-01-14 15:15:57', NULL, NULL),
	(4638, 'Santa Rosa do Sul', 24, '4215653', '2024-01-14 15:15:57', NULL, NULL),
	(4639, 'Santa Terezinha', 24, '4215679', '2024-01-14 15:15:57', NULL, NULL),
	(4640, 'Santa Terezinha do Progresso', 24, '4215687', '2024-01-14 15:15:57', NULL, NULL),
	(4641, 'Santiago do Sul', 24, '4215695', '2024-01-14 15:15:57', NULL, NULL),
	(4642, 'Santo Amaro da Imperatriz', 24, '4215703', '2024-01-14 15:15:57', NULL, NULL),
	(4643, 'São Bento do Sul', 24, '4215802', '2024-01-14 15:15:57', NULL, NULL),
	(4644, 'São Bernardino', 24, '4215752', '2024-01-14 15:15:57', NULL, NULL),
	(4645, 'São Bonifácio', 24, '4215901', '2024-01-14 15:15:57', NULL, NULL),
	(4646, 'São Carlos', 24, '4216008', '2024-01-14 15:15:57', NULL, NULL),
	(4647, 'São Cristovão do Sul', 24, '4216057', '2024-01-14 15:15:57', NULL, NULL),
	(4648, 'São Domingos', 24, '4216107', '2024-01-14 15:15:57', NULL, NULL),
	(4649, 'São Francisco do Sul', 24, '4216206', '2024-01-14 15:15:57', NULL, NULL),
	(4650, 'São João Batista', 24, '4216305', '2024-01-14 15:15:57', NULL, NULL),
	(4651, 'São João do Itaperiú', 24, '4216354', '2024-01-14 15:15:57', NULL, NULL),
	(4652, 'São João do Oeste', 24, '4216255', '2024-01-14 15:15:57', NULL, NULL),
	(4653, 'São João do Sul', 24, '4216404', '2024-01-14 15:15:57', NULL, NULL),
	(4654, 'São Joaquim', 24, '4216503', '2024-01-14 15:15:57', NULL, NULL),
	(4655, 'São José', 24, '4216602', '2024-01-14 15:15:57', NULL, NULL),
	(4656, 'São José do Cedro', 24, '4216701', '2024-01-14 15:15:57', NULL, NULL),
	(4657, 'São José do Cerrito', 24, '4216800', '2024-01-14 15:15:57', NULL, NULL),
	(4658, 'São Lourenço do Oeste', 24, '4216909', '2024-01-14 15:15:57', NULL, NULL),
	(4659, 'São Ludgero', 24, '4217006', '2024-01-14 15:15:57', NULL, NULL),
	(4660, 'São Martinho', 24, '4217105', '2024-01-14 15:15:57', NULL, NULL),
	(4661, 'São Miguel da Boa Vista', 24, '4217154', '2024-01-14 15:15:58', NULL, NULL),
	(4662, 'São Miguel do Oeste', 24, '4217204', '2024-01-14 15:15:58', NULL, NULL),
	(4663, 'São Pedro de Alcântara', 24, '4217253', '2024-01-14 15:15:58', NULL, NULL),
	(4664, 'Saudades', 24, '4217303', '2024-01-14 15:15:58', NULL, NULL),
	(4665, 'Schroeder', 24, '4217402', '2024-01-14 15:15:58', NULL, NULL),
	(4666, 'Seara', 24, '4217501', '2024-01-14 15:15:58', NULL, NULL),
	(4667, 'Serra Alta', 24, '4217550', '2024-01-14 15:15:58', NULL, NULL),
	(4668, 'Siderópolis', 24, '4217600', '2024-01-14 15:15:58', NULL, NULL),
	(4669, 'Sombrio', 24, '4217709', '2024-01-14 15:15:58', NULL, NULL),
	(4670, 'Sul Brasil', 24, '4217758', '2024-01-14 15:15:58', NULL, NULL),
	(4671, 'Taió', 24, '4217808', '2024-01-14 15:15:58', NULL, NULL),
	(4672, 'Tangará', 24, '4217907', '2024-01-14 15:15:58', NULL, NULL),
	(4673, 'Tigrinhos', 24, '4217956', '2024-01-14 15:15:58', NULL, NULL),
	(4674, 'Tijucas', 24, '4218004', '2024-01-14 15:15:58', NULL, NULL),
	(4675, 'Timbé do Sul', 24, '4218103', '2024-01-14 15:15:58', NULL, NULL),
	(4676, 'Timbó', 24, '4218202', '2024-01-14 15:15:58', NULL, NULL),
	(4677, 'Timbó Grande', 24, '4218251', '2024-01-14 15:15:58', NULL, NULL),
	(4678, 'Três Barras', 24, '4218301', '2024-01-14 15:15:58', NULL, NULL),
	(4679, 'Treviso', 24, '4218350', '2024-01-14 15:15:58', NULL, NULL),
	(4680, 'Treze de Maio', 24, '4218400', '2024-01-14 15:15:58', NULL, NULL),
	(4681, 'Treze Tílias', 24, '4218509', '2024-01-14 15:15:58', NULL, NULL),
	(4682, 'Trombudo Central', 24, '4218608', '2024-01-14 15:15:58', NULL, NULL),
	(4683, 'Tubarão', 24, '4218707', '2024-01-14 15:15:58', NULL, NULL),
	(4684, 'Tunápolis', 24, '4218756', '2024-01-14 15:15:58', NULL, NULL),
	(4685, 'Turvo', 24, '4218806', '2024-01-14 15:15:58', NULL, NULL),
	(4686, 'União do Oeste', 24, '4218855', '2024-01-14 15:15:58', NULL, NULL),
	(4687, 'Urubici', 24, '4218905', '2024-01-14 15:15:58', NULL, NULL),
	(4688, 'Urupema', 24, '4218954', '2024-01-14 15:15:58', NULL, NULL),
	(4689, 'Urussanga', 24, '4219002', '2024-01-14 15:15:58', NULL, NULL),
	(4690, 'Vargeão', 24, '4219101', '2024-01-14 15:15:58', NULL, NULL),
	(4691, 'Vargem', 24, '4219150', '2024-01-14 15:15:58', NULL, NULL),
	(4692, 'Vargem Bonita', 24, '4219176', '2024-01-14 15:15:58', NULL, NULL),
	(4693, 'Vidal Ramos', 24, '4219200', '2024-01-14 15:15:58', NULL, NULL),
	(4694, 'Videira', 24, '4219309', '2024-01-14 15:15:58', NULL, NULL),
	(4695, 'Vitor Meireles', 24, '4219358', '2024-01-14 15:15:58', NULL, NULL),
	(4696, 'Witmarsum', 24, '4219408', '2024-01-14 15:15:58', NULL, NULL),
	(4697, 'Xanxerê', 24, '4219507', '2024-01-14 15:15:58', NULL, NULL),
	(4698, 'Xavantina', 24, '4219606', '2024-01-14 15:15:58', NULL, NULL),
	(4699, 'Xaxim', 24, '4219705', '2024-01-14 15:15:58', NULL, NULL),
	(4700, 'Zortéa', 24, '4219853', '2024-01-14 15:15:58', NULL, NULL),
	(4701, 'Adamantina', 26, '3500105', '2024-01-14 15:15:58', NULL, NULL),
	(4702, 'Adolfo', 26, '3500204', '2024-01-14 15:15:58', NULL, NULL),
	(4703, 'Aguaí', 26, '3500303', '2024-01-14 15:15:58', NULL, NULL),
	(4704, 'Águas da Prata', 26, '3500402', '2024-01-14 15:15:58', NULL, NULL),
	(4705, 'Águas de Lindóia', 26, '3500501', '2024-01-14 15:15:58', NULL, NULL),
	(4706, 'Águas de Santa Bárbara', 26, '3500550', '2024-01-14 15:15:58', NULL, NULL),
	(4707, 'Águas de São Pedro', 26, '3500600', '2024-01-14 15:15:58', NULL, NULL),
	(4708, 'Agudos', 26, '3500709', '2024-01-14 15:15:58', NULL, NULL),
	(4709, 'Alambari', 26, '3500758', '2024-01-14 15:15:58', NULL, NULL),
	(4710, 'Alfredo Marcondes', 26, '3500808', '2024-01-14 15:15:58', NULL, NULL),
	(4711, 'Altair', 26, '3500907', '2024-01-14 15:15:58', NULL, NULL),
	(4712, 'Altinópolis', 26, '3501004', '2024-01-14 15:15:58', NULL, NULL),
	(4713, 'Alto Alegre', 26, '3501103', '2024-01-14 15:15:58', NULL, NULL),
	(4714, 'Alumínio', 26, '3501152', '2024-01-14 15:15:58', NULL, NULL),
	(4715, 'Álvares Florence', 26, '3501202', '2024-01-14 15:15:58', NULL, NULL),
	(4716, 'Álvares Machado', 26, '3501301', '2024-01-14 15:15:58', NULL, NULL),
	(4717, 'Álvaro de Carvalho', 26, '3501400', '2024-01-14 15:15:58', NULL, NULL),
	(4718, 'Alvinlândia', 26, '3501509', '2024-01-14 15:15:58', NULL, NULL),
	(4719, 'Americana', 26, '3501608', '2024-01-14 15:15:58', NULL, NULL),
	(4720, 'Américo Brasiliense', 26, '3501707', '2024-01-14 15:15:58', NULL, NULL),
	(4721, 'Américo de Campos', 26, '3501806', '2024-01-14 15:15:58', NULL, NULL),
	(4722, 'Amparo', 26, '3501905', '2024-01-14 15:15:58', NULL, NULL),
	(4723, 'Analândia', 26, '3502002', '2024-01-14 15:15:58', NULL, NULL),
	(4724, 'Andradina', 26, '3502101', '2024-01-14 15:15:58', NULL, NULL),
	(4725, 'Angatuba', 26, '3502200', '2024-01-14 15:15:58', NULL, NULL),
	(4726, 'Anhembi', 26, '3502309', '2024-01-14 15:15:58', NULL, NULL),
	(4727, 'Anhumas', 26, '3502408', '2024-01-14 15:15:58', NULL, NULL),
	(4728, 'Aparecida', 26, '3502507', '2024-01-14 15:15:58', NULL, NULL),
	(4729, 'Aparecida dOeste', 26, '3502606', '2024-01-14 15:15:58', NULL, NULL),
	(4730, 'Apiaí', 26, '3502705', '2024-01-14 15:15:58', NULL, NULL),
	(4731, 'Araçariguama', 26, '3502754', '2024-01-14 15:15:58', NULL, NULL),
	(4732, 'Araçatuba', 26, '3502804', '2024-01-14 15:15:58', NULL, NULL),
	(4733, 'Araçoiaba da Serra', 26, '3502903', '2024-01-14 15:15:58', NULL, NULL),
	(4734, 'Aramina', 26, '3503000', '2024-01-14 15:15:58', NULL, NULL),
	(4735, 'Arandu', 26, '3503109', '2024-01-14 15:15:58', NULL, NULL),
	(4736, 'Arapeí', 26, '3503158', '2024-01-14 15:15:58', NULL, NULL),
	(4737, 'Araraquara', 26, '3503208', '2024-01-14 15:15:58', NULL, NULL),
	(4738, 'Araras', 26, '3503307', '2024-01-14 15:15:58', NULL, NULL),
	(4739, 'Arco-Íris', 26, '3503356', '2024-01-14 15:15:58', NULL, NULL),
	(4740, 'Arealva', 26, '3503406', '2024-01-14 15:15:58', NULL, NULL),
	(4741, 'Areias', 26, '3503505', '2024-01-14 15:15:58', NULL, NULL),
	(4742, 'Areiópolis', 26, '3503604', '2024-01-14 15:15:58', NULL, NULL),
	(4743, 'Ariranha', 26, '3503703', '2024-01-14 15:15:58', NULL, NULL),
	(4744, 'Artur Nogueira', 26, '3503802', '2024-01-14 15:15:58', NULL, NULL),
	(4745, 'Arujá', 26, '3503901', '2024-01-14 15:15:58', NULL, NULL),
	(4746, 'Aspásia', 26, '3503950', '2024-01-14 15:15:58', NULL, NULL),
	(4747, 'Assis', 26, '3504008', '2024-01-14 15:15:58', NULL, NULL),
	(4748, 'Atibaia', 26, '3504107', '2024-01-14 15:15:58', NULL, NULL),
	(4749, 'Auriflama', 26, '3504206', '2024-01-14 15:15:58', NULL, NULL),
	(4750, 'Avaí', 26, '3504305', '2024-01-14 15:15:58', NULL, NULL),
	(4751, 'Avanhandava', 26, '3504404', '2024-01-14 15:15:58', NULL, NULL),
	(4752, 'Avaré', 26, '3504503', '2024-01-14 15:15:58', NULL, NULL),
	(4753, 'Bady Bassitt', 26, '3504602', '2024-01-14 15:15:58', NULL, NULL),
	(4754, 'Balbinos', 26, '3504701', '2024-01-14 15:15:58', NULL, NULL),
	(4755, 'Bálsamo', 26, '3504800', '2024-01-14 15:15:58', NULL, NULL),
	(4756, 'Bananal', 26, '3504909', '2024-01-14 15:15:58', NULL, NULL),
	(4757, 'Barão de Antonina', 26, '3505005', '2024-01-14 15:15:58', NULL, NULL),
	(4758, 'Barbosa', 26, '3505104', '2024-01-14 15:15:58', NULL, NULL),
	(4759, 'Bariri', 26, '3505203', '2024-01-14 15:15:58', NULL, NULL),
	(4760, 'Barra Bonita', 26, '3505302', '2024-01-14 15:15:58', NULL, NULL),
	(4761, 'Barra do Chapéu', 26, '3505351', '2024-01-14 15:15:58', NULL, NULL),
	(4762, 'Barra do Turvo', 26, '3505401', '2024-01-14 15:15:58', NULL, NULL),
	(4763, 'Barretos', 26, '3505500', '2024-01-14 15:15:58', NULL, NULL),
	(4764, 'Barrinha', 26, '3505609', '2024-01-14 15:15:58', NULL, NULL),
	(4765, 'Barueri', 26, '3505708', '2024-01-14 15:15:58', NULL, NULL),
	(4766, 'Bastos', 26, '3505807', '2024-01-14 15:15:58', NULL, NULL),
	(4767, 'Batatais', 26, '3505906', '2024-01-14 15:15:58', NULL, NULL),
	(4768, 'Bauru', 26, '3506003', '2024-01-14 15:15:58', NULL, NULL),
	(4769, 'Bebedouro', 26, '3506102', '2024-01-14 15:15:58', NULL, NULL),
	(4770, 'Bento de Abreu', 26, '3506201', '2024-01-14 15:15:58', NULL, NULL),
	(4771, 'Bernardino de Campos', 26, '3506300', '2024-01-14 15:15:58', NULL, NULL),
	(4772, 'Bertioga', 26, '3506359', '2024-01-14 15:15:58', NULL, NULL),
	(4773, 'Bilac', 26, '3506409', '2024-01-14 15:15:58', NULL, NULL),
	(4774, 'Birigui', 26, '3506508', '2024-01-14 15:15:58', NULL, NULL),
	(4775, 'Biritiba-Mirim', 26, '3506607', '2024-01-14 15:15:58', NULL, NULL),
	(4776, 'Boa Esperança do Sul', 26, '3506706', '2024-01-14 15:15:58', NULL, NULL),
	(4777, 'Bocaina', 26, '3506805', '2024-01-14 15:15:58', NULL, NULL),
	(4778, 'Bofete', 26, '3506904', '2024-01-14 15:15:58', NULL, NULL),
	(4779, 'Boituva', 26, '3507001', '2024-01-14 15:15:58', NULL, NULL),
	(4780, 'Bom Jesus dos Perdões', 26, '3507100', '2024-01-14 15:15:58', NULL, NULL),
	(4781, 'Bom Sucesso de Itararé', 26, '3507159', '2024-01-14 15:15:58', NULL, NULL),
	(4782, 'Borá', 26, '3507209', '2024-01-14 15:15:58', NULL, NULL),
	(4783, 'Boracéia', 26, '3507308', '2024-01-14 15:15:58', NULL, NULL),
	(4784, 'Borborema', 26, '3507407', '2024-01-14 15:15:58', NULL, NULL),
	(4785, 'Borebi', 26, '3507456', '2024-01-14 15:15:58', NULL, NULL),
	(4786, 'Botucatu', 26, '3507506', '2024-01-14 15:15:58', NULL, NULL),
	(4787, 'Bragança Paulista', 26, '3507605', '2024-01-14 15:15:58', NULL, NULL),
	(4788, 'Braúna', 26, '3507704', '2024-01-14 15:15:58', NULL, NULL),
	(4789, 'Brejo Alegre', 26, '3507753', '2024-01-14 15:15:58', NULL, NULL),
	(4790, 'Brodowski', 26, '3507803', '2024-01-14 15:15:58', NULL, NULL),
	(4791, 'Brotas', 26, '3507902', '2024-01-14 15:15:58', NULL, NULL),
	(4792, 'Buri', 26, '3508009', '2024-01-14 15:15:58', NULL, NULL),
	(4793, 'Buritama', 26, '3508108', '2024-01-14 15:15:58', NULL, NULL),
	(4794, 'Buritizal', 26, '3508207', '2024-01-14 15:15:58', NULL, NULL),
	(4795, 'Cabrália Paulista', 26, '3508306', '2024-01-14 15:15:58', NULL, NULL),
	(4796, 'Cabreúva', 26, '3508405', '2024-01-14 15:15:58', NULL, NULL),
	(4797, 'Caçapava', 26, '3508504', '2024-01-14 15:15:58', NULL, NULL),
	(4798, 'Cachoeira Paulista', 26, '3508603', '2024-01-14 15:15:58', NULL, NULL),
	(4799, 'Caconde', 26, '3508702', '2024-01-14 15:15:58', NULL, NULL),
	(4800, 'Cafelândia', 26, '3508801', '2024-01-14 15:15:58', NULL, NULL),
	(4801, 'Caiabu', 26, '3508900', '2024-01-14 15:15:58', NULL, NULL),
	(4802, 'Caieiras', 26, '3509007', '2024-01-14 15:15:58', NULL, NULL),
	(4803, 'Caiuá', 26, '3509106', '2024-01-14 15:15:58', NULL, NULL),
	(4804, 'Cajamar', 26, '3509205', '2024-01-14 15:15:58', NULL, NULL),
	(4805, 'Cajati', 26, '3509254', '2024-01-14 15:15:58', NULL, NULL),
	(4806, 'Cajobi', 26, '3509304', '2024-01-14 15:15:58', NULL, NULL),
	(4807, 'Cajuru', 26, '3509403', '2024-01-14 15:15:58', NULL, NULL),
	(4808, 'Campina do Monte Alegre', 26, '3509452', '2024-01-14 15:15:58', NULL, NULL),
	(4809, 'Campinas', 26, '3509502', '2024-01-14 15:15:58', NULL, NULL),
	(4810, 'Campo Limpo Paulista', 26, '3509601', '2024-01-14 15:15:58', NULL, NULL),
	(4811, 'Campos do Jordão', 26, '3509700', '2024-01-14 15:15:58', NULL, NULL),
	(4812, 'Campos Novos Paulista', 26, '3509809', '2024-01-14 15:15:58', NULL, NULL),
	(4813, 'Cananéia', 26, '3509908', '2024-01-14 15:15:58', NULL, NULL),
	(4814, 'Canas', 26, '3509957', '2024-01-14 15:15:58', NULL, NULL),
	(4815, 'Cândido Mota', 26, '3510005', '2024-01-14 15:15:58', NULL, NULL),
	(4816, 'Cândido Rodrigues', 26, '3510104', '2024-01-14 15:15:58', NULL, NULL),
	(4817, 'Canitar', 26, '3510153', '2024-01-14 15:15:58', NULL, NULL),
	(4818, 'Capão Bonito', 26, '3510203', '2024-01-14 15:15:58', NULL, NULL),
	(4819, 'Capela do Alto', 26, '3510302', '2024-01-14 15:15:58', NULL, NULL),
	(4820, 'Capivari', 26, '3510401', '2024-01-14 15:15:58', NULL, NULL),
	(4821, 'Caraguatatuba', 26, '3510500', '2024-01-14 15:15:58', NULL, NULL),
	(4822, 'Carapicuíba', 26, '3510609', '2024-01-14 15:15:58', NULL, NULL),
	(4823, 'Cardoso', 26, '3510708', '2024-01-14 15:15:58', NULL, NULL),
	(4824, 'Casa Branca', 26, '3510807', '2024-01-14 15:15:58', NULL, NULL),
	(4825, 'Cássia dos Coqueiros', 26, '3510906', '2024-01-14 15:15:58', NULL, NULL),
	(4826, 'Castilho', 26, '3511003', '2024-01-14 15:15:58', NULL, NULL),
	(4827, 'Catanduva', 26, '3511102', '2024-01-14 15:15:58', NULL, NULL),
	(4828, 'Catiguá', 26, '3511201', '2024-01-14 15:15:58', NULL, NULL),
	(4829, 'Cedral', 26, '3511300', '2024-01-14 15:15:58', NULL, NULL),
	(4830, 'Cerqueira César', 26, '3511409', '2024-01-14 15:15:58', NULL, NULL),
	(4831, 'Cerquilho', 26, '3511508', '2024-01-14 15:15:58', NULL, NULL),
	(4832, 'Cesário Lange', 26, '3511607', '2024-01-14 15:15:58', NULL, NULL),
	(4833, 'Charqueada', 26, '3511706', '2024-01-14 15:15:58', NULL, NULL),
	(4834, 'Chavantes', 26, '3557204', '2024-01-14 15:15:58', NULL, NULL),
	(4835, 'Clementina', 26, '3511904', '2024-01-14 15:15:58', NULL, NULL),
	(4836, 'Colina', 26, '3512001', '2024-01-14 15:15:58', NULL, NULL),
	(4837, 'Colômbia', 26, '3512100', '2024-01-14 15:15:58', NULL, NULL),
	(4838, 'Conchal', 26, '3512209', '2024-01-14 15:15:58', NULL, NULL),
	(4839, 'Conchas', 26, '3512308', '2024-01-14 15:15:58', NULL, NULL),
	(4840, 'Cordeirópolis', 26, '3512407', '2024-01-14 15:15:58', NULL, NULL),
	(4841, 'Coroados', 26, '3512506', '2024-01-14 15:15:58', NULL, NULL),
	(4842, 'Coronel Macedo', 26, '3512605', '2024-01-14 15:15:58', NULL, NULL),
	(4843, 'Corumbataí', 26, '3512704', '2024-01-14 15:15:58', NULL, NULL),
	(4844, 'Cosmópolis', 26, '3512803', '2024-01-14 15:15:58', NULL, NULL),
	(4845, 'Cosmorama', 26, '3512902', '2024-01-14 15:15:58', NULL, NULL),
	(4846, 'Cotia', 26, '3513009', '2024-01-14 15:15:58', NULL, NULL),
	(4847, 'Cravinhos', 26, '3513108', '2024-01-14 15:15:58', NULL, NULL),
	(4848, 'Cristais Paulista', 26, '3513207', '2024-01-14 15:15:58', NULL, NULL),
	(4849, 'Cruzália', 26, '3513306', '2024-01-14 15:15:58', NULL, NULL),
	(4850, 'Cruzeiro', 26, '3513405', '2024-01-14 15:15:58', NULL, NULL),
	(4851, 'Cubatão', 26, '3513504', '2024-01-14 15:15:58', NULL, NULL),
	(4852, 'Cunha', 26, '3513603', '2024-01-14 15:15:58', NULL, NULL),
	(4853, 'Descalvado', 26, '3513702', '2024-01-14 15:15:58', NULL, NULL),
	(4854, 'Diadema', 26, '3513801', '2024-01-14 15:15:58', NULL, NULL),
	(4855, 'Dirce Reis', 26, '3513850', '2024-01-14 15:15:58', NULL, NULL),
	(4856, 'Divinolândia', 26, '3513900', '2024-01-14 15:15:58', NULL, NULL),
	(4857, 'Dobrada', 26, '3514007', '2024-01-14 15:15:58', NULL, NULL),
	(4858, 'Dois Córregos', 26, '3514106', '2024-01-14 15:15:58', NULL, NULL),
	(4859, 'Dolcinópolis', 26, '3514205', '2024-01-14 15:15:58', NULL, NULL),
	(4860, 'Dourado', 26, '3514304', '2024-01-14 15:15:58', NULL, NULL),
	(4861, 'Dracena', 26, '3514403', '2024-01-14 15:15:58', NULL, NULL),
	(4862, 'Duartina', 26, '3514502', '2024-01-14 15:15:58', NULL, NULL),
	(4863, 'Dumont', 26, '3514601', '2024-01-14 15:15:58', NULL, NULL),
	(4864, 'Echaporã', 26, '3514700', '2024-01-14 15:15:58', NULL, NULL),
	(4865, 'Eldorado', 26, '3514809', '2024-01-14 15:15:58', NULL, NULL),
	(4866, 'Elias Fausto', 26, '3514908', '2024-01-14 15:15:58', NULL, NULL),
	(4867, 'Elisiário', 26, '3514924', '2024-01-14 15:15:58', NULL, NULL),
	(4868, 'Embaúba', 26, '3514957', '2024-01-14 15:15:58', NULL, NULL),
	(4869, 'Embu', 26, '3515004', '2024-01-14 15:15:58', NULL, NULL),
	(4870, 'Embu-Guaçu', 26, '3515103', '2024-01-14 15:15:58', NULL, NULL),
	(4871, 'Emilianópolis', 26, '3515129', '2024-01-14 15:15:58', NULL, NULL),
	(4872, 'Engenheiro Coelho', 26, '3515152', '2024-01-14 15:15:58', NULL, NULL),
	(4873, 'Espírito Santo do Pinhal', 26, '3515186', '2024-01-14 15:15:58', NULL, NULL),
	(4874, 'Espírito Santo do Turvo', 26, '3515194', '2024-01-14 15:15:58', NULL, NULL),
	(4875, 'Estiva Gerbi', 26, '3557303', '2024-01-14 15:15:58', NULL, NULL),
	(4876, 'Estrela dOeste', 26, '3515202', '2024-01-14 15:15:58', NULL, NULL),
	(4877, 'Estrela do Norte', 26, '3515301', '2024-01-14 15:15:58', NULL, NULL),
	(4878, 'Euclides da Cunha Paulista', 26, '3515350', '2024-01-14 15:15:58', NULL, NULL),
	(4879, 'Fartura', 26, '3515400', '2024-01-14 15:15:58', NULL, NULL),
	(4880, 'Fernando Prestes', 26, '3515608', '2024-01-14 15:15:58', NULL, NULL),
	(4881, 'Fernandópolis', 26, '3515509', '2024-01-14 15:15:58', NULL, NULL),
	(4882, 'Fernão', 26, '3515657', '2024-01-14 15:15:58', NULL, NULL),
	(4883, 'Ferraz de Vasconcelos', 26, '3515707', '2024-01-14 15:15:58', NULL, NULL),
	(4884, 'Flora Rica', 26, '3515806', '2024-01-14 15:15:58', NULL, NULL),
	(4885, 'Floreal', 26, '3515905', '2024-01-14 15:15:58', NULL, NULL),
	(4886, 'Flórida Paulista', 26, '3516002', '2024-01-14 15:15:58', NULL, NULL),
	(4887, 'Florínia', 26, '3516101', '2024-01-14 15:15:58', NULL, NULL),
	(4888, 'Franca', 26, '3516200', '2024-01-14 15:15:58', NULL, NULL),
	(4889, 'Francisco Morato', 26, '3516309', '2024-01-14 15:15:58', NULL, NULL),
	(4890, 'Franco da Rocha', 26, '3516408', '2024-01-14 15:15:58', NULL, NULL),
	(4891, 'Gabriel Monteiro', 26, '3516507', '2024-01-14 15:15:58', NULL, NULL),
	(4892, 'Gália', 26, '3516606', '2024-01-14 15:15:58', NULL, NULL),
	(4893, 'Garça', 26, '3516705', '2024-01-14 15:15:58', NULL, NULL),
	(4894, 'Gastão Vidigal', 26, '3516804', '2024-01-14 15:15:58', NULL, NULL),
	(4895, 'Gavião Peixoto', 26, '3516853', '2024-01-14 15:15:58', NULL, NULL),
	(4896, 'General Salgado', 26, '3516903', '2024-01-14 15:15:58', NULL, NULL),
	(4897, 'Getulina', 26, '3517000', '2024-01-14 15:15:58', NULL, NULL),
	(4898, 'Glicério', 26, '3517109', '2024-01-14 15:15:58', NULL, NULL),
	(4899, 'Guaiçara', 26, '3517208', '2024-01-14 15:15:58', NULL, NULL),
	(4900, 'Guaimbê', 26, '3517307', '2024-01-14 15:15:58', NULL, NULL),
	(4901, 'Guaíra', 26, '3517406', '2024-01-14 15:15:58', NULL, NULL),
	(4902, 'Guapiaçu', 26, '3517505', '2024-01-14 15:15:58', NULL, NULL),
	(4903, 'Guapiara', 26, '3517604', '2024-01-14 15:15:58', NULL, NULL),
	(4904, 'Guará', 26, '3517703', '2024-01-14 15:15:58', NULL, NULL),
	(4905, 'Guaraçaí', 26, '3517802', '2024-01-14 15:15:58', NULL, NULL),
	(4906, 'Guaraci', 26, '3517901', '2024-01-14 15:15:58', NULL, NULL),
	(4907, 'Guarani dOeste', 26, '3518008', '2024-01-14 15:15:58', NULL, NULL),
	(4908, 'Guarantã', 26, '3518107', '2024-01-14 15:15:58', NULL, NULL),
	(4909, 'Guararapes', 26, '3518206', '2024-01-14 15:15:58', NULL, NULL),
	(4910, 'Guararema', 26, '3518305', '2024-01-14 15:15:58', NULL, NULL),
	(4911, 'Guaratinguetá', 26, '3518404', '2024-01-14 15:15:58', NULL, NULL),
	(4912, 'Guareí', 26, '3518503', '2024-01-14 15:15:58', NULL, NULL),
	(4913, 'Guariba', 26, '3518602', '2024-01-14 15:15:58', NULL, NULL),
	(4914, 'Guarujá', 26, '3518701', '2024-01-14 15:15:58', NULL, NULL),
	(4915, 'Guarulhos', 26, '3518800', '2024-01-14 15:15:58', NULL, NULL),
	(4916, 'Guatapará', 26, '3518859', '2024-01-14 15:15:58', NULL, NULL),
	(4917, 'Guzolândia', 26, '3518909', '2024-01-14 15:15:58', NULL, NULL),
	(4918, 'Herculândia', 26, '3519006', '2024-01-14 15:15:58', NULL, NULL),
	(4919, 'Holambra', 26, '3519055', '2024-01-14 15:15:58', NULL, NULL),
	(4920, 'Hortolândia', 26, '3519071', '2024-01-14 15:15:58', NULL, NULL),
	(4921, 'Iacanga', 26, '3519105', '2024-01-14 15:15:58', NULL, NULL),
	(4922, 'Iacri', 26, '3519204', '2024-01-14 15:15:59', NULL, NULL),
	(4923, 'Iaras', 26, '3519253', '2024-01-14 15:15:59', NULL, NULL),
	(4924, 'Ibaté', 26, '3519303', '2024-01-14 15:15:59', NULL, NULL),
	(4925, 'Ibirá', 26, '3519402', '2024-01-14 15:15:59', NULL, NULL),
	(4926, 'Ibirarema', 26, '3519501', '2024-01-14 15:15:59', NULL, NULL),
	(4927, 'Ibitinga', 26, '3519600', '2024-01-14 15:15:59', NULL, NULL),
	(4928, 'Ibiúna', 26, '3519709', '2024-01-14 15:15:59', NULL, NULL),
	(4929, 'Icém', 26, '3519808', '2024-01-14 15:15:59', NULL, NULL),
	(4930, 'Iepê', 26, '3519907', '2024-01-14 15:15:59', NULL, NULL),
	(4931, 'Igaraçu do Tietê', 26, '3520004', '2024-01-14 15:15:59', NULL, NULL),
	(4932, 'Igarapava', 26, '3520103', '2024-01-14 15:15:59', NULL, NULL),
	(4933, 'Igaratá', 26, '3520202', '2024-01-14 15:15:59', NULL, NULL),
	(4934, 'Iguape', 26, '3520301', '2024-01-14 15:15:59', NULL, NULL),
	(4935, 'Ilha Comprida', 26, '3520426', '2024-01-14 15:15:59', NULL, NULL),
	(4936, 'Ilha Solteira', 26, '3520442', '2024-01-14 15:15:59', NULL, NULL),
	(4937, 'Ilhabela', 26, '3520400', '2024-01-14 15:15:59', NULL, NULL),
	(4938, 'Indaiatuba', 26, '3520509', '2024-01-14 15:15:59', NULL, NULL),
	(4939, 'Indiana', 26, '3520608', '2024-01-14 15:15:59', NULL, NULL),
	(4940, 'Indiaporã', 26, '3520707', '2024-01-14 15:15:59', NULL, NULL),
	(4941, 'Inúbia Paulista', 26, '3520806', '2024-01-14 15:15:59', NULL, NULL),
	(4942, 'Ipaussu', 26, '3520905', '2024-01-14 15:15:59', NULL, NULL),
	(4943, 'Iperó', 26, '3521002', '2024-01-14 15:15:59', NULL, NULL),
	(4944, 'Ipeúna', 26, '3521101', '2024-01-14 15:15:59', NULL, NULL),
	(4945, 'Ipiguá', 26, '3521150', '2024-01-14 15:15:59', NULL, NULL),
	(4946, 'Iporanga', 26, '3521200', '2024-01-14 15:15:59', NULL, NULL),
	(4947, 'Ipuã', 26, '3521309', '2024-01-14 15:15:59', NULL, NULL),
	(4948, 'Iracemápolis', 26, '3521408', '2024-01-14 15:15:59', NULL, NULL),
	(4949, 'Irapuã', 26, '3521507', '2024-01-14 15:15:59', NULL, NULL),
	(4950, 'Irapuru', 26, '3521606', '2024-01-14 15:15:59', NULL, NULL),
	(4951, 'Itaberá', 26, '3521705', '2024-01-14 15:15:59', NULL, NULL),
	(4952, 'Itaí', 26, '3521804', '2024-01-14 15:15:59', NULL, NULL),
	(4953, 'Itajobi', 26, '3521903', '2024-01-14 15:15:59', NULL, NULL),
	(4954, 'Itaju', 26, '3522000', '2024-01-14 15:15:59', NULL, NULL),
	(4955, 'Itanhaém', 26, '3522109', '2024-01-14 15:15:59', NULL, NULL),
	(4956, 'Itaóca', 26, '3522158', '2024-01-14 15:15:59', NULL, NULL),
	(4957, 'Itapecerica da Serra', 26, '3522208', '2024-01-14 15:15:59', NULL, NULL),
	(4958, 'Itapetininga', 26, '3522307', '2024-01-14 15:15:59', NULL, NULL),
	(4959, 'Itapeva', 26, '3522406', '2024-01-14 15:15:59', NULL, NULL),
	(4960, 'Itapevi', 26, '3522505', '2024-01-14 15:15:59', NULL, NULL),
	(4961, 'Itapira', 26, '3522604', '2024-01-14 15:15:59', NULL, NULL),
	(4962, 'Itapirapuã Paulista', 26, '3522653', '2024-01-14 15:15:59', NULL, NULL),
	(4963, 'Itápolis', 26, '3522703', '2024-01-14 15:15:59', NULL, NULL),
	(4964, 'Itaporanga', 26, '3522802', '2024-01-14 15:15:59', NULL, NULL),
	(4965, 'Itapuí', 26, '3522901', '2024-01-14 15:15:59', NULL, NULL),
	(4966, 'Itapura', 26, '3523008', '2024-01-14 15:15:59', NULL, NULL),
	(4967, 'Itaquaquecetuba', 26, '3523107', '2024-01-14 15:15:59', NULL, NULL),
	(4968, 'Itararé', 26, '3523206', '2024-01-14 15:15:59', NULL, NULL),
	(4969, 'Itariri', 26, '3523305', '2024-01-14 15:15:59', NULL, NULL),
	(4970, 'Itatiba', 26, '3523404', '2024-01-14 15:15:59', NULL, NULL),
	(4971, 'Itatinga', 26, '3523503', '2024-01-14 15:15:59', NULL, NULL),
	(4972, 'Itirapina', 26, '3523602', '2024-01-14 15:15:59', NULL, NULL),
	(4973, 'Itirapuã', 26, '3523701', '2024-01-14 15:15:59', NULL, NULL),
	(4974, 'Itobi', 26, '3523800', '2024-01-14 15:15:59', NULL, NULL),
	(4975, 'Itu', 26, '3523909', '2024-01-14 15:15:59', NULL, NULL),
	(4976, 'Itupeva', 26, '3524006', '2024-01-14 15:15:59', NULL, NULL),
	(4977, 'Ituverava', 26, '3524105', '2024-01-14 15:15:59', NULL, NULL),
	(4978, 'Jaborandi', 26, '3524204', '2024-01-14 15:15:59', NULL, NULL),
	(4979, 'Jaboticabal', 26, '3524303', '2024-01-14 15:15:59', NULL, NULL),
	(4980, 'Jacareí', 26, '3524402', '2024-01-14 15:15:59', NULL, NULL),
	(4981, 'Jaci', 26, '3524501', '2024-01-14 15:15:59', NULL, NULL),
	(4982, 'Jacupiranga', 26, '3524600', '2024-01-14 15:15:59', NULL, NULL),
	(4983, 'Jaguariúna', 26, '3524709', '2024-01-14 15:15:59', NULL, NULL),
	(4984, 'Jales', 26, '3524808', '2024-01-14 15:15:59', NULL, NULL),
	(4985, 'Jambeiro', 26, '3524907', '2024-01-14 15:15:59', NULL, NULL),
	(4986, 'Jandira', 26, '3525003', '2024-01-14 15:15:59', NULL, NULL),
	(4987, 'Jardinópolis', 26, '3525102', '2024-01-14 15:15:59', NULL, NULL),
	(4988, 'Jarinu', 26, '3525201', '2024-01-14 15:15:59', NULL, NULL),
	(4989, 'Jaú', 26, '3525300', '2024-01-14 15:15:59', NULL, NULL),
	(4990, 'Jeriquara', 26, '3525409', '2024-01-14 15:15:59', NULL, NULL),
	(4991, 'Joanópolis', 26, '3525508', '2024-01-14 15:15:59', NULL, NULL),
	(4992, 'João Ramalho', 26, '3525607', '2024-01-14 15:15:59', NULL, NULL),
	(4993, 'José Bonifácio', 26, '3525706', '2024-01-14 15:15:59', NULL, NULL),
	(4994, 'Júlio Mesquita', 26, '3525805', '2024-01-14 15:15:59', NULL, NULL),
	(4995, 'Jumirim', 26, '3525854', '2024-01-14 15:15:59', NULL, NULL),
	(4996, 'Jundiaí', 26, '3525904', '2024-01-14 15:15:59', NULL, NULL),
	(4997, 'Junqueirópolis', 26, '3526001', '2024-01-14 15:15:59', NULL, NULL),
	(4998, 'Juquiá', 26, '3526100', '2024-01-14 15:15:59', NULL, NULL),
	(4999, 'Juquitiba', 26, '3526209', '2024-01-14 15:15:59', NULL, NULL),
	(5000, 'Lagoinha', 26, '3526308', '2024-01-14 15:15:59', NULL, NULL),
	(5001, 'Laranjal Paulista', 26, '3526407', '2024-01-14 15:15:59', NULL, NULL),
	(5002, 'Lavínia', 26, '3526506', '2024-01-14 15:15:59', NULL, NULL),
	(5003, 'Lavrinhas', 26, '3526605', '2024-01-14 15:15:59', NULL, NULL),
	(5004, 'Leme', 26, '3526704', '2024-01-14 15:15:59', NULL, NULL),
	(5005, 'Lençóis Paulista', 26, '3526803', '2024-01-14 15:15:59', NULL, NULL),
	(5006, 'Limeira', 26, '3526902', '2024-01-14 15:15:59', NULL, NULL),
	(5007, 'Lindóia', 26, '3527009', '2024-01-14 15:15:59', NULL, NULL),
	(5008, 'Lins', 26, '3527108', '2024-01-14 15:15:59', NULL, NULL),
	(5009, 'Lorena', 26, '3527207', '2024-01-14 15:15:59', NULL, NULL),
	(5010, 'Lourdes', 26, '3527256', '2024-01-14 15:15:59', NULL, NULL),
	(5011, 'Louveira', 26, '3527306', '2024-01-14 15:15:59', NULL, NULL),
	(5012, 'Lucélia', 26, '3527405', '2024-01-14 15:15:59', NULL, NULL),
	(5013, 'Lucianópolis', 26, '3527504', '2024-01-14 15:15:59', NULL, NULL),
	(5014, 'Luís Antônio', 26, '3527603', '2024-01-14 15:15:59', NULL, NULL),
	(5015, 'Luiziânia', 26, '3527702', '2024-01-14 15:15:59', NULL, NULL),
	(5016, 'Lupércio', 26, '3527801', '2024-01-14 15:15:59', NULL, NULL),
	(5017, 'Lutécia', 26, '3527900', '2024-01-14 15:15:59', NULL, NULL),
	(5018, 'Macatuba', 26, '3528007', '2024-01-14 15:15:59', NULL, NULL),
	(5019, 'Macaubal', 26, '3528106', '2024-01-14 15:15:59', NULL, NULL),
	(5020, 'Macedônia', 26, '3528205', '2024-01-14 15:15:59', NULL, NULL),
	(5021, 'Magda', 26, '3528304', '2024-01-14 15:15:59', NULL, NULL),
	(5022, 'Mairinque', 26, '3528403', '2024-01-14 15:15:59', NULL, NULL),
	(5023, 'Mairiporã', 26, '3528502', '2024-01-14 15:15:59', NULL, NULL),
	(5024, 'Manduri', 26, '3528601', '2024-01-14 15:15:59', NULL, NULL),
	(5025, 'Marabá Paulista', 26, '3528700', '2024-01-14 15:15:59', NULL, NULL),
	(5026, 'Maracaí', 26, '3528809', '2024-01-14 15:15:59', NULL, NULL),
	(5027, 'Marapoama', 26, '3528858', '2024-01-14 15:15:59', NULL, NULL),
	(5028, 'Mariápolis', 26, '3528908', '2024-01-14 15:15:59', NULL, NULL),
	(5029, 'Marília', 26, '3529005', '2024-01-14 15:15:59', NULL, NULL),
	(5030, 'Marinópolis', 26, '3529104', '2024-01-14 15:15:59', NULL, NULL),
	(5031, 'Martinópolis', 26, '3529203', '2024-01-14 15:15:59', NULL, NULL),
	(5032, 'Matão', 26, '3529302', '2024-01-14 15:15:59', NULL, NULL),
	(5033, 'Mauá', 26, '3529401', '2024-01-14 15:15:59', NULL, NULL),
	(5034, 'Mendonça', 26, '3529500', '2024-01-14 15:15:59', NULL, NULL),
	(5035, 'Meridiano', 26, '3529609', '2024-01-14 15:15:59', NULL, NULL),
	(5036, 'Mesópolis', 26, '3529658', '2024-01-14 15:15:59', NULL, NULL),
	(5037, 'Miguelópolis', 26, '3529708', '2024-01-14 15:15:59', NULL, NULL),
	(5038, 'Mineiros do Tietê', 26, '3529807', '2024-01-14 15:15:59', NULL, NULL),
	(5039, 'Mira Estrela', 26, '3530003', '2024-01-14 15:15:59', NULL, NULL),
	(5040, 'Miracatu', 26, '3529906', '2024-01-14 15:15:59', NULL, NULL),
	(5041, 'Mirandópolis', 26, '3530102', '2024-01-14 15:15:59', NULL, NULL),
	(5042, 'Mirante do Paranapanema', 26, '3530201', '2024-01-14 15:15:59', NULL, NULL),
	(5043, 'Mirassol', 26, '3530300', '2024-01-14 15:15:59', NULL, NULL),
	(5044, 'Mirassolândia', 26, '3530409', '2024-01-14 15:15:59', NULL, NULL),
	(5045, 'Mococa', 26, '3530508', '2024-01-14 15:15:59', NULL, NULL),
	(5046, 'Mogi das Cruzes', 26, '3530607', '2024-01-14 15:15:59', NULL, NULL),
	(5047, 'Mogi Guaçu', 26, '3530706', '2024-01-14 15:15:59', NULL, NULL),
	(5048, 'Mogi Mirim', 26, '3530805', '2024-01-14 15:15:59', NULL, NULL),
	(5049, 'Mombuca', 26, '3530904', '2024-01-14 15:15:59', NULL, NULL),
	(5050, 'Monções', 26, '3531001', '2024-01-14 15:15:59', NULL, NULL),
	(5051, 'Mongaguá', 26, '3531100', '2024-01-14 15:15:59', NULL, NULL),
	(5052, 'Monte Alegre do Sul', 26, '3531209', '2024-01-14 15:15:59', NULL, NULL),
	(5053, 'Monte Alto', 26, '3531308', '2024-01-14 15:15:59', NULL, NULL),
	(5054, 'Monte Aprazível', 26, '3531407', '2024-01-14 15:15:59', NULL, NULL),
	(5055, 'Monte Azul Paulista', 26, '3531506', '2024-01-14 15:15:59', NULL, NULL),
	(5056, 'Monte Castelo', 26, '3531605', '2024-01-14 15:15:59', NULL, NULL),
	(5057, 'Monte Mor', 26, '3531803', '2024-01-14 15:15:59', NULL, NULL),
	(5058, 'Monteiro Lobato', 26, '3531704', '2024-01-14 15:15:59', NULL, NULL),
	(5059, 'Morro Agudo', 26, '3531902', '2024-01-14 15:15:59', NULL, NULL),
	(5060, 'Morungaba', 26, '3532009', '2024-01-14 15:15:59', NULL, NULL),
	(5061, 'Motuca', 26, '3532058', '2024-01-14 15:15:59', NULL, NULL),
	(5062, 'Murutinga do Sul', 26, '3532108', '2024-01-14 15:15:59', NULL, NULL),
	(5063, 'Nantes', 26, '3532157', '2024-01-14 15:15:59', NULL, NULL),
	(5064, 'Narandiba', 26, '3532207', '2024-01-14 15:15:59', NULL, NULL),
	(5065, 'Natividade da Serra', 26, '3532306', '2024-01-14 15:15:59', NULL, NULL),
	(5066, 'Nazaré Paulista', 26, '3532405', '2024-01-14 15:15:59', NULL, NULL),
	(5067, 'Neves Paulista', 26, '3532504', '2024-01-14 15:15:59', NULL, NULL),
	(5068, 'Nhandeara', 26, '3532603', '2024-01-14 15:15:59', NULL, NULL),
	(5069, 'Nipoã', 26, '3532702', '2024-01-14 15:15:59', NULL, NULL),
	(5070, 'Nova Aliança', 26, '3532801', '2024-01-14 15:15:59', NULL, NULL),
	(5071, 'Nova Campina', 26, '3532827', '2024-01-14 15:15:59', NULL, NULL),
	(5072, 'Nova Canaã Paulista', 26, '3532843', '2024-01-14 15:15:59', NULL, NULL),
	(5073, 'Nova Castilho', 26, '3532868', '2024-01-14 15:15:59', NULL, NULL),
	(5074, 'Nova Europa', 26, '3532900', '2024-01-14 15:15:59', NULL, NULL),
	(5075, 'Nova Granada', 26, '3533007', '2024-01-14 15:15:59', NULL, NULL),
	(5076, 'Nova Guataporanga', 26, '3533106', '2024-01-14 15:15:59', NULL, NULL),
	(5077, 'Nova Independência', 26, '3533205', '2024-01-14 15:15:59', NULL, NULL),
	(5078, 'Nova Luzitânia', 26, '3533304', '2024-01-14 15:15:59', NULL, NULL),
	(5079, 'Nova Odessa', 26, '3533403', '2024-01-14 15:15:59', NULL, NULL),
	(5080, 'Novais', 26, '3533254', '2024-01-14 15:15:59', NULL, NULL),
	(5081, 'Novo Horizonte', 26, '3533502', '2024-01-14 15:15:59', NULL, NULL),
	(5082, 'Nuporanga', 26, '3533601', '2024-01-14 15:15:59', NULL, NULL),
	(5083, 'Ocauçu', 26, '3533700', '2024-01-14 15:15:59', NULL, NULL),
	(5084, 'Óleo', 26, '3533809', '2024-01-14 15:15:59', NULL, NULL),
	(5085, 'Olímpia', 26, '3533908', '2024-01-14 15:15:59', NULL, NULL),
	(5086, 'Onda Verde', 26, '3534005', '2024-01-14 15:15:59', NULL, NULL),
	(5087, 'Oriente', 26, '3534104', '2024-01-14 15:15:59', NULL, NULL),
	(5088, 'Orindiúva', 26, '3534203', '2024-01-14 15:15:59', NULL, NULL),
	(5089, 'Orlândia', 26, '3534302', '2024-01-14 15:15:59', NULL, NULL),
	(5090, 'Osasco', 26, '3534401', '2024-01-14 15:15:59', NULL, NULL),
	(5091, 'Oscar Bressane', 26, '3534500', '2024-01-14 15:15:59', NULL, NULL),
	(5092, 'Osvaldo Cruz', 26, '3534609', '2024-01-14 15:15:59', NULL, NULL),
	(5093, 'Ourinhos', 26, '3534708', '2024-01-14 15:15:59', NULL, NULL),
	(5094, 'Ouro Verde', 26, '3534807', '2024-01-14 15:15:59', NULL, NULL),
	(5095, 'Ouroeste', 26, '3534757', '2024-01-14 15:15:59', NULL, NULL),
	(5096, 'Pacaembu', 26, '3534906', '2024-01-14 15:15:59', NULL, NULL),
	(5097, 'Palestina', 26, '3535002', '2024-01-14 15:15:59', NULL, NULL),
	(5098, 'Palmares Paulista', 26, '3535101', '2024-01-14 15:15:59', NULL, NULL),
	(5099, 'Palmeira dOeste', 26, '3535200', '2024-01-14 15:15:59', NULL, NULL),
	(5100, 'Palmital', 26, '3535309', '2024-01-14 15:15:59', NULL, NULL),
	(5101, 'Panorama', 26, '3535408', '2024-01-14 15:15:59', NULL, NULL),
	(5102, 'Paraguaçu Paulista', 26, '3535507', '2024-01-14 15:15:59', NULL, NULL),
	(5103, 'Paraibuna', 26, '3535606', '2024-01-14 15:15:59', NULL, NULL),
	(5104, 'Paraíso', 26, '3535705', '2024-01-14 15:15:59', NULL, NULL),
	(5105, 'Paranapanema', 26, '3535804', '2024-01-14 15:15:59', NULL, NULL),
	(5106, 'Paranapuã', 26, '3535903', '2024-01-14 15:15:59', NULL, NULL),
	(5107, 'Parapuã', 26, '3536000', '2024-01-14 15:15:59', NULL, NULL),
	(5108, 'Pardinho', 26, '3536109', '2024-01-14 15:15:59', NULL, NULL),
	(5109, 'Pariquera-Açu', 26, '3536208', '2024-01-14 15:15:59', NULL, NULL),
	(5110, 'Parisi', 26, '3536257', '2024-01-14 15:15:59', NULL, NULL),
	(5111, 'Patrocínio Paulista', 26, '3536307', '2024-01-14 15:15:59', NULL, NULL),
	(5112, 'Paulicéia', 26, '3536406', '2024-01-14 15:15:59', NULL, NULL),
	(5113, 'Paulínia', 26, '3536505', '2024-01-14 15:15:59', NULL, NULL),
	(5114, 'Paulistânia', 26, '3536570', '2024-01-14 15:15:59', NULL, NULL),
	(5115, 'Paulo de Faria', 26, '3536604', '2024-01-14 15:15:59', NULL, NULL),
	(5116, 'Pederneiras', 26, '3536703', '2024-01-14 15:15:59', NULL, NULL),
	(5117, 'Pedra Bela', 26, '3536802', '2024-01-14 15:15:59', NULL, NULL),
	(5118, 'Pedranópolis', 26, '3536901', '2024-01-14 15:15:59', NULL, NULL),
	(5119, 'Pedregulho', 26, '3537008', '2024-01-14 15:15:59', NULL, NULL),
	(5120, 'Pedreira', 26, '3537107', '2024-01-14 15:15:59', NULL, NULL),
	(5121, 'Pedrinhas Paulista', 26, '3537156', '2024-01-14 15:15:59', NULL, NULL),
	(5122, 'Pedro de Toledo', 26, '3537206', '2024-01-14 15:15:59', NULL, NULL),
	(5123, 'Penápolis', 26, '3537305', '2024-01-14 15:15:59', NULL, NULL),
	(5124, 'Pereira Barreto', 26, '3537404', '2024-01-14 15:15:59', NULL, NULL),
	(5125, 'Pereiras', 26, '3537503', '2024-01-14 15:15:59', NULL, NULL),
	(5126, 'Peruíbe', 26, '3537602', '2024-01-14 15:15:59', NULL, NULL),
	(5127, 'Piacatu', 26, '3537701', '2024-01-14 15:15:59', NULL, NULL),
	(5128, 'Piedade', 26, '3537800', '2024-01-14 15:15:59', NULL, NULL),
	(5129, 'Pilar do Sul', 26, '3537909', '2024-01-14 15:15:59', NULL, NULL),
	(5130, 'Pindamonhangaba', 26, '3538006', '2024-01-14 15:15:59', NULL, NULL),
	(5131, 'Pindorama', 26, '3538105', '2024-01-14 15:15:59', NULL, NULL),
	(5132, 'Pinhalzinho', 26, '3538204', '2024-01-14 15:15:59', NULL, NULL),
	(5133, 'Piquerobi', 26, '3538303', '2024-01-14 15:15:59', NULL, NULL),
	(5134, 'Piquete', 26, '3538501', '2024-01-14 15:15:59', NULL, NULL),
	(5135, 'Piracaia', 26, '3538600', '2024-01-14 15:15:59', NULL, NULL),
	(5136, 'Piracicaba', 26, '3538709', '2024-01-14 15:15:59', NULL, NULL),
	(5137, 'Piraju', 26, '3538808', '2024-01-14 15:15:59', NULL, NULL),
	(5138, 'Pirajuí', 26, '3538907', '2024-01-14 15:15:59', NULL, NULL),
	(5139, 'Pirangi', 26, '3539004', '2024-01-14 15:15:59', NULL, NULL),
	(5140, 'Pirapora do Bom Jesus', 26, '3539103', '2024-01-14 15:15:59', NULL, NULL),
	(5141, 'Pirapozinho', 26, '3539202', '2024-01-14 15:15:59', NULL, NULL),
	(5142, 'Pirassununga', 26, '3539301', '2024-01-14 15:15:59', NULL, NULL),
	(5143, 'Piratininga', 26, '3539400', '2024-01-14 15:15:59', NULL, NULL),
	(5144, 'Pitangueiras', 26, '3539509', '2024-01-14 15:15:59', NULL, NULL),
	(5145, 'Planalto', 26, '3539608', '2024-01-14 15:15:59', NULL, NULL),
	(5146, 'Platina', 26, '3539707', '2024-01-14 15:15:59', NULL, NULL),
	(5147, 'Poá', 26, '3539806', '2024-01-14 15:15:59', NULL, NULL),
	(5148, 'Poloni', 26, '3539905', '2024-01-14 15:15:59', NULL, NULL),
	(5149, 'Pompéia', 26, '3540002', '2024-01-14 15:15:59', NULL, NULL),
	(5150, 'Pongaí', 26, '3540101', '2024-01-14 15:15:59', NULL, NULL),
	(5151, 'Pontal', 26, '3540200', '2024-01-14 15:15:59', NULL, NULL),
	(5152, 'Pontalinda', 26, '3540259', '2024-01-14 15:15:59', NULL, NULL),
	(5153, 'Pontes Gestal', 26, '3540309', '2024-01-14 15:15:59', NULL, NULL),
	(5154, 'Populina', 26, '3540408', '2024-01-14 15:15:59', NULL, NULL),
	(5155, 'Porangaba', 26, '3540507', '2024-01-14 15:15:59', NULL, NULL),
	(5156, 'Porto Feliz', 26, '3540606', '2024-01-14 15:15:59', NULL, NULL),
	(5157, 'Porto Ferreira', 26, '3540705', '2024-01-14 15:15:59', NULL, NULL),
	(5158, 'Potim', 26, '3540754', '2024-01-14 15:16:00', NULL, NULL),
	(5159, 'Potirendaba', 26, '3540804', '2024-01-14 15:16:00', NULL, NULL),
	(5160, 'Pracinha', 26, '3540853', '2024-01-14 15:16:00', NULL, NULL),
	(5161, 'Pradópolis', 26, '3540903', '2024-01-14 15:16:00', NULL, NULL),
	(5162, 'Praia Grande', 26, '3541000', '2024-01-14 15:16:00', NULL, NULL),
	(5163, 'Pratânia', 26, '3541059', '2024-01-14 15:16:00', NULL, NULL),
	(5164, 'Presidente Alves', 26, '3541109', '2024-01-14 15:16:00', NULL, NULL),
	(5165, 'Presidente Bernardes', 26, '3541208', '2024-01-14 15:16:00', NULL, NULL),
	(5166, 'Presidente Epitácio', 26, '3541307', '2024-01-14 15:16:00', NULL, NULL),
	(5167, 'Presidente Prudente', 26, '3541406', '2024-01-14 15:16:00', NULL, NULL),
	(5168, 'Presidente Venceslau', 26, '3541505', '2024-01-14 15:16:00', NULL, NULL),
	(5169, 'Promissão', 26, '3541604', '2024-01-14 15:16:00', NULL, NULL),
	(5170, 'Quadra', 26, '3541653', '2024-01-14 15:16:00', NULL, NULL),
	(5171, 'Quatá', 26, '3541703', '2024-01-14 15:16:00', NULL, NULL),
	(5172, 'Queiroz', 26, '3541802', '2024-01-14 15:16:00', NULL, NULL),
	(5173, 'Queluz', 26, '3541901', '2024-01-14 15:16:00', NULL, NULL),
	(5174, 'Quintana', 26, '3542008', '2024-01-14 15:16:00', NULL, NULL),
	(5175, 'Rafard', 26, '3542107', '2024-01-14 15:16:00', NULL, NULL),
	(5176, 'Rancharia', 26, '3542206', '2024-01-14 15:16:00', NULL, NULL),
	(5177, 'Redenção da Serra', 26, '3542305', '2024-01-14 15:16:00', NULL, NULL),
	(5178, 'Regente Feijó', 26, '3542404', '2024-01-14 15:16:00', NULL, NULL),
	(5179, 'Reginópolis', 26, '3542503', '2024-01-14 15:16:00', NULL, NULL),
	(5180, 'Registro', 26, '3542602', '2024-01-14 15:16:00', NULL, NULL),
	(5181, 'Restinga', 26, '3542701', '2024-01-14 15:16:00', NULL, NULL),
	(5182, 'Ribeira', 26, '3542800', '2024-01-14 15:16:00', NULL, NULL),
	(5183, 'Ribeirão Bonito', 26, '3542909', '2024-01-14 15:16:00', NULL, NULL),
	(5184, 'Ribeirão Branco', 26, '3543006', '2024-01-14 15:16:00', NULL, NULL),
	(5185, 'Ribeirão Corrente', 26, '3543105', '2024-01-14 15:16:00', NULL, NULL),
	(5186, 'Ribeirão do Sul', 26, '3543204', '2024-01-14 15:16:00', NULL, NULL),
	(5187, 'Ribeirão dos Índios', 26, '3543238', '2024-01-14 15:16:00', NULL, NULL),
	(5188, 'Ribeirão Grande', 26, '3543253', '2024-01-14 15:16:00', NULL, NULL),
	(5189, 'Ribeirão Pires', 26, '3543303', '2024-01-14 15:16:00', NULL, NULL),
	(5190, 'Ribeirão Preto', 26, '3543402', '2024-01-14 15:16:00', NULL, NULL),
	(5191, 'Rifaina', 26, '3543600', '2024-01-14 15:16:00', NULL, NULL),
	(5192, 'Rincão', 26, '3543709', '2024-01-14 15:16:00', NULL, NULL),
	(5193, 'Rinópolis', 26, '3543808', '2024-01-14 15:16:00', NULL, NULL),
	(5194, 'Rio Claro', 26, '3543907', '2024-01-14 15:16:00', NULL, NULL),
	(5195, 'Rio das Pedras', 26, '3544004', '2024-01-14 15:16:00', NULL, NULL),
	(5196, 'Rio Grande da Serra', 26, '3544103', '2024-01-14 15:16:00', NULL, NULL),
	(5197, 'Riolândia', 26, '3544202', '2024-01-14 15:16:00', NULL, NULL),
	(5198, 'Riversul', 26, '3543501', '2024-01-14 15:16:00', NULL, NULL),
	(5199, 'Rosana', 26, '3544251', '2024-01-14 15:16:00', NULL, NULL),
	(5200, 'Roseira', 26, '3544301', '2024-01-14 15:16:00', NULL, NULL),
	(5201, 'Rubiácea', 26, '3544400', '2024-01-14 15:16:00', NULL, NULL),
	(5202, 'Rubinéia', 26, '3544509', '2024-01-14 15:16:00', NULL, NULL),
	(5203, 'Sabino', 26, '3544608', '2024-01-14 15:16:00', NULL, NULL),
	(5204, 'Sagres', 26, '3544707', '2024-01-14 15:16:00', NULL, NULL),
	(5205, 'Sales', 26, '3544806', '2024-01-14 15:16:00', NULL, NULL),
	(5206, 'Sales Oliveira', 26, '3544905', '2024-01-14 15:16:00', NULL, NULL),
	(5207, 'Salesópolis', 26, '3545001', '2024-01-14 15:16:00', NULL, NULL),
	(5208, 'Salmourão', 26, '3545100', '2024-01-14 15:16:00', NULL, NULL),
	(5209, 'Saltinho', 26, '3545159', '2024-01-14 15:16:00', NULL, NULL),
	(5210, 'Salto', 26, '3545209', '2024-01-14 15:16:00', NULL, NULL),
	(5211, 'Salto de Pirapora', 26, '3545308', '2024-01-14 15:16:00', NULL, NULL),
	(5212, 'Salto Grande', 26, '3545407', '2024-01-14 15:16:00', NULL, NULL),
	(5213, 'Sandovalina', 26, '3545506', '2024-01-14 15:16:00', NULL, NULL),
	(5214, 'Santa Adélia', 26, '3545605', '2024-01-14 15:16:00', NULL, NULL),
	(5215, 'Santa Albertina', 26, '3545704', '2024-01-14 15:16:00', NULL, NULL),
	(5216, 'Santa Bárbara dOeste', 26, '3545803', '2024-01-14 15:16:00', NULL, NULL),
	(5217, 'Santa Branca', 26, '3546009', '2024-01-14 15:16:00', NULL, NULL),
	(5218, 'Santa Clara dOeste', 26, '3546108', '2024-01-14 15:16:00', NULL, NULL),
	(5219, 'Santa Cruz da Conceição', 26, '3546207', '2024-01-14 15:16:00', NULL, NULL),
	(5220, 'Santa Cruz da Esperança', 26, '3546256', '2024-01-14 15:16:00', NULL, NULL),
	(5221, 'Santa Cruz das Palmeiras', 26, '3546306', '2024-01-14 15:16:00', NULL, NULL),
	(5222, 'Santa Cruz do Rio Pardo', 26, '3546405', '2024-01-14 15:16:00', NULL, NULL),
	(5223, 'Santa Ernestina', 26, '3546504', '2024-01-14 15:16:00', NULL, NULL),
	(5224, 'Santa Fé do Sul', 26, '3546603', '2024-01-14 15:16:00', NULL, NULL),
	(5225, 'Santa Gertrudes', 26, '3546702', '2024-01-14 15:16:00', NULL, NULL),
	(5226, 'Santa Isabel', 26, '3546801', '2024-01-14 15:16:00', NULL, NULL),
	(5227, 'Santa Lúcia', 26, '3546900', '2024-01-14 15:16:00', NULL, NULL),
	(5228, 'Santa Maria da Serra', 26, '3547007', '2024-01-14 15:16:00', NULL, NULL),
	(5229, 'Santa Mercedes', 26, '3547106', '2024-01-14 15:16:00', NULL, NULL),
	(5230, 'Santa Rita dOeste', 26, '3547403', '2024-01-14 15:16:00', NULL, NULL),
	(5231, 'Santa Rita do Passa Quatro', 26, '3547502', '2024-01-14 15:16:00', NULL, NULL),
	(5232, 'Santa Rosa de Viterbo', 26, '3547601', '2024-01-14 15:16:00', NULL, NULL),
	(5233, 'Santa Salete', 26, '3547650', '2024-01-14 15:16:00', NULL, NULL),
	(5234, 'Santana da Ponte Pensa', 26, '3547205', '2024-01-14 15:16:00', NULL, NULL),
	(5235, 'Santana de Parnaíba', 26, '3547304', '2024-01-14 15:16:00', NULL, NULL),
	(5236, 'Santo Anastácio', 26, '3547700', '2024-01-14 15:16:00', NULL, NULL),
	(5237, 'Santo André', 26, '3547809', '2024-01-14 15:16:00', NULL, NULL),
	(5238, 'Santo Antônio da Alegria', 26, '3547908', '2024-01-14 15:16:00', NULL, NULL),
	(5239, 'Santo Antônio de Posse', 26, '3548005', '2024-01-14 15:16:00', NULL, NULL),
	(5240, 'Santo Antônio do Aracanguá', 26, '3548054', '2024-01-14 15:16:00', NULL, NULL),
	(5241, 'Santo Antônio do Jardim', 26, '3548104', '2024-01-14 15:16:00', NULL, NULL),
	(5242, 'Santo Antônio do Pinhal', 26, '3548203', '2024-01-14 15:16:00', NULL, NULL),
	(5243, 'Santo Expedito', 26, '3548302', '2024-01-14 15:16:00', NULL, NULL),
	(5244, 'Santópolis do Aguapeí', 26, '3548401', '2024-01-14 15:16:00', NULL, NULL),
	(5245, 'Santos', 26, '3548500', '2024-01-14 15:16:00', NULL, NULL),
	(5246, 'São Bento do Sapucaí', 26, '3548609', '2024-01-14 15:16:00', NULL, NULL),
	(5247, 'São Bernardo do Campo', 26, '3548708', '2024-01-14 15:16:00', NULL, NULL),
	(5248, 'São Caetano do Sul', 26, '3548807', '2024-01-14 15:16:00', NULL, NULL),
	(5249, 'São Carlos', 26, '3548906', '2024-01-14 15:16:00', NULL, NULL),
	(5250, 'São Francisco', 26, '3549003', '2024-01-14 15:16:00', NULL, NULL),
	(5251, 'São João da Boa Vista', 26, '3549102', '2024-01-14 15:16:00', NULL, NULL),
	(5252, 'São João das Duas Pontes', 26, '3549201', '2024-01-14 15:16:00', NULL, NULL),
	(5253, 'São João de Iracema', 26, '3549250', '2024-01-14 15:16:00', NULL, NULL),
	(5254, 'São João do Pau dAlho', 26, '3549300', '2024-01-14 15:16:00', NULL, NULL),
	(5255, 'São Joaquim da Barra', 26, '3549409', '2024-01-14 15:16:00', NULL, NULL),
	(5256, 'São José da Bela Vista', 26, '3549508', '2024-01-14 15:16:00', NULL, NULL),
	(5257, 'São José do Barreiro', 26, '3549607', '2024-01-14 15:16:00', NULL, NULL),
	(5258, 'São José do Rio Pardo', 26, '3549706', '2024-01-14 15:16:00', NULL, NULL),
	(5259, 'São José do Rio Preto', 26, '3549805', '2024-01-14 15:16:00', NULL, NULL),
	(5260, 'São José dos Campos', 26, '3549904', '2024-01-14 15:16:00', NULL, NULL),
	(5261, 'São Lourenço da Serra', 26, '3549953', '2024-01-14 15:16:00', NULL, NULL),
	(5262, 'São Luís do Paraitinga', 26, '3550001', '2024-01-14 15:16:00', NULL, NULL),
	(5263, 'São Manuel', 26, '3550100', '2024-01-14 15:16:00', NULL, NULL),
	(5264, 'São Miguel Arcanjo', 26, '3550209', '2024-01-14 15:16:00', NULL, NULL),
	(5265, 'São Paulo', 26, '3550308', '2024-01-14 15:16:00', NULL, NULL),
	(5266, 'São Pedro', 26, '3550407', '2024-01-14 15:16:00', NULL, NULL),
	(5267, 'São Pedro do Turvo', 26, '3550506', '2024-01-14 15:16:00', NULL, NULL),
	(5268, 'São Roque', 26, '3550605', '2024-01-14 15:16:00', NULL, NULL),
	(5269, 'São Sebastião', 26, '3550704', '2024-01-14 15:16:00', NULL, NULL),
	(5270, 'São Sebastião da Grama', 26, '3550803', '2024-01-14 15:16:00', NULL, NULL),
	(5271, 'São Simão', 26, '3550902', '2024-01-14 15:16:00', NULL, NULL),
	(5272, 'São Vicente', 26, '3551009', '2024-01-14 15:16:00', NULL, NULL),
	(5273, 'Sarapuí', 26, '3551108', '2024-01-14 15:16:00', NULL, NULL),
	(5274, 'Sarutaiá', 26, '3551207', '2024-01-14 15:16:00', NULL, NULL),
	(5275, 'Sebastianópolis do Sul', 26, '3551306', '2024-01-14 15:16:00', NULL, NULL),
	(5276, 'Serra Azul', 26, '3551405', '2024-01-14 15:16:00', NULL, NULL),
	(5277, 'Serra Negra', 26, '3551603', '2024-01-14 15:16:00', NULL, NULL),
	(5278, 'Serrana', 26, '3551504', '2024-01-14 15:16:00', NULL, NULL),
	(5279, 'Sertãozinho', 26, '3551702', '2024-01-14 15:16:00', NULL, NULL),
	(5280, 'Sete Barras', 26, '3551801', '2024-01-14 15:16:00', NULL, NULL),
	(5281, 'Severínia', 26, '3551900', '2024-01-14 15:16:00', NULL, NULL),
	(5282, 'Silveiras', 26, '3552007', '2024-01-14 15:16:00', NULL, NULL),
	(5283, 'Socorro', 26, '3552106', '2024-01-14 15:16:00', NULL, NULL),
	(5284, 'Sorocaba', 26, '3552205', '2024-01-14 15:16:00', NULL, NULL),
	(5285, 'Sud Mennucci', 26, '3552304', '2024-01-14 15:16:00', NULL, NULL),
	(5286, 'Sumaré', 26, '3552403', '2024-01-14 15:16:00', NULL, NULL),
	(5287, 'Suzanápolis', 26, '3552551', '2024-01-14 15:16:00', NULL, NULL),
	(5288, 'Suzano', 26, '3552502', '2024-01-14 15:16:00', NULL, NULL),
	(5289, 'Tabapuã', 26, '3552601', '2024-01-14 15:16:00', NULL, NULL),
	(5290, 'Tabatinga', 26, '3552700', '2024-01-14 15:16:00', NULL, NULL),
	(5291, 'Taboão da Serra', 26, '3552809', '2024-01-14 15:16:00', NULL, NULL),
	(5292, 'Taciba', 26, '3552908', '2024-01-14 15:16:00', NULL, NULL),
	(5293, 'Taguaí', 26, '3553005', '2024-01-14 15:16:00', NULL, NULL),
	(5294, 'Taiaçu', 26, '3553104', '2024-01-14 15:16:00', NULL, NULL),
	(5295, 'Taiúva', 26, '3553203', '2024-01-14 15:16:00', NULL, NULL),
	(5296, 'Tambaú', 26, '3553302', '2024-01-14 15:16:00', NULL, NULL),
	(5297, 'Tanabi', 26, '3553401', '2024-01-14 15:16:00', NULL, NULL),
	(5298, 'Tapiraí', 26, '3553500', '2024-01-14 15:16:00', NULL, NULL),
	(5299, 'Tapiratiba', 26, '3553609', '2024-01-14 15:16:00', NULL, NULL),
	(5300, 'Taquaral', 26, '3553658', '2024-01-14 15:16:00', NULL, NULL),
	(5301, 'Taquaritinga', 26, '3553708', '2024-01-14 15:16:00', NULL, NULL),
	(5302, 'Taquarituba', 26, '3553807', '2024-01-14 15:16:00', NULL, NULL),
	(5303, 'Taquarivaí', 26, '3553856', '2024-01-14 15:16:00', NULL, NULL),
	(5304, 'Tarabai', 26, '3553906', '2024-01-14 15:16:00', NULL, NULL),
	(5305, 'Tarumã', 26, '3553955', '2024-01-14 15:16:00', NULL, NULL),
	(5306, 'Tatuí', 26, '3554003', '2024-01-14 15:16:00', NULL, NULL),
	(5307, 'Taubaté', 26, '3554102', '2024-01-14 15:16:00', NULL, NULL),
	(5308, 'Tejupá', 26, '3554201', '2024-01-14 15:16:00', NULL, NULL),
	(5309, 'Teodoro Sampaio', 26, '3554300', '2024-01-14 15:16:00', NULL, NULL),
	(5310, 'Terra Roxa', 26, '3554409', '2024-01-14 15:16:00', NULL, NULL),
	(5311, 'Tietê', 26, '3554508', '2024-01-14 15:16:00', NULL, NULL),
	(5312, 'Timburi', 26, '3554607', '2024-01-14 15:16:00', NULL, NULL),
	(5313, 'Torre de Pedra', 26, '3554656', '2024-01-14 15:16:00', NULL, NULL),
	(5314, 'Torrinha', 26, '3554706', '2024-01-14 15:16:00', NULL, NULL),
	(5315, 'Trabiju', 26, '3554755', '2024-01-14 15:16:00', NULL, NULL),
	(5316, 'Tremembé', 26, '3554805', '2024-01-14 15:16:00', NULL, NULL),
	(5317, 'Três Fronteiras', 26, '3554904', '2024-01-14 15:16:00', NULL, NULL),
	(5318, 'Tuiuti', 26, '3554953', '2024-01-14 15:16:00', NULL, NULL),
	(5319, 'Tupã', 26, '3555000', '2024-01-14 15:16:00', NULL, NULL),
	(5320, 'Tupi Paulista', 26, '3555109', '2024-01-14 15:16:00', NULL, NULL),
	(5321, 'Turiúba', 26, '3555208', '2024-01-14 15:16:00', NULL, NULL),
	(5322, 'Turmalina', 26, '3555307', '2024-01-14 15:16:00', NULL, NULL),
	(5323, 'Ubarana', 26, '3555356', '2024-01-14 15:16:00', NULL, NULL),
	(5324, 'Ubatuba', 26, '3555406', '2024-01-14 15:16:00', NULL, NULL),
	(5325, 'Ubirajara', 26, '3555505', '2024-01-14 15:16:00', NULL, NULL),
	(5326, 'Uchoa', 26, '3555604', '2024-01-14 15:16:00', NULL, NULL),
	(5327, 'União Paulista', 26, '3555703', '2024-01-14 15:16:00', NULL, NULL),
	(5328, 'Urânia', 26, '3555802', '2024-01-14 15:16:00', NULL, NULL),
	(5329, 'Uru', 26, '3555901', '2024-01-14 15:16:00', NULL, NULL),
	(5330, 'Urupês', 26, '3556008', '2024-01-14 15:16:00', NULL, NULL),
	(5331, 'Valentim Gentil', 26, '3556107', '2024-01-14 15:16:00', NULL, NULL),
	(5332, 'Valinhos', 26, '3556206', '2024-01-14 15:16:00', NULL, NULL),
	(5333, 'Valparaíso', 26, '3556305', '2024-01-14 15:16:00', NULL, NULL),
	(5334, 'Vargem', 26, '3556354', '2024-01-14 15:16:00', NULL, NULL),
	(5335, 'Vargem Grande do Sul', 26, '3556404', '2024-01-14 15:16:00', NULL, NULL),
	(5336, 'Vargem Grande Paulista', 26, '3556453', '2024-01-14 15:16:00', NULL, NULL),
	(5337, 'Várzea Paulista', 26, '3556503', '2024-01-14 15:16:00', NULL, NULL),
	(5338, 'Vera Cruz', 26, '3556602', '2024-01-14 15:16:00', NULL, NULL),
	(5339, 'Vinhedo', 26, '3556701', '2024-01-14 15:16:00', NULL, NULL),
	(5340, 'Viradouro', 26, '3556800', '2024-01-14 15:16:00', NULL, NULL),
	(5341, 'Vista Alegre do Alto', 26, '3556909', '2024-01-14 15:16:00', NULL, NULL),
	(5342, 'Vitória Brasil', 26, '3556958', '2024-01-14 15:16:00', NULL, NULL),
	(5343, 'Votorantim', 26, '3557006', '2024-01-14 15:16:00', NULL, NULL),
	(5344, 'Votuporanga', 26, '3557105', '2024-01-14 15:16:00', NULL, NULL),
	(5345, 'Zacarias', 26, '3557154', '2024-01-14 15:16:00', NULL, NULL),
	(5346, 'Amparo de São Francisco', 25, '2800100', '2024-01-14 15:16:00', NULL, NULL),
	(5347, 'Aquidabã', 25, '2800209', '2024-01-14 15:16:00', NULL, NULL),
	(5348, 'Aracaju', 25, '2800308', '2024-01-14 15:16:00', NULL, NULL),
	(5349, 'Arauá', 25, '2800407', '2024-01-14 15:16:00', NULL, NULL),
	(5350, 'Areia Branca', 25, '2800506', '2024-01-14 15:16:00', NULL, NULL),
	(5351, 'Barra dos Coqueiros', 25, '2800605', '2024-01-14 15:16:00', NULL, NULL),
	(5352, 'Boquim', 25, '2800670', '2024-01-14 15:16:00', NULL, NULL),
	(5353, 'Brejo Grande', 25, '2800704', '2024-01-14 15:16:00', NULL, NULL),
	(5354, 'Campo do Brito', 25, '2801009', '2024-01-14 15:16:00', NULL, NULL),
	(5355, 'Canhoba', 25, '2801108', '2024-01-14 15:16:00', NULL, NULL),
	(5356, 'Canindé de São Francisco', 25, '2801207', '2024-01-14 15:16:00', NULL, NULL),
	(5357, 'Capela', 25, '2801306', '2024-01-14 15:16:00', NULL, NULL),
	(5358, 'Carira', 25, '2801405', '2024-01-14 15:16:00', NULL, NULL),
	(5359, 'Carmópolis', 25, '2801504', '2024-01-14 15:16:00', NULL, NULL),
	(5360, 'Cedro de São João', 25, '2801603', '2024-01-14 15:16:00', NULL, NULL),
	(5361, 'Cristinápolis', 25, '2801702', '2024-01-14 15:16:00', NULL, NULL),
	(5362, 'Cumbe', 25, '2801900', '2024-01-14 15:16:00', NULL, NULL),
	(5363, 'Divina Pastora', 25, '2802007', '2024-01-14 15:16:00', NULL, NULL),
	(5364, 'Estância', 25, '2802106', '2024-01-14 15:16:00', NULL, NULL),
	(5365, 'Feira Nova', 25, '2802205', '2024-01-14 15:16:00', NULL, NULL),
	(5366, 'Frei Paulo', 25, '2802304', '2024-01-14 15:16:00', NULL, NULL),
	(5367, 'Gararu', 25, '2802403', '2024-01-14 15:16:00', NULL, NULL),
	(5368, 'General Maynard', 25, '2802502', '2024-01-14 15:16:00', NULL, NULL),
	(5369, 'Gracho Cardoso', 25, '2802601', '2024-01-14 15:16:00', NULL, NULL),
	(5370, 'Ilha das Flores', 25, '2802700', '2024-01-14 15:16:00', NULL, NULL),
	(5371, 'Indiaroba', 25, '2802809', '2024-01-14 15:16:00', NULL, NULL),
	(5372, 'Itabaiana', 25, '2802908', '2024-01-14 15:16:00', NULL, NULL),
	(5373, 'Itabaianinha', 25, '2803005', '2024-01-14 15:16:00', NULL, NULL),
	(5374, 'Itabi', 25, '2803104', '2024-01-14 15:16:00', NULL, NULL),
	(5375, 'Itaporanga dAjuda', 25, '2803203', '2024-01-14 15:16:00', NULL, NULL),
	(5376, 'Japaratuba', 25, '2803302', '2024-01-14 15:16:00', NULL, NULL),
	(5377, 'Japoatã', 25, '2803401', '2024-01-14 15:16:00', NULL, NULL),
	(5378, 'Lagarto', 25, '2803500', '2024-01-14 15:16:00', NULL, NULL),
	(5379, 'Laranjeiras', 25, '2803609', '2024-01-14 15:16:00', NULL, NULL),
	(5380, 'Macambira', 25, '2803708', '2024-01-14 15:16:00', NULL, NULL),
	(5381, 'Malhada dos Bois', 25, '2803807', '2024-01-14 15:16:00', NULL, NULL),
	(5382, 'Malhador', 25, '2803906', '2024-01-14 15:16:00', NULL, NULL),
	(5383, 'Maruim', 25, '2804003', '2024-01-14 15:16:00', NULL, NULL),
	(5384, 'Moita Bonita', 25, '2804102', '2024-01-14 15:16:00', NULL, NULL),
	(5385, 'Monte Alegre de Sergipe', 25, '2804201', '2024-01-14 15:16:00', NULL, NULL),
	(5386, 'Muribeca', 25, '2804300', '2024-01-14 15:16:00', NULL, NULL),
	(5387, 'Neópolis', 25, '2804409', '2024-01-14 15:16:00', NULL, NULL),
	(5388, 'Nossa Senhora Aparecida', 25, '2804458', '2024-01-14 15:16:00', NULL, NULL),
	(5389, 'Nossa Senhora da Glória', 25, '2804508', '2024-01-14 15:16:00', NULL, NULL),
	(5390, 'Nossa Senhora das Dores', 25, '2804607', '2024-01-14 15:16:00', NULL, NULL),
	(5391, 'Nossa Senhora de Lourdes', 25, '2804706', '2024-01-14 15:16:00', NULL, NULL),
	(5392, 'Nossa Senhora do Socorro', 25, '2804805', '2024-01-14 15:16:00', NULL, NULL),
	(5393, 'Pacatuba', 25, '2804904', '2024-01-14 15:16:00', NULL, NULL),
	(5394, 'Pedra Mole', 25, '2805000', '2024-01-14 15:16:00', NULL, NULL),
	(5395, 'Pedrinhas', 25, '2805109', '2024-01-14 15:16:00', NULL, NULL),
	(5396, 'Pinhão', 25, '2805208', '2024-01-14 15:16:00', NULL, NULL),
	(5397, 'Pirambu', 25, '2805307', '2024-01-14 15:16:00', NULL, NULL),
	(5398, 'Poço Redondo', 25, '2805406', '2024-01-14 15:16:00', NULL, NULL),
	(5399, 'Poço Verde', 25, '2805505', '2024-01-14 15:16:00', NULL, NULL),
	(5400, 'Porto da Folha', 25, '2805604', '2024-01-14 15:16:00', NULL, NULL),
	(5401, 'Propriá', 25, '2805703', '2024-01-14 15:16:00', NULL, NULL),
	(5402, 'Riachão do Dantas', 25, '2805802', '2024-01-14 15:16:00', NULL, NULL),
	(5403, 'Riachuelo', 25, '2805901', '2024-01-14 15:16:00', NULL, NULL),
	(5404, 'Ribeirópolis', 25, '2806008', '2024-01-14 15:16:00', NULL, NULL),
	(5405, 'Rosário do Catete', 25, '2806107', '2024-01-14 15:16:00', NULL, NULL),
	(5406, 'Salgado', 25, '2806206', '2024-01-14 15:16:00', NULL, NULL),
	(5407, 'Santa Luzia do Itanhy', 25, '2806305', '2024-01-14 15:16:01', NULL, NULL),
	(5408, 'Santa Rosa de Lima', 25, '2806503', '2024-01-14 15:16:01', NULL, NULL),
	(5409, 'Santana do São Francisco', 25, '2806404', '2024-01-14 15:16:01', NULL, NULL),
	(5410, 'Santo Amaro das Brotas', 25, '2806602', '2024-01-14 15:16:01', NULL, NULL),
	(5411, 'São Cristóvão', 25, '2806701', '2024-01-14 15:16:01', NULL, NULL),
	(5412, 'São Domingos', 25, '2806800', '2024-01-14 15:16:01', NULL, NULL),
	(5413, 'São Francisco', 25, '2806909', '2024-01-14 15:16:01', NULL, NULL),
	(5414, 'São Miguel do Aleixo', 25, '2807006', '2024-01-14 15:16:01', NULL, NULL),
	(5415, 'Simão Dias', 25, '2807105', '2024-01-14 15:16:01', NULL, NULL),
	(5416, 'Siriri', 25, '2807204', '2024-01-14 15:16:01', NULL, NULL),
	(5417, 'Telha', 25, '2807303', '2024-01-14 15:16:01', NULL, NULL),
	(5418, 'Tobias Barreto', 25, '2807402', '2024-01-14 15:16:01', NULL, NULL),
	(5419, 'Tomar do Geru', 25, '2807501', '2024-01-14 15:16:01', NULL, NULL),
	(5420, 'Umbaúba', 25, '2807600', '2024-01-14 15:16:01', NULL, NULL),
	(5421, 'Abreulândia', 27, '1700251', '2024-01-14 15:16:01', NULL, NULL),
	(5422, 'Aguiarnópolis', 27, '1700301', '2024-01-14 15:16:01', NULL, NULL),
	(5423, 'Aliança do Tocantins', 27, '1700350', '2024-01-14 15:16:01', NULL, NULL),
	(5424, 'Almas', 27, '1700400', '2024-01-14 15:16:01', NULL, NULL),
	(5425, 'Alvorada', 27, '1700707', '2024-01-14 15:16:01', NULL, NULL),
	(5426, 'Ananás', 27, '1701002', '2024-01-14 15:16:01', NULL, NULL),
	(5427, 'Angico', 27, '1701051', '2024-01-14 15:16:01', NULL, NULL),
	(5428, 'Aparecida do Rio Negro', 27, '1701101', '2024-01-14 15:16:01', NULL, NULL),
	(5429, 'Aragominas', 27, '1701309', '2024-01-14 15:16:01', NULL, NULL),
	(5430, 'Araguacema', 27, '1701903', '2024-01-14 15:16:01', NULL, NULL),
	(5431, 'Araguaçu', 27, '1702000', '2024-01-14 15:16:01', NULL, NULL),
	(5432, 'Araguaína', 27, '1702109', '2024-01-14 15:16:01', NULL, NULL),
	(5433, 'Araguanã', 27, '1702158', '2024-01-14 15:16:01', NULL, NULL),
	(5434, 'Araguatins', 27, '1702208', '2024-01-14 15:16:01', NULL, NULL),
	(5435, 'Arapoema', 27, '1702307', '2024-01-14 15:16:01', NULL, NULL),
	(5436, 'Arraias', 27, '1702406', '2024-01-14 15:16:01', NULL, NULL),
	(5437, 'Augustinópolis', 27, '1702554', '2024-01-14 15:16:01', NULL, NULL),
	(5438, 'Aurora do Tocantins', 27, '1702703', '2024-01-14 15:16:01', NULL, NULL),
	(5439, 'Axixá do Tocantins', 27, '1702901', '2024-01-14 15:16:01', NULL, NULL),
	(5440, 'Babaçulândia', 27, '1703008', '2024-01-14 15:16:01', NULL, NULL),
	(5441, 'Bandeirantes do Tocantins', 27, '1703057', '2024-01-14 15:16:01', NULL, NULL),
	(5442, 'Barra do Ouro', 27, '1703073', '2024-01-14 15:16:01', NULL, NULL),
	(5443, 'Barrolândia', 27, '1703107', '2024-01-14 15:16:01', NULL, NULL),
	(5444, 'Bernardo Sayão', 27, '1703206', '2024-01-14 15:16:01', NULL, NULL),
	(5445, 'Bom Jesus do Tocantins', 27, '1703305', '2024-01-14 15:16:01', NULL, NULL),
	(5446, 'Brasilândia do Tocantins', 27, '1703602', '2024-01-14 15:16:01', NULL, NULL),
	(5447, 'Brejinho de Nazaré', 27, '1703701', '2024-01-14 15:16:01', NULL, NULL),
	(5448, 'Buriti do Tocantins', 27, '1703800', '2024-01-14 15:16:01', NULL, NULL),
	(5449, 'Cachoeirinha', 27, '1703826', '2024-01-14 15:16:01', NULL, NULL),
	(5450, 'Campos Lindos', 27, '1703842', '2024-01-14 15:16:01', NULL, NULL),
	(5451, 'Cariri do Tocantins', 27, '1703867', '2024-01-14 15:16:01', NULL, NULL),
	(5452, 'Carmolândia', 27, '1703883', '2024-01-14 15:16:01', NULL, NULL),
	(5453, 'Carrasco Bonito', 27, '1703891', '2024-01-14 15:16:01', NULL, NULL),
	(5454, 'Caseara', 27, '1703909', '2024-01-14 15:16:01', NULL, NULL),
	(5455, 'Centenário', 27, '1704105', '2024-01-14 15:16:01', NULL, NULL),
	(5456, 'Chapada da Natividade', 27, '1705102', '2024-01-14 15:16:01', NULL, NULL),
	(5457, 'Chapada de Areia', 27, '1704600', '2024-01-14 15:16:01', NULL, NULL),
	(5458, 'Colinas do Tocantins', 27, '1705508', '2024-01-14 15:16:01', NULL, NULL),
	(5459, 'Colméia', 27, '1716703', '2024-01-14 15:16:01', NULL, NULL),
	(5460, 'Combinado', 27, '1705557', '2024-01-14 15:16:01', NULL, NULL),
	(5461, 'Conceição do Tocantins', 27, '1705607', '2024-01-14 15:16:01', NULL, NULL),
	(5462, 'Couto de Magalhães', 27, '1706001', '2024-01-14 15:16:01', NULL, NULL),
	(5463, 'Cristalândia', 27, '1706100', '2024-01-14 15:16:01', NULL, NULL),
	(5464, 'Crixás do Tocantins', 27, '1706258', '2024-01-14 15:16:01', NULL, NULL),
	(5465, 'Darcinópolis', 27, '1706506', '2024-01-14 15:16:01', NULL, NULL),
	(5466, 'Dianópolis', 27, '1707009', '2024-01-14 15:16:01', NULL, NULL),
	(5467, 'Divinópolis do Tocantins', 27, '1707108', '2024-01-14 15:16:01', NULL, NULL),
	(5468, 'Dois Irmãos do Tocantins', 27, '1707207', '2024-01-14 15:16:01', NULL, NULL),
	(5469, 'Dueré', 27, '1707306', '2024-01-14 15:16:01', NULL, NULL),
	(5470, 'Esperantina', 27, '1707405', '2024-01-14 15:16:01', NULL, NULL),
	(5471, 'Fátima', 27, '1707553', '2024-01-14 15:16:01', NULL, NULL),
	(5472, 'Figueirópolis', 27, '1707652', '2024-01-14 15:16:01', NULL, NULL),
	(5473, 'Filadélfia', 27, '1707702', '2024-01-14 15:16:01', NULL, NULL),
	(5474, 'Formoso do Araguaia', 27, '1708205', '2024-01-14 15:16:01', NULL, NULL),
	(5475, 'Fortaleza do Tabocão', 27, '1708254', '2024-01-14 15:16:01', NULL, NULL),
	(5476, 'Goianorte', 27, '1708304', '2024-01-14 15:16:01', NULL, NULL),
	(5477, 'Goiatins', 27, '1709005', '2024-01-14 15:16:01', NULL, NULL),
	(5478, 'Guaraí', 27, '1709302', '2024-01-14 15:16:01', NULL, NULL),
	(5479, 'Gurupi', 27, '1709500', '2024-01-14 15:16:01', NULL, NULL),
	(5480, 'Ipueiras', 27, '1709807', '2024-01-14 15:16:01', NULL, NULL),
	(5481, 'Itacajá', 27, '1710508', '2024-01-14 15:16:01', NULL, NULL),
	(5482, 'Itaguatins', 27, '1710706', '2024-01-14 15:16:01', NULL, NULL),
	(5483, 'Itapiratins', 27, '1710904', '2024-01-14 15:16:01', NULL, NULL),
	(5484, 'Itaporã do Tocantins', 27, '1711100', '2024-01-14 15:16:01', NULL, NULL),
	(5485, 'Jaú do Tocantins', 27, '1711506', '2024-01-14 15:16:01', NULL, NULL),
	(5486, 'Juarina', 27, '1711803', '2024-01-14 15:16:01', NULL, NULL),
	(5487, 'Lagoa da Confusão', 27, '1711902', '2024-01-14 15:16:01', NULL, NULL),
	(5488, 'Lagoa do Tocantins', 27, '1711951', '2024-01-14 15:16:01', NULL, NULL),
	(5489, 'Lajeado', 27, '1712009', '2024-01-14 15:16:01', NULL, NULL),
	(5490, 'Lavandeira', 27, '1712157', '2024-01-14 15:16:01', NULL, NULL),
	(5491, 'Lizarda', 27, '1712405', '2024-01-14 15:16:01', NULL, NULL),
	(5492, 'Luzinópolis', 27, '1712454', '2024-01-14 15:16:01', NULL, NULL),
	(5493, 'Marianópolis do Tocantins', 27, '1712504', '2024-01-14 15:16:01', NULL, NULL),
	(5494, 'Mateiros', 27, '1712702', '2024-01-14 15:16:01', NULL, NULL),
	(5495, 'Maurilândia do Tocantins', 27, '1712801', '2024-01-14 15:16:01', NULL, NULL),
	(5496, 'Miracema do Tocantins', 27, '1713205', '2024-01-14 15:16:01', NULL, NULL),
	(5497, 'Miranorte', 27, '1713304', '2024-01-14 15:16:01', NULL, NULL),
	(5498, 'Monte do Carmo', 27, '1713601', '2024-01-14 15:16:01', NULL, NULL),
	(5499, 'Monte Santo do Tocantins', 27, '1713700', '2024-01-14 15:16:01', NULL, NULL),
	(5500, 'Muricilândia', 27, '1713957', '2024-01-14 15:16:01', NULL, NULL),
	(5501, 'Natividade', 27, '1714203', '2024-01-14 15:16:01', NULL, NULL),
	(5502, 'Nazaré', 27, '1714302', '2024-01-14 15:16:01', NULL, NULL),
	(5503, 'Nova Olinda', 27, '1714880', '2024-01-14 15:16:01', NULL, NULL),
	(5504, 'Nova Rosalândia', 27, '1715002', '2024-01-14 15:16:01', NULL, NULL),
	(5505, 'Novo Acordo', 27, '1715101', '2024-01-14 15:16:01', NULL, NULL),
	(5506, 'Novo Alegre', 27, '1715150', '2024-01-14 15:16:01', NULL, NULL),
	(5507, 'Novo Jardim', 27, '1715259', '2024-01-14 15:16:01', NULL, NULL),
	(5508, 'Oliveira de Fátima', 27, '1715507', '2024-01-14 15:16:01', NULL, NULL),
	(5509, 'Palmas', 27, '1721000', '2024-01-14 15:16:01', NULL, NULL),
	(5510, 'Palmeirante', 27, '1715705', '2024-01-14 15:16:01', NULL, NULL),
	(5511, 'Palmeiras do Tocantins', 27, '1713809', '2024-01-14 15:16:01', NULL, NULL),
	(5512, 'Palmeirópolis', 27, '1715754', '2024-01-14 15:16:01', NULL, NULL),
	(5513, 'Paraíso do Tocantins', 27, '1716109', '2024-01-14 15:16:01', NULL, NULL),
	(5514, 'Paranã', 27, '1716208', '2024-01-14 15:16:01', NULL, NULL),
	(5515, 'Pau dArco', 27, '1716307', '2024-01-14 15:16:01', NULL, NULL),
	(5516, 'Pedro Afonso', 27, '1716505', '2024-01-14 15:16:01', NULL, NULL),
	(5517, 'Peixe', 27, '1716604', '2024-01-14 15:16:01', NULL, NULL),
	(5518, 'Pequizeiro', 27, '1716653', '2024-01-14 15:16:01', NULL, NULL),
	(5519, 'Pindorama do Tocantins', 27, '1717008', '2024-01-14 15:16:01', NULL, NULL),
	(5520, 'Piraquê', 27, '1717206', '2024-01-14 15:16:01', NULL, NULL),
	(5521, 'Pium', 27, '1717503', '2024-01-14 15:16:01', NULL, NULL),
	(5522, 'Ponte Alta do Bom Jesus', 27, '1717800', '2024-01-14 15:16:01', NULL, NULL),
	(5523, 'Ponte Alta do Tocantins', 27, '1717909', '2024-01-14 15:16:01', NULL, NULL),
	(5524, 'Porto Alegre do Tocantins', 27, '1718006', '2024-01-14 15:16:01', NULL, NULL),
	(5525, 'Porto Nacional', 27, '1718204', '2024-01-14 15:16:01', NULL, NULL),
	(5526, 'Praia Norte', 27, '1718303', '2024-01-14 15:16:01', NULL, NULL),
	(5527, 'Presidente Kennedy', 27, '1718402', '2024-01-14 15:16:01', NULL, NULL),
	(5528, 'Pugmil', 27, '1718451', '2024-01-14 15:16:01', NULL, NULL),
	(5529, 'Recursolândia', 27, '1718501', '2024-01-14 15:16:01', NULL, NULL),
	(5530, 'Riachinho', 27, '1718550', '2024-01-14 15:16:01', NULL, NULL),
	(5531, 'Rio da Conceição', 27, '1718659', '2024-01-14 15:16:01', NULL, NULL),
	(5532, 'Rio dos Bois', 27, '1718709', '2024-01-14 15:16:01', NULL, NULL),
	(5533, 'Rio Sono', 27, '1718758', '2024-01-14 15:16:01', NULL, NULL),
	(5534, 'Sampaio', 27, '1718808', '2024-01-14 15:16:01', NULL, NULL),
	(5535, 'Sandolândia', 27, '1718840', '2024-01-14 15:16:01', NULL, NULL),
	(5536, 'Santa Fé do Araguaia', 27, '1718865', '2024-01-14 15:16:01', NULL, NULL),
	(5537, 'Santa Maria do Tocantins', 27, '1718881', '2024-01-14 15:16:01', NULL, NULL),
	(5538, 'Santa Rita do Tocantins', 27, '1718899', '2024-01-14 15:16:01', NULL, NULL),
	(5539, 'Santa Rosa do Tocantins', 27, '1718907', '2024-01-14 15:16:01', NULL, NULL),
	(5540, 'Santa Tereza do Tocantins', 27, '1719004', '2024-01-14 15:16:01', NULL, NULL),
	(5541, 'Santa Terezinha do Tocantins', 27, '1720002', '2024-01-14 15:16:01', NULL, NULL),
	(5542, 'São Bento do Tocantins', 27, '1720101', '2024-01-14 15:16:01', NULL, NULL),
	(5543, 'São Félix do Tocantins', 27, '1720150', '2024-01-14 15:16:01', NULL, NULL),
	(5544, 'São Miguel do Tocantins', 27, '1720200', '2024-01-14 15:16:01', NULL, NULL),
	(5545, 'São Salvador do Tocantins', 27, '1720259', '2024-01-14 15:16:01', NULL, NULL),
	(5546, 'São Sebastião do Tocantins', 27, '1720309', '2024-01-14 15:16:01', NULL, NULL),
	(5547, 'São Valério da Natividade', 27, '1720499', '2024-01-14 15:16:01', NULL, NULL),
	(5548, 'Silvanópolis', 27, '1720655', '2024-01-14 15:16:01', NULL, NULL),
	(5549, 'Sítio Novo do Tocantins', 27, '1720804', '2024-01-14 15:16:01', NULL, NULL),
	(5550, 'Sucupira', 27, '1720853', '2024-01-14 15:16:01', NULL, NULL),
	(5551, 'Taguatinga', 27, '1720903', '2024-01-14 15:16:01', NULL, NULL),
	(5552, 'Taipas do Tocantins', 27, '1720937', '2024-01-14 15:16:01', NULL, NULL),
	(5553, 'Talismã', 27, '1720978', '2024-01-14 15:16:01', NULL, NULL),
	(5554, 'Tocantínia', 27, '1721109', '2024-01-14 15:16:01', NULL, NULL),
	(5555, 'Tocantinópolis', 27, '1721208', '2024-01-14 15:16:01', NULL, NULL),
	(5556, 'Tupirama', 27, '1721257', '2024-01-14 15:16:01', NULL, NULL),
	(5557, 'Tupiratins', 27, '1721307', '2024-01-14 15:16:01', NULL, NULL),
	(5558, 'Wanderlândia', 27, '1722081', '2024-01-14 15:16:01', NULL, NULL),
	(5559, 'Xambioá', 27, '1722107', '2024-01-14 15:16:01', NULL, NULL),
	(5560, 'Gama', 7, '5300108', '2024-01-14 15:16:01', NULL, NULL),
	(5561, 'Taguatinga', 7, '5300108', '2024-01-14 15:16:01', NULL, NULL),
	(5562, 'Brazlândia', 7, '5300108', '2024-01-14 15:16:01', NULL, NULL),
	(5563, 'Sobradinho', 7, '5300108', '2024-01-14 15:16:01', NULL, NULL),
	(5564, 'Planaltina', 7, '5300108', '2024-01-14 15:16:01', NULL, NULL),
	(5565, 'Paranoá', 7, '5300108', '2024-01-14 15:16:01', NULL, NULL),
	(5566, 'Núcleo Bandeirante', 7, '5300108', '2024-01-14 15:16:01', NULL, NULL),
	(5567, 'Ceilândia', 7, '5300108', '2024-01-14 15:16:01', NULL, NULL),
	(5568, 'Guará', 7, '5300108', '2024-01-14 15:16:01', NULL, NULL),
	(5569, 'Cruzeiro', 7, '5300108', '2024-01-14 15:16:01', NULL, NULL),
	(5570, 'Samambaia', 7, '5300108', '2024-01-14 15:16:01', NULL, NULL),
	(5571, 'Santa Maria', 7, '5300108', '2024-01-14 15:16:01', NULL, NULL),
	(5572, 'São Sebastião', 7, '5300108', '2024-01-14 15:16:01', NULL, NULL),
	(5573, 'Lago Sul', 7, '5300108', '2024-01-14 15:16:01', NULL, NULL),
	(5574, 'Riacho Fundo', 7, '5300108', '2024-01-14 15:16:01', NULL, NULL),
	(5575, 'Lago Norte', 7, '5300108', '2024-01-14 15:16:01', NULL, NULL),
	(5576, 'Candangolândia', 7, '5300108', '2024-01-14 15:16:01', NULL, NULL),
	(5577, 'Águas Claras', 7, '5300108', '2024-01-14 15:16:01', NULL, NULL),
	(5578, 'Riacho Fundo II', 7, '5300108', '2024-01-14 15:16:01', NULL, NULL),
	(5579, 'Sudoeste/Octogonal', 7, '5300108', '2024-01-14 15:16:01', NULL, NULL),
	(5580, 'Varjão', 7, '5300108', '2024-01-14 15:16:01', NULL, NULL),
	(5581, 'Park Way', 7, '5300108', '2024-01-14 15:16:01', NULL, NULL),
	(5582, 'SCIA', 7, '5300108', '2024-01-14 15:16:01', NULL, NULL),
	(5583, 'Sobradinho II', 7, '5300108', '2024-01-14 15:16:01', NULL, NULL),
	(5584, 'Itapoã', 7, '5300108', '2024-01-14 15:16:01', NULL, NULL),
	(5585, 'SIA', 7, '5300108', '2024-01-14 15:16:01', NULL, NULL),
	(5586, 'Vicente Pires', 7, '5300108', '2024-01-14 15:16:01', NULL, NULL),
	(5587, 'Fercal', 7, '5300108', '2024-01-14 15:16:01', NULL, NULL),
	(5588, 'Recanto das Emas', 7, '5300108', '2024-01-14 15:16:01', NULL, NULL),
	(5589, 'Jardim Botânico', 7, '5300108', '2024-01-14 15:16:01', NULL, NULL),
	(5590, 'Nazária', 17, '2206720', '2024-01-14 15:16:01', NULL, NULL),
	(5591, 'Paraíso das Águas', 12, '5006275', '2024-01-14 15:16:01', NULL, NULL),
	(5592, 'Pinto Bandeira', 23, '4314548', '2024-01-14 15:16:01', NULL, NULL),
	(5593, 'Balneário Rincão', 24, '4220000', '2024-01-14 15:16:01', NULL, NULL),
	(5594, 'Pescaria Brava', 24, '4212650', '2024-01-14 15:16:01', NULL, NULL),
	(5595, 'Exterior', 28, '9999999', '2024-01-14 15:16:01', NULL, NULL);

-- Copiando estrutura para tabela u690128405_role.base_estados
CREATE TABLE IF NOT EXISTS `base_estados` (
  `id` int(10) unsigned NOT NULL AUTO_INCREMENT,
  `nome` varchar(255) NOT NULL,
  `uf` varchar(2) NOT NULL,
  `codigo_ibge` int(11) DEFAULT NULL,
  `pais` int(11) DEFAULT NULL,
  `ddd` varchar(50) DEFAULT NULL,
  `status` int(11) NOT NULL DEFAULT 1,
  `created_at` timestamp NOT NULL DEFAULT current_timestamp(),
  `updated_at` timestamp NULL DEFAULT NULL,
  `deleted_at` timestamp NULL DEFAULT NULL,
  PRIMARY KEY (`id`)
) ENGINE=InnoDB AUTO_INCREMENT=29 DEFAULT CHARSET=utf8mb3 COLLATE=utf8mb3_uca1400_ai_ci;

-- Copiando dados para a tabela u690128405_role.base_estados: ~28 rows (aproximadamente)
INSERT INTO `base_estados` (`id`, `nome`, `uf`, `codigo_ibge`, `pais`, `ddd`, `status`, `created_at`, `updated_at`, `deleted_at`) VALUES
	(1, 'Bahia', 'BA', 1234, 1, '75', 1, '2024-01-10 13:53:04', NULL, NULL),
	(2, 'Alagoas', 'AL', 27, 1, '82', 1, '2024-01-07 23:26:27', NULL, NULL),
	(3, 'Amazonas', 'AM', 13, 1, '97', 1, '2024-01-07 23:26:27', NULL, NULL),
	(4, 'Amapá', 'AP', 16, 1, '96', 1, '2024-01-07 23:26:27', NULL, NULL),
	(5, 'Acre', 'AC', 12, 1, '68', 1, '2024-01-07 23:26:27', NULL, NULL),
	(6, 'Ceará', 'CE', 23, 1, '88', 1, '2024-01-07 23:26:27', NULL, NULL),
	(7, 'Distrito Federal', 'DF', 53, 1, '61', 1, '2024-01-07 23:26:27', NULL, NULL),
	(8, 'Espírito Santo', 'ES', 32, 1, '28', 1, '2024-01-07 23:26:27', NULL, NULL),
	(9, 'Goiás', 'GO', 52, 1, '62', 1, '2024-01-07 23:26:27', NULL, NULL),
	(10, 'Maranhão', 'MA', 21, 1, '99', 1, '2024-01-07 23:26:27', NULL, NULL),
	(11, 'Minas Gerais', 'MG', 31, 1, '34', 1, '2024-01-07 23:26:27', NULL, NULL),
	(12, 'Mato Grosso do Sul', 'MS', 50, 1, '67', 1, '2024-01-07 23:26:27', NULL, NULL),
	(13, 'Mato Grosso', 'MT', 51, 1, '65', 1, '2024-01-07 23:26:27', NULL, NULL),
	(14, 'Pará', 'PA', 15, 1, '91', 1, '2024-01-07 23:26:27', NULL, NULL),
	(15, 'Paraíba', 'PB', 25, 1, '83', 1, '2024-01-07 23:26:27', NULL, NULL),
	(16, 'Pernambuco', 'PE', 26, 1, '81', 1, '2024-01-07 23:26:27', NULL, NULL),
	(17, 'Piauí', 'PI', 22, 1, '89', 1, '2024-01-07 23:26:27', NULL, NULL),
	(18, 'Paraná', 'PR', 41, 1, '43', 1, '2024-01-07 23:26:27', NULL, NULL),
	(19, 'Rio de Janeiro', 'RJ', 33, 1, '24', 1, '2024-01-07 23:26:27', NULL, NULL),
	(20, 'Rio Grande do Norte', 'RN', 24, 1, '84', 1, '2024-01-07 23:26:27', NULL, NULL),
	(21, 'Rondônia', 'RO', 11, 1, '69', 1, '2024-01-07 23:26:27', NULL, NULL),
	(22, 'Roraima', 'RR', 14, 1, '95', 1, '2024-01-07 23:26:27', NULL, NULL),
	(23, 'Rio Grande do Sul', 'RS', 43, 1, '53', 1, '2024-01-07 23:26:27', NULL, NULL),
	(24, 'Santa Catarina', 'SC', 42, 1, '47', 1, '2024-01-07 23:26:27', NULL, NULL),
	(25, 'Sergipe', 'SE', 28, 1, '79', 1, '2024-01-07 23:26:27', NULL, NULL),
	(26, 'São Paulo', 'SP', 35, 1, '11', 1, '2024-01-07 23:26:27', NULL, NULL),
	(27, 'Tocantins', 'TO', 17, 1, '63', 1, '2024-01-07 23:26:27', NULL, NULL),
	(28, 'Exterior', 'EX', 99, 0, 'NULL', 1, '2024-01-07 23:26:27', NULL, NULL);

-- Copiando estrutura para tabela u690128405_role.base_genero_usuario
CREATE TABLE IF NOT EXISTS `base_genero_usuario` (
  `genero_id` int(10) unsigned NOT NULL AUTO_INCREMENT,
  `nome` varchar(50) NOT NULL,
  `ativo` tinyint(1) NOT NULL DEFAULT 1,
  `created_at` datetime DEFAULT NULL,
  `updated_at` datetime DEFAULT NULL,
  PRIMARY KEY (`genero_id`),
  UNIQUE KEY `nome` (`nome`)
) ENGINE=InnoDB AUTO_INCREMENT=6 DEFAULT CHARSET=utf8mb4 COLLATE=utf8mb4_general_ci;

-- Copiando dados para a tabela u690128405_role.base_genero_usuario: ~5 rows (aproximadamente)
INSERT INTO `base_genero_usuario` (`genero_id`, `nome`, `ativo`, `created_at`, `updated_at`) VALUES
	(1, 'Masculino', 1, '2025-12-27 17:14:59', NULL),
	(2, 'Feminino', 1, '2025-12-27 17:14:59', NULL),
	(3, 'lgbtqiapn+', 1, '2025-12-27 17:14:59', NULL),
	(4, 'Prefiro não informar', 1, '2025-12-27 17:14:59', NULL),
	(5, 'Outro', 1, NULL, NULL);

-- Copiando estrutura para tabela u690128405_role.base_povoados
CREATE TABLE IF NOT EXISTS `base_povoados` (
  `id` int(10) unsigned NOT NULL AUTO_INCREMENT,
  `nome` varchar(255) NOT NULL,
  `cidade_id` int(10) unsigned NOT NULL,
  `regiao_id` int(10) unsigned NOT NULL,
  `bioma` varchar(100) DEFAULT NULL,
  `status` int(11) NOT NULL DEFAULT 1,
  `created_at` timestamp NOT NULL DEFAULT current_timestamp(),
  `updated_at` timestamp NULL DEFAULT NULL,
  `deleted_at` timestamp NULL DEFAULT NULL,
  PRIMARY KEY (`id`),
  KEY `base_povoados_cidade_id_foreign` (`cidade_id`),
  CONSTRAINT `base_povoados_cidade_id_foreign` FOREIGN KEY (`cidade_id`) REFERENCES `base_cidades` (`id`) ON DELETE CASCADE
) ENGINE=InnoDB AUTO_INCREMENT=71 DEFAULT CHARSET=utf8mb3 COLLATE=utf8mb3_uca1400_ai_ci;

-- Copiando dados para a tabela u690128405_role.base_povoados: ~70 rows (aproximadamente)
INSERT INTO `base_povoados` (`id`, `nome`, `cidade_id`, `regiao_id`, `bioma`, `status`, `created_at`, `updated_at`, `deleted_at`) VALUES
	(1, 'Sede', 323, 2, NULL, 1, '2023-08-07 16:28:52', '2024-01-14 20:16:31', '2024-01-14 20:16:31'),
	(2, 'Amargoso', 323, 3, 'Caatinga', 1, '2024-01-14 18:12:36', NULL, NULL),
	(3, 'Andiroba', 323, 3, 'Mata Cipó', 1, '2024-01-14 18:12:36', NULL, NULL),
	(4, 'Arrastro', 323, 3, 'Mapa Cipó', 1, '2024-01-14 18:12:36', '2024-01-14 20:15:03', NULL),
	(5, 'Baixa da Lagoa Suja', 323, 3, 'Mata Cipó', 1, '2024-01-14 18:12:36', NULL, NULL),
	(6, 'Baixa do Panela', 323, 3, 'Mata Cipó', 1, '2024-01-14 18:12:36', NULL, NULL),
	(7, 'Bandarro', 323, 3, 'Caatinga', 1, '2024-01-14 18:12:36', NULL, NULL),
	(8, 'Bastião', 323, 3, 'Caatinga', 1, '2024-01-14 18:12:36', NULL, NULL),
	(9, 'Bela Vista', 323, 3, 'Mata Cipó', 1, '2024-01-14 18:12:36', NULL, NULL),
	(10, 'Boa Vista', 323, 3, 'Mata Cipó', 1, '2024-01-14 18:12:36', NULL, NULL),
	(11, 'Bomba', 323, 3, 'Caatinga', 1, '2024-01-14 18:12:36', NULL, NULL),
	(12, 'Cabeceira', 323, 3, 'Caatinga', 1, '2024-01-14 18:12:36', NULL, NULL),
	(13, 'Caititu', 323, 3, 'Caatinga', 1, '2024-01-14 18:12:36', NULL, NULL),
	(14, 'Casa nova', 323, 3, 'Mata Cipó', 1, '2024-01-14 18:12:36', NULL, NULL),
	(15, 'Deus Dara', 323, 3, 'Mata Cipó', 1, '2024-01-14 18:12:36', NULL, NULL),
	(16, 'Estreito', 323, 3, 'Mata Cipó', 1, '2024-01-14 18:12:36', NULL, NULL),
	(17, 'Farofa', 323, 3, 'Caatinga', 1, '2024-01-14 18:12:36', NULL, NULL),
	(18, 'Floresta', 323, 3, 'Caatinga', 1, '2024-01-14 18:12:36', NULL, NULL),
	(19, 'Formigueiro', 323, 3, 'Caatinga', 1, '2024-01-14 18:12:36', NULL, NULL),
	(20, 'Furadinho', 323, 3, 'Caatinga', 1, '2024-01-14 18:12:36', NULL, NULL),
	(21, 'Goivaras', 323, 3, 'Mata Cipó', 1, '2024-01-14 18:12:36', NULL, NULL),
	(22, 'Jatoba', 323, 3, 'Mata Cipó', 1, '2024-01-14 18:12:36', NULL, NULL),
	(23, 'Lagoa de Martilino', 323, 3, 'Caatinga', 1, '2024-01-14 18:12:36', NULL, NULL),
	(24, 'Lagoa do Estevão', 323, 3, 'Caatinga', 1, '2024-01-14 18:12:36', NULL, NULL),
	(25, 'Lagoa do Peixe', 323, 3, 'Caatinga', 1, '2024-01-14 18:12:36', NULL, NULL),
	(26, 'Lagoa do Canto', 323, 3, 'Mata Cipó', 1, '2024-01-14 18:12:36', NULL, NULL),
	(27, 'Lagoa Suja', 323, 3, 'Mata Cipó', 1, '2024-01-14 18:12:36', NULL, NULL),
	(28, 'Lamarão', 323, 3, 'Caatinga', 1, '2024-01-14 18:12:36', NULL, NULL),
	(29, 'Mandacaru', 323, 3, 'Mata Cipó', 1, '2024-01-14 18:12:36', NULL, NULL),
	(30, 'Marimbondo', 323, 3, 'Caatinga', 1, '2024-01-14 18:12:36', '2024-09-22 09:13:53', NULL),
	(31, 'Morrinhos', 323, 3, 'Caatinga', 1, '2024-01-14 18:12:36', NULL, NULL),
	(32, 'Olho D-agua', 323, 3, 'Caatinga', 1, '2024-01-14 18:12:36', NULL, NULL),
	(33, 'Onça', 323, 3, 'Caatinga', 1, '2024-01-14 18:12:36', NULL, NULL),
	(34, 'Oncinha', 323, 3, 'Caatinga', 1, '2024-01-14 18:12:36', NULL, NULL),
	(35, 'Ouriçanga', 323, 3, 'Mata Cipó', 1, '2024-01-14 18:12:36', NULL, NULL),
	(36, 'Pasto de Cavalo', 323, 3, 'Mata Cipó', 1, '2024-01-14 18:12:36', NULL, NULL),
	(37, 'Pau de espinho', 323, 3, 'Mata Cipó', 1, '2024-01-14 18:12:36', NULL, NULL),
	(38, 'Peri-Peri', 323, 3, 'Mata Cipó', 1, '2024-01-14 18:12:36', NULL, NULL),
	(39, 'Periperizinho', 323, 3, 'Mata Cipó', 1, '2024-01-14 18:12:36', NULL, NULL),
	(40, 'Poço da vaca', 323, 3, 'Caatinga', 1, '2024-01-14 18:12:36', NULL, NULL),
	(41, 'Poço do Abílio', 323, 3, 'Caatinga', 1, '2024-01-14 18:12:36', NULL, NULL),
	(42, 'Ribeirão da toca', 323, 3, 'Caatinga', 1, '2024-01-14 18:12:36', NULL, NULL),
	(43, 'Sabia', 323, 3, 'Mata Cipó', 1, '2024-01-14 18:12:36', NULL, NULL),
	(44, 'Salinas', 323, 3, 'Caatinga', 1, '2024-01-14 18:12:36', NULL, NULL),
	(45, 'Serrinha de joao marinho', 323, 3, 'Caatinga', 1, '2024-01-14 18:12:36', NULL, NULL),
	(46, 'Serrinha de João Pereira', 323, 3, 'Caatinga', 1, '2024-01-14 18:12:36', NULL, NULL),
	(47, 'Serrinha de José moço', 323, 3, 'Caatinga', 1, '2024-01-14 18:12:36', NULL, NULL),
	(48, 'Sobradinho', 323, 3, 'Mata Cipó', 1, '2024-01-14 18:12:36', NULL, NULL),
	(49, 'Sussuarana I', 323, 3, 'Mata Cipó', 1, '2024-01-14 18:12:36', NULL, NULL),
	(50, 'Sussuarana II', 323, 3, 'Mata Cipó', 1, '2024-01-14 18:12:36', NULL, NULL),
	(51, 'Sussuarana III', 323, 3, 'Mata Cipó', 1, '2024-01-14 18:12:36', NULL, NULL),
	(52, 'Tamanduá', 323, 3, 'Mata Cipó', 1, '2024-01-14 18:12:36', NULL, NULL),
	(53, 'Timbó', 323, 3, 'Caatinga', 1, '2024-01-14 18:12:36', NULL, NULL),
	(54, 'Três Lagoas', 323, 3, 'Caatinga', 1, '2024-01-14 18:12:36', NULL, NULL),
	(55, 'Vereda casa grande', 323, 3, 'Mata Cipó', 1, '2024-01-14 18:12:36', NULL, NULL),
	(56, 'Vista Nova', 323, 3, 'Caatinga', 1, '2024-01-14 18:12:36', NULL, NULL),
	(57, 'Não Identificado', 323, 3, NULL, 1, '2023-08-25 03:48:29', '2023-08-25 03:48:29', NULL),
	(58, 'Quilombo', 2, 3, 'Caatinga', 1, '2023-09-18 09:26:15', '2023-09-18 09:26:38', NULL),
	(59, 'Anteiro', 2, 3, 'Mata Cipó', 1, '2023-09-18 10:58:40', '2023-09-18 10:58:40', NULL),
	(60, 'Mangueiro', 2, 3, 'Mata Cipó', 1, '2023-09-18 11:44:43', '2023-09-18 11:44:43', NULL),
	(61, 'Lagoa Grande', 2, 3, 'Mata Cipó', 1, '2023-12-11 14:23:30', '2023-12-11 14:23:30', NULL),
	(62, 'Baixa do Campo Formoso', 323, 3, 'Mata Cipó', 1, '2024-02-09 18:11:56', '2024-02-09 18:11:56', NULL),
	(63, '"Batuque"', 323, 3, 'Mata Cipó', 1, '2024-02-11 20:24:10', '2024-02-11 20:24:10', NULL),
	(64, 'Anteiro', 323, 3, 'Mata Cipó', 1, '2024-02-16 19:11:54', '2024-02-16 19:11:54', NULL),
	(65, 'FAZENDA CASA GRANDE', 323, 3, 'Mata Cipó', 1, '2024-02-21 19:45:48', '2024-02-21 19:45:48', NULL),
	(66, 'FAZENDA CASA GRANDE', 323, 3, 'Mata Cipó', 1, '2024-02-21 19:45:52', '2024-02-21 19:45:52', NULL),
	(67, 'Lagoa de Marcilino', 323, 3, 'Caatinga', 1, '2024-04-24 21:44:13', '2024-04-24 21:44:13', NULL),
	(68, 'Quilombo', 323, 3, 'Caatinga', 1, '2024-09-06 14:51:28', '2024-09-06 14:51:28', NULL),
	(69, 'Lagoinha ', 323, 3, 'Caatinga', 1, '2024-09-22 09:34:24', '2024-09-22 09:34:24', NULL),
	(70, 'Mangueiro', 323, 3, 'Mata Cipó', 1, '2024-09-22 10:25:28', '2024-09-22 10:26:33', NULL);

-- Copiando estrutura para tabela u690128405_role.base_ruas
CREATE TABLE IF NOT EXISTS `base_ruas` (
  `id` int(10) unsigned NOT NULL AUTO_INCREMENT,
  `cep` varchar(15) NOT NULL,
  `regiao_id` int(10) unsigned NOT NULL,
  `prefixo_id` int(10) unsigned DEFAULT NULL,
  `nome` varchar(255) NOT NULL,
  `cidade_id` int(10) unsigned NOT NULL,
  `estado_id` int(10) unsigned DEFAULT NULL,
  `povoado_id` int(10) unsigned DEFAULT NULL,
  `bairro_id` int(10) unsigned DEFAULT NULL,
  `agua_encanada` tinyint(1) DEFAULT 0,
  `iluminacao_publica` tinyint(1) DEFAULT 0,
  `saneamento_basico` tinyint(1) DEFAULT 0,
  `pavimentacao_id` int(10) unsigned DEFAULT NULL,
  `largura_inicial` float unsigned DEFAULT 0,
  `largura_final` float unsigned DEFAULT 0,
  `latitude_inicial` varchar(255) DEFAULT NULL,
  `longitude_inicial` varchar(255) DEFAULT NULL,
  `latitude_final` varchar(255) DEFAULT NULL,
  `longitude_final` varchar(255) DEFAULT NULL,
  `status` int(11) NOT NULL DEFAULT 1,
  `created_at` timestamp NOT NULL DEFAULT current_timestamp(),
  `updated_at` timestamp NULL DEFAULT NULL,
  `deleted_at` timestamp NULL DEFAULT NULL,
  PRIMARY KEY (`id`),
  KEY `base_ruas_regiao_id_foreign` (`regiao_id`),
  KEY `base_ruas_pavimentacao_id_foreign` (`pavimentacao_id`),
  KEY `base_ruas_cidade_id_foreign` (`cidade_id`),
  KEY `base_bairro_id_fk_idx` (`bairro_id`),
  KEY `povoado_id_idx` (`povoado_id`),
  KEY `idx_ruas_prefixo_id` (`prefixo_id`),
  KEY `idx_ruas_estado_id` (`estado_id`),
  KEY `idx_ruas_regiao_id` (`regiao_id`),
  CONSTRAINT `fk_ruas_bairro_id` FOREIGN KEY (`bairro_id`) REFERENCES `base_bairros` (`id`) ON DELETE SET NULL ON UPDATE CASCADE,
  CONSTRAINT `fk_ruas_cidade_id` FOREIGN KEY (`cidade_id`) REFERENCES `base_cidades` (`id`) ON DELETE CASCADE ON UPDATE CASCADE,
  CONSTRAINT `fk_ruas_estado_id` FOREIGN KEY (`estado_id`) REFERENCES `base_estados` (`id`) ON DELETE SET NULL ON UPDATE CASCADE,
  CONSTRAINT `fk_ruas_povoado_id` FOREIGN KEY (`povoado_id`) REFERENCES `base_povoados` (`id`) ON DELETE SET NULL ON UPDATE CASCADE,
  CONSTRAINT `fk_ruas_prefixo_id` FOREIGN KEY (`prefixo_id`) REFERENCES `base_ruas_prefixos` (`prefixo_id`) ON UPDATE CASCADE
) ENGINE=InnoDB AUTO_INCREMENT=5693 DEFAULT CHARSET=utf8mb3 COLLATE=utf8mb3_uca1400_ai_ci;

-- Copiando dados para a tabela u690128405_role.base_ruas: ~278 rows (aproximadamente)
INSERT INTO `base_ruas` (`id`, `cep`, `regiao_id`, `prefixo_id`, `nome`, `cidade_id`, `estado_id`, `povoado_id`, `bairro_id`, `agua_encanada`, `iluminacao_publica`, `saneamento_basico`, `pavimentacao_id`, `largura_inicial`, `largura_final`, `latitude_inicial`, `longitude_inicial`, `latitude_final`, `longitude_final`, `status`, `created_at`, `updated_at`, `deleted_at`) VALUES
	(1, '45160000', 2, NULL, 'Do Lulu', 323, 1, NULL, 9, NULL, NULL, NULL, NULL, NULL, NULL, NULL, NULL, NULL, NULL, 1, '2024-01-10 14:34:44', NULL, NULL),
	(2, '45160000', 2, NULL, 'Almiro Ferraz de Almeida', 323, 1, NULL, 9, 0, 0, 0, 6, 0, 0, '', '', '', '', 1, '2024-01-10 14:34:44', '2024-02-09 11:16:57', NULL),
	(3, '45160000', 2, NULL, 'Domingos Dias', 323, 1, NULL, 9, 1, 1, 0, 7, 0, 0, '', '', '', '', 1, '2024-01-10 14:34:44', '2024-02-17 00:35:51', NULL),
	(4, '45160000', 2, NULL, 'Artur Fernandes', 323, 1, NULL, 6, 0, 1, 0, 6, 0, 0, '', '', '', '', 1, '2024-01-10 14:34:44', '2024-02-09 17:45:54', NULL),
	(5, '45160000', 2, NULL, ' Bom Jardim', 323, 1, NULL, 9, NULL, NULL, NULL, NULL, NULL, NULL, NULL, NULL, NULL, NULL, 1, '2024-01-10 14:34:44', NULL, NULL),
	(6, '45160000', 2, NULL, 'Filomeno Viana', 323, 1, NULL, 6, 0, 1, 0, 7, 0, 0, '', '', '', '', 1, '2024-01-10 14:34:44', '2024-02-09 13:44:03', NULL),
	(7, '45160000', 2, NULL, 'Lauro Flores', 323, 1, NULL, 9, NULL, NULL, NULL, NULL, NULL, NULL, NULL, NULL, NULL, NULL, 1, '2024-01-10 14:34:44', NULL, NULL),
	(8, '45160000', 2, NULL, 'Marcionilio Ruas', 323, 1, NULL, 2, 1, 1, 0, 6, 0, 0, '-15.02957', '-41.2643212', '-15.0284851', '-41.2666541', 1, '2024-01-10 14:34:44', '2024-02-09 00:39:14', NULL),
	(9, '45160000', 2, NULL, 'Odilon Vieira dos Santos', 323, 1, NULL, 2, 0, 1, 0, 6, 0, 0, '-15.0284404', '-41.2666461', '-15.0272753', '-41.2578293', 1, '2024-01-10 14:34:44', '2024-01-16 21:47:39', NULL),
	(10, '45160000', 2, NULL, 'Purcina Nunes', 323, 1, NULL, 9, NULL, NULL, NULL, NULL, NULL, NULL, NULL, NULL, NULL, NULL, 1, '2024-01-10 14:34:44', NULL, NULL),
	(11, '45160000', 2, NULL, 'Saturnino Vieira', 323, 1, NULL, 2, 1, 1, 0, 6, 0, 0, '-15.02759693', '-41.25986999', '-15.0275969', '-41.25987', 1, '2024-01-10 14:34:44', '2024-02-09 00:38:04', NULL),
	(12, '45160000', 2, NULL, 'Vitória da Conquista', 323, 1, NULL, 2, 1, 1, 0, 6, 0, 0, '-15.0274324', '-41.2576788', '-15.0273313', '-41.2576228', 1, '2024-01-10 14:34:44', '2024-02-09 00:39:41', NULL),
	(13, '45160000', 2, NULL, 'Aldemário Pinheiro', 323, 1, NULL, 9, NULL, NULL, NULL, NULL, NULL, NULL, NULL, NULL, NULL, NULL, 1, '2024-01-10 14:34:44', NULL, NULL),
	(14, '45160000', 2, NULL, 'Amandio Ferraz', 323, 1, NULL, 9, NULL, NULL, NULL, NULL, NULL, NULL, NULL, NULL, NULL, NULL, 1, '2024-01-10 14:34:44', NULL, NULL),
	(15, '45160000', 2, NULL, 'Jerusalém ', 323, 1, NULL, 9, 0, 0, 0, 6, 0, 0, '-15.0407223', '-41.2610494', '-15.04237', '-41.2610616', 1, '2024-01-10 14:34:44', '2024-01-16 09:36:27', NULL),
	(16, '45160000', 2, NULL, 'Arnoldo Ferreira de Lima', 323, 1, NULL, 9, NULL, NULL, NULL, NULL, NULL, NULL, NULL, NULL, NULL, NULL, 1, '2024-01-10 14:34:44', NULL, NULL),
	(17, '45160000', 2, NULL, 'Castelo Branco', 323, 1, NULL, 9, NULL, NULL, NULL, NULL, NULL, NULL, NULL, NULL, NULL, NULL, 1, '2024-01-10 14:34:44', NULL, NULL),
	(18, '45160000', 2, NULL, 'Ciência', 323, 1, NULL, 9, NULL, NULL, NULL, NULL, NULL, NULL, NULL, NULL, NULL, NULL, 1, '2024-01-10 14:34:44', NULL, NULL),
	(19, '45160000', 2, NULL, 'João Arcanjo Lemos', 323, 1, NULL, 9, NULL, NULL, NULL, NULL, NULL, NULL, NULL, NULL, NULL, NULL, 1, '2024-01-10 14:34:44', NULL, NULL),
	(20, '45160000', 2, NULL, 'João Ferreira', 323, 1, NULL, 9, NULL, NULL, NULL, NULL, NULL, NULL, NULL, NULL, NULL, NULL, 1, '2024-01-10 14:34:44', NULL, NULL),
	(21, '45160000', 2, NULL, 'Joaquim Lacerda', 323, 1, NULL, 9, NULL, NULL, NULL, NULL, NULL, NULL, NULL, NULL, NULL, NULL, 1, '2024-01-10 14:34:44', NULL, NULL),
	(22, '45160000', 2, NULL, 'Marcelino Pinheiro', 323, 1, NULL, 9, NULL, NULL, NULL, NULL, NULL, NULL, NULL, NULL, NULL, NULL, 1, '2024-01-10 14:34:44', NULL, NULL),
	(23, '45160000', 2, NULL, 'Mateus Laurêncio', 323, 1, NULL, 9, NULL, NULL, NULL, NULL, NULL, NULL, NULL, NULL, NULL, NULL, 1, '2024-01-10 14:34:44', NULL, NULL),
	(24, '45160000', 2, NULL, 'Napoleão Ferraz', 323, 1, NULL, 9, NULL, NULL, NULL, NULL, NULL, NULL, NULL, NULL, NULL, NULL, 1, '2024-01-10 14:34:44', NULL, NULL),
	(25, '45160000', 2, NULL, 'Tiradentes', 323, 1, NULL, 9, NULL, NULL, NULL, NULL, NULL, NULL, NULL, NULL, NULL, NULL, 1, '2024-01-10 14:34:44', NULL, NULL),
	(26, '45160000', 2, NULL, 'Valdemar da S. Lima', 323, 1, NULL, 9, NULL, NULL, NULL, NULL, NULL, NULL, NULL, NULL, NULL, NULL, 1, '2024-01-10 14:34:44', NULL, NULL),
	(27, '45160000', 2, NULL, 'Dois de Julho', 323, 1, NULL, 4, 0, 0, 0, 6, 0, 0, '', '', '', '', 1, '2024-01-10 14:34:44', '2024-02-09 00:38:45', NULL),
	(28, '45160000', 2, NULL, 'Trinta e Nove', 323, 1, NULL, 10, 0, 0, 0, NULL, 0, 0, '', '', '', '', 1, '2024-01-10 14:34:44', '2024-01-14 18:59:36', NULL),
	(29, '45160000', 2, NULL, 'Sete de Setembro', 323, 1, NULL, 9, 0, 0, 0, NULL, 0, 0, '', '', '', '', 1, '2024-01-10 14:34:44', '2024-01-14 19:12:18', NULL),
	(30, '45160000', 2, NULL, 'Abel José da Silva', 323, 1, NULL, 2, 0, 1, 0, 6, 0, 0, '', '', '', '', 1, '2024-01-10 14:34:44', '2024-02-09 12:23:49', NULL),
	(31, '45160000', 2, NULL, 'Adèlia F. Almeida', 323, 1, NULL, 2, 0, 0, 0, NULL, 0, 0, '', '', '', '', 1, '2024-01-10 14:34:44', '2024-01-14 19:15:23', NULL),
	(32, '45160000', 2, NULL, 'Adelice Nunes de Olivera', 323, 1, NULL, 9, NULL, NULL, NULL, NULL, NULL, NULL, NULL, NULL, NULL, NULL, 1, '2024-01-10 14:34:44', NULL, NULL),
	(33, '45160000', 2, NULL, 'Aldo Ferraz de Oliveira', 323, 1, NULL, 9, NULL, NULL, NULL, NULL, NULL, NULL, NULL, NULL, NULL, NULL, 1, '2024-01-10 14:34:44', NULL, NULL),
	(34, '45160000', 2, NULL, 'Alfeu Almeira Rocha', 323, 1, NULL, 9, NULL, NULL, NULL, NULL, NULL, NULL, NULL, NULL, NULL, NULL, 1, '2024-01-10 14:34:44', NULL, NULL),
	(35, '45160000', 2, NULL, 'Almiro Ferraz de Araújo', 323, 1, NULL, 9, NULL, NULL, NULL, NULL, NULL, NULL, NULL, NULL, NULL, NULL, 1, '2024-01-10 14:34:44', NULL, NULL),
	(36, '45160000', 2, NULL, 'Altimio Gomes Ferraz Filho', 323, 1, NULL, 9, NULL, NULL, NULL, NULL, NULL, NULL, NULL, NULL, NULL, NULL, 1, '2024-01-10 14:34:44', NULL, NULL),
	(37, '45160000', 2, NULL, 'Anézia Ferraz', 323, 1, NULL, 9, NULL, NULL, NULL, NULL, NULL, NULL, NULL, NULL, NULL, NULL, 1, '2024-01-10 14:34:44', NULL, NULL),
	(38, '45160000', 2, NULL, 'Anfilófio P. de Souza', 323, 1, NULL, 9, NULL, NULL, NULL, NULL, NULL, NULL, NULL, NULL, NULL, NULL, 1, '2024-01-10 14:34:44', NULL, NULL),
	(39, '45160000', 2, NULL, 'Annibal Siqueira Gomes', 323, 1, NULL, 9, NULL, NULL, NULL, NULL, NULL, NULL, NULL, NULL, NULL, NULL, 1, '2024-01-10 14:34:44', NULL, NULL),
	(40, '45160000', 2, NULL, 'Antônio Ferreira da Silva', 323, 1, NULL, 9, NULL, NULL, NULL, NULL, NULL, NULL, NULL, NULL, NULL, NULL, 1, '2024-01-10 14:34:44', NULL, NULL),
	(41, '45160000', 2, NULL, 'Antônio Francisco Nazaré', 323, 1, NULL, 9, NULL, NULL, NULL, NULL, NULL, NULL, NULL, NULL, NULL, NULL, 1, '2024-01-10 14:34:44', NULL, NULL),
	(42, '45160000', 2, NULL, 'Antônio José dos Santos', 323, 1, NULL, 9, NULL, NULL, NULL, NULL, NULL, NULL, NULL, NULL, NULL, NULL, 1, '2024-01-10 14:34:44', NULL, NULL),
	(43, '45160000', 2, NULL, 'Antônio M. da Silva', 323, 1, NULL, 9, NULL, NULL, NULL, NULL, NULL, NULL, NULL, NULL, NULL, NULL, 1, '2024-01-10 14:34:44', NULL, NULL),
	(44, '45160000', 2, NULL, 'Antônio V. Silva', 323, 1, NULL, 9, NULL, NULL, NULL, NULL, NULL, NULL, NULL, NULL, NULL, NULL, 1, '2024-01-10 14:34:44', NULL, NULL),
	(45, '45160000', 2, NULL, 'Ari Alves da Rocha', 323, 1, NULL, 9, NULL, NULL, NULL, NULL, NULL, NULL, NULL, NULL, NULL, NULL, 1, '2024-01-10 14:34:44', NULL, NULL),
	(46, '45160000', 2, NULL, 'Aurani F. Flores', 323, 1, NULL, 9, NULL, NULL, NULL, NULL, NULL, NULL, NULL, NULL, NULL, NULL, 1, '2024-01-10 14:34:44', NULL, NULL),
	(47, '45160000', 2, NULL, 'Belem', 323, 1, NULL, 9, NULL, NULL, NULL, NULL, NULL, NULL, NULL, NULL, NULL, NULL, 1, '2024-01-10 14:34:44', NULL, NULL),
	(48, '45160000', 2, NULL, 'Benjamin Soares de Oliveira', 323, 1, NULL, 9, NULL, NULL, NULL, NULL, NULL, NULL, NULL, NULL, NULL, NULL, 1, '2024-01-10 14:34:44', NULL, NULL),
	(49, '45160000', 2, NULL, 'Bom Jardim', 323, 1, NULL, 2, 1, 1, 0, 6, 0, 0, '-15.0278926', '-41.2604', '-15.0278926', '-41.2604', 1, '2024-01-10 14:34:44', '2024-01-16 21:37:01', NULL),
	(50, '45160000', 2, NULL, 'Canaã', 323, 1, NULL, 9, NULL, NULL, NULL, NULL, NULL, NULL, NULL, NULL, NULL, NULL, 1, '2024-01-10 14:34:44', NULL, NULL),
	(51, '45160000', 2, NULL, 'Cândido Moura', 323, 1, NULL, 9, NULL, NULL, NULL, NULL, NULL, NULL, NULL, NULL, NULL, NULL, 1, '2024-01-10 14:34:44', NULL, NULL),
	(52, '45160000', 2, NULL, 'Cassiano F. do Prado', 323, 1, NULL, 9, NULL, NULL, NULL, NULL, NULL, NULL, NULL, NULL, NULL, NULL, 1, '2024-01-10 14:34:44', NULL, NULL),
	(53, '45160000', 2, NULL, 'Cassiano Neves da Rocha', 323, 1, NULL, 9, NULL, NULL, NULL, NULL, NULL, NULL, NULL, NULL, NULL, NULL, 1, '2024-01-10 14:34:44', NULL, NULL),
	(54, '45160000', 2, NULL, 'Castelo Branco', 323, 1, NULL, 5, 1, 1, 0, 6, 0, 0, '-15.0294265', '-41.2545331', '-15.0293199', '-41.2555906', 1, '2024-01-10 14:34:44', '2024-01-16 21:09:03', NULL),
	(55, '45160000', 2, NULL, 'Castro Alves', 323, 1, NULL, 2, 0, 1, 0, 7, 0, 0, '', '', '', '', 1, '2024-01-10 14:34:44', '2024-02-10 19:08:04', NULL),
	(56, '45160000', 2, NULL, 'Celidio Ferreira Lima', 323, 1, NULL, 9, NULL, NULL, NULL, NULL, NULL, NULL, NULL, NULL, NULL, NULL, 1, '2024-01-10 14:34:44', NULL, NULL),
	(57, '45160000', 2, NULL, 'Cicero Ferraz', 323, 1, NULL, 9, NULL, NULL, NULL, NULL, NULL, NULL, NULL, NULL, NULL, NULL, 1, '2024-01-10 14:34:44', NULL, NULL),
	(58, '45160000', 2, NULL, 'Cicero Ferraz', 323, 1, NULL, 9, NULL, NULL, NULL, NULL, NULL, NULL, NULL, NULL, NULL, NULL, 1, '2024-01-10 14:34:44', NULL, NULL),
	(59, '45160000', 2, NULL, 'Clemente S. de Oliveira', 323, 1, NULL, 9, NULL, NULL, NULL, NULL, NULL, NULL, NULL, NULL, NULL, NULL, 1, '2024-01-10 14:34:44', NULL, NULL),
	(60, '45160000', 2, NULL, 'Clóvis Xavier Cordeiro', 323, 1, NULL, 9, NULL, NULL, NULL, NULL, NULL, NULL, NULL, NULL, NULL, NULL, 1, '2024-01-10 14:34:44', NULL, NULL),
	(61, '45160000', 2, NULL, 'Coronel Pilicio', 323, 1, NULL, 9, NULL, NULL, NULL, NULL, NULL, NULL, NULL, NULL, NULL, NULL, 1, '2024-01-10 14:34:44', NULL, NULL),
	(62, '45160000', 2, NULL, 'Deli dos Passos Abade', 323, 1, NULL, 9, NULL, NULL, NULL, NULL, NULL, NULL, NULL, NULL, NULL, NULL, 1, '2024-01-10 14:34:44', NULL, NULL),
	(63, '45160000', 2, NULL, 'Dernevaldo Dias da Rocha', 323, 1, NULL, 9, NULL, NULL, NULL, NULL, NULL, NULL, NULL, NULL, NULL, NULL, 1, '2024-01-10 14:34:44', NULL, NULL),
	(64, '45160000', 2, NULL, 'Diassis S. de Oliveira', 323, 1, NULL, 9, NULL, NULL, NULL, NULL, NULL, NULL, NULL, NULL, NULL, NULL, 1, '2024-01-10 14:34:44', NULL, NULL),
	(65, '45160000', 2, NULL, 'Diolina Nunes Oliveira', 323, 1, NULL, 9, NULL, NULL, NULL, NULL, NULL, NULL, NULL, NULL, NULL, NULL, 1, '2024-01-10 14:34:44', NULL, NULL),
	(66, '45160000', 2, NULL, 'Dionizio A. de Moraes', 323, 1, NULL, 9, NULL, NULL, NULL, NULL, NULL, NULL, NULL, NULL, NULL, NULL, 1, '2024-01-10 14:34:44', NULL, NULL),
	(67, '45160000', 2, NULL, 'Cruzeiro', 323, 1, NULL, 9, NULL, NULL, NULL, NULL, NULL, NULL, NULL, NULL, NULL, NULL, 1, '2024-01-10 14:34:44', NULL, NULL),
	(68, '45160000', 2, NULL, 'Dom Pedro I', 323, 1, NULL, 9, NULL, NULL, NULL, NULL, NULL, NULL, NULL, NULL, NULL, NULL, 1, '2024-01-10 14:34:44', NULL, NULL),
	(69, '45160000', 2, NULL, 'Dom Pedro II', 323, 1, NULL, 4, 1, 1, 0, 6, 0, 0, '-15.0282491', '-41.2663442', '-15.0301158', '-41.2538033', 1, '2024-01-10 14:34:44', '2024-01-16 21:54:10', NULL),
	(70, '45160000', 2, NULL, 'Domingos Ferreira da Silva', 323, 1, NULL, 9, NULL, NULL, NULL, NULL, NULL, NULL, NULL, NULL, NULL, NULL, 1, '2024-01-10 14:34:44', NULL, NULL),
	(71, '45160000', 2, NULL, 'Domingos Pereira de Souza', 323, 1, NULL, 9, NULL, NULL, NULL, NULL, NULL, NULL, NULL, NULL, NULL, NULL, 1, '2024-01-10 14:34:44', NULL, NULL),
	(72, '45160000', 2, NULL, 'Germon Viana', 323, 1, NULL, 9, NULL, NULL, NULL, NULL, NULL, NULL, NULL, NULL, NULL, NULL, 1, '2024-01-10 14:34:44', NULL, NULL),
	(73, '45160000', 2, NULL, 'Domira Viada dos Santos', 323, 1, NULL, 9, NULL, NULL, NULL, NULL, NULL, NULL, NULL, NULL, NULL, NULL, 1, '2024-01-10 14:34:44', NULL, NULL),
	(74, '45160000', 2, NULL, 'Domingos Zeferino da Silva', 323, 1, NULL, 9, NULL, NULL, NULL, NULL, NULL, NULL, NULL, NULL, NULL, NULL, 1, '2024-01-10 14:34:44', NULL, NULL),
	(75, '45160000', 2, NULL, 'Dudu Aguiar', 323, 1, NULL, 9, NULL, NULL, NULL, NULL, NULL, NULL, NULL, NULL, NULL, NULL, 1, '2024-01-10 14:34:44', NULL, NULL),
	(76, '45160000', 2, NULL, 'Durval Cassiano Silva', 323, 1, NULL, 9, NULL, NULL, NULL, NULL, NULL, NULL, NULL, NULL, NULL, NULL, 1, '2024-01-10 14:34:44', NULL, NULL),
	(77, '45160000', 2, NULL, 'Edgar José da Silva', 323, 1, NULL, 9, NULL, NULL, NULL, NULL, NULL, NULL, NULL, NULL, NULL, NULL, 1, '2024-01-10 14:34:44', NULL, NULL),
	(78, '45160000', 2, NULL, 'Edson Nunes', 323, 1, NULL, 9, NULL, NULL, NULL, NULL, NULL, NULL, NULL, NULL, NULL, NULL, 1, '2024-01-10 14:34:44', NULL, NULL),
	(79, '45160000', 2, NULL, 'Edvaldo Flores', 323, 1, NULL, 9, NULL, NULL, NULL, NULL, NULL, NULL, NULL, NULL, NULL, NULL, 1, '2024-01-10 14:34:44', NULL, NULL),
	(80, '45160000', 2, NULL, 'Eliezer de Andrade Silva', 323, 1, NULL, 9, NULL, NULL, NULL, NULL, NULL, NULL, NULL, NULL, NULL, NULL, 1, '2024-01-10 14:34:44', NULL, NULL),
	(81, '45160000', 2, NULL, 'Eulália Nunes Ferraz', 323, 1, NULL, 9, NULL, NULL, NULL, NULL, NULL, NULL, NULL, NULL, NULL, NULL, 1, '2024-01-10 14:34:44', NULL, NULL),
	(82, '45160000', 2, NULL, 'Fidelisa A. de Carvalho', 323, 1, NULL, 9, NULL, NULL, NULL, NULL, NULL, NULL, NULL, NULL, NULL, NULL, 1, '2024-01-10 14:34:44', NULL, NULL),
	(83, '45160000', 2, NULL, 'Filomeno Viana', 323, 1, NULL, 9, NULL, NULL, NULL, NULL, NULL, NULL, NULL, NULL, NULL, NULL, 1, '2024-01-10 14:34:44', NULL, NULL),
	(84, '45160000', 2, NULL, 'Florentino Santos Soares', 323, 1, NULL, 1, 0, 1, 0, 6, 0, 0, '', '', '', '', 1, '2024-01-10 14:34:44', '2024-02-11 17:51:26', NULL),
	(85, '45160000', 2, NULL, 'João Pessoa', 323, 1, NULL, 9, NULL, NULL, NULL, NULL, NULL, NULL, NULL, NULL, NULL, NULL, 1, '2024-01-10 14:34:44', NULL, NULL),
	(86, '45160000', 2, NULL, 'Florisvaldo F. Andrade', 323, 1, NULL, 9, NULL, NULL, NULL, NULL, NULL, NULL, NULL, NULL, NULL, NULL, 1, '2024-01-10 14:34:44', NULL, NULL),
	(87, '45160000', 2, NULL, 'Gercy da Exaltação', 323, 1, NULL, 9, NULL, NULL, NULL, NULL, NULL, NULL, NULL, NULL, NULL, NULL, 1, '2024-01-10 14:34:44', NULL, NULL),
	(88, '45160000', 2, NULL, 'Gerson A. de Souza', 323, 1, NULL, 9, NULL, NULL, NULL, NULL, NULL, NULL, NULL, NULL, NULL, NULL, 1, '2024-01-10 14:34:44', NULL, NULL),
	(89, '45160000', 2, NULL, 'Getulio Vargas', 323, 1, NULL, 9, NULL, NULL, NULL, NULL, NULL, NULL, NULL, NULL, NULL, NULL, 1, '2024-01-10 14:34:44', NULL, NULL),
	(90, '45160000', 2, NULL, 'Gileno Andrade', 323, 1, NULL, 9, NULL, NULL, NULL, NULL, NULL, NULL, NULL, NULL, NULL, NULL, 1, '2024-01-10 14:34:44', NULL, NULL),
	(91, '45160000', 2, NULL, 'Haroldo F. de Oliveira', 323, 1, NULL, 9, NULL, NULL, NULL, NULL, NULL, NULL, NULL, NULL, NULL, NULL, 1, '2024-01-10 14:34:44', NULL, NULL),
	(92, '45160000', 2, NULL, 'Henrique Brito', 323, 1, NULL, 9, NULL, NULL, NULL, NULL, NULL, NULL, NULL, NULL, NULL, NULL, 1, '2024-01-10 14:34:44', NULL, NULL),
	(93, '45160000', 2, NULL, 'Henrique de Oliveira Tigre', 323, 1, NULL, 9, NULL, NULL, NULL, NULL, NULL, NULL, NULL, NULL, NULL, NULL, 1, '2024-01-10 14:34:44', NULL, NULL),
	(94, '45160000', 2, NULL, 'Hermano Alves dos Santos', 323, 1, NULL, 9, NULL, NULL, NULL, NULL, NULL, NULL, NULL, NULL, NULL, NULL, 1, '2024-01-10 14:34:44', NULL, NULL),
	(95, '45160000', 2, NULL, 'Honorina Dantos', 323, 1, NULL, 9, NULL, NULL, NULL, NULL, NULL, NULL, NULL, NULL, NULL, NULL, 1, '2024-01-10 14:34:44', NULL, NULL),
	(96, '45160000', 2, NULL, 'Isabel Nunes de Oliveira', 323, 1, NULL, 9, NULL, NULL, NULL, NULL, NULL, NULL, NULL, NULL, NULL, NULL, 1, '2024-01-10 14:34:44', NULL, NULL),
	(97, '45160000', 2, NULL, 'Itamário Soares de Oliveira', 323, 1, NULL, 9, NULL, NULL, NULL, NULL, NULL, NULL, NULL, NULL, NULL, NULL, 1, '2024-01-10 14:34:44', NULL, NULL),
	(98, '45160000', 2, NULL, 'Jabes Gilian Reis Oliveira', 323, 1, NULL, 9, NULL, NULL, NULL, NULL, NULL, NULL, NULL, NULL, NULL, NULL, 1, '2024-01-10 14:34:44', NULL, NULL),
	(99, '45160000', 2, NULL, 'Jaime Ferraz de Andrade', 323, 1, NULL, 9, NULL, NULL, NULL, NULL, NULL, NULL, NULL, NULL, NULL, NULL, 1, '2024-01-10 14:34:44', NULL, NULL),
	(100, '45160000', 2, NULL, 'Não Identificado', 323, 1, NULL, 9, NULL, NULL, NULL, NULL, NULL, NULL, NULL, NULL, NULL, NULL, 1, '2024-01-10 14:34:44', NULL, NULL),
	(101, '45160000', 2, NULL, 'Jaime Soares de Oliveira', 323, 1, NULL, 9, NULL, NULL, NULL, NULL, NULL, NULL, NULL, NULL, NULL, NULL, 1, '2024-01-10 14:34:44', NULL, NULL),
	(103, '45160000', 2, NULL, 'João Batista', 323, 1, NULL, 9, NULL, NULL, NULL, NULL, NULL, NULL, NULL, NULL, NULL, NULL, 1, '2024-01-10 14:34:44', NULL, NULL),
	(104, '45160000', 2, NULL, 'João Cupertino Simões', 323, 1, NULL, 9, NULL, NULL, NULL, NULL, NULL, NULL, NULL, NULL, NULL, NULL, 1, '2024-01-10 14:34:44', NULL, NULL),
	(105, '45160000', 2, NULL, 'João de Oliveira Santos', 323, 1, NULL, 9, NULL, NULL, NULL, NULL, NULL, NULL, NULL, NULL, NULL, NULL, 1, '2024-01-10 14:34:44', NULL, NULL),
	(106, '45160000', 2, NULL, 'João Pessoa', 323, 1, NULL, 9, NULL, NULL, NULL, NULL, NULL, NULL, NULL, NULL, NULL, NULL, 1, '2024-01-10 14:34:44', NULL, NULL),
	(107, '45160000', 2, NULL, 'João Viana da Silva', 323, 1, NULL, 9, NULL, NULL, NULL, NULL, NULL, NULL, NULL, NULL, NULL, NULL, 1, '2024-01-10 14:34:44', NULL, NULL),
	(108, '45160000', 2, NULL, 'Joaquim Soares de Oliveira', 323, 1, NULL, 9, NULL, NULL, NULL, NULL, NULL, NULL, NULL, NULL, NULL, NULL, 1, '2024-01-10 14:34:44', NULL, NULL),
	(109, '45160000', 2, NULL, 'Joel Ferreira de Andrade', 323, 1, NULL, 9, NULL, NULL, NULL, NULL, NULL, NULL, NULL, NULL, NULL, NULL, 1, '2024-01-10 14:34:44', NULL, NULL),
	(110, '45160000', 2, NULL, 'Josafá Alves de Souza', 323, 1, NULL, 9, NULL, NULL, NULL, NULL, NULL, NULL, NULL, NULL, NULL, NULL, 1, '2024-01-10 14:34:44', NULL, NULL),
	(111, '45160000', 2, NULL, 'José Dantas', 323, 1, NULL, 9, NULL, NULL, NULL, NULL, NULL, NULL, NULL, NULL, NULL, NULL, 1, '2024-01-10 14:34:44', NULL, NULL),
	(112, '45160000', 2, NULL, 'José Francisco Nazaré', 323, 1, NULL, 9, NULL, NULL, NULL, NULL, NULL, NULL, NULL, NULL, NULL, NULL, 1, '2024-01-10 14:34:44', NULL, NULL),
	(113, '45160000', 2, NULL, 'José Lacerda do Amaral', 323, 1, NULL, 9, NULL, NULL, NULL, NULL, NULL, NULL, NULL, NULL, NULL, NULL, 1, '2024-01-10 14:34:44', NULL, NULL),
	(114, '45160000', 2, NULL, 'José Moço Filho', 323, 1, NULL, 1, 0, 1, 0, 7, 0, 0, '', '', '', '', 1, '2024-01-10 14:34:44', '2024-02-09 17:34:18', NULL),
	(115, '45160000', 2, NULL, 'José Nunes de Oliveira', 323, 1, NULL, 9, NULL, NULL, NULL, NULL, NULL, NULL, NULL, NULL, NULL, NULL, 1, '2024-01-10 14:34:44', NULL, NULL),
	(116, '45160000', 2, NULL, 'José Pereira dos Santos', 323, 1, NULL, 9, NULL, NULL, NULL, NULL, NULL, NULL, NULL, NULL, NULL, NULL, 1, '2024-01-10 14:34:44', NULL, NULL),
	(117, '45160000', 2, NULL, 'José Roberto de Santana', 323, 1, NULL, 9, NULL, NULL, NULL, NULL, NULL, NULL, NULL, NULL, NULL, NULL, 1, '2024-01-10 14:34:44', NULL, NULL),
	(118, '45160000', 2, NULL, 'José Sancho Borges', 323, 1, NULL, 9, NULL, NULL, NULL, NULL, NULL, NULL, NULL, NULL, NULL, NULL, 1, '2024-01-10 14:34:44', NULL, NULL),
	(119, '45160000', 2, NULL, 'José Soares Pereira', 323, 1, NULL, 9, NULL, NULL, NULL, NULL, NULL, NULL, NULL, NULL, NULL, NULL, 1, '2024-01-10 14:34:44', NULL, NULL),
	(120, '45160000', 2, NULL, 'José V. da Silva', 323, 1, NULL, 9, NULL, NULL, NULL, NULL, NULL, NULL, NULL, NULL, NULL, NULL, 1, '2024-01-10 14:34:44', NULL, NULL),
	(121, '45160000', 2, NULL, 'Joselito Soares de Oliveira', 323, 1, NULL, 9, NULL, NULL, NULL, NULL, NULL, NULL, NULL, NULL, NULL, NULL, 1, '2024-01-10 14:34:44', NULL, NULL),
	(122, '45160000', 2, NULL, 'Juarez Nunes Ferraz', 323, 1, NULL, 9, NULL, NULL, NULL, NULL, NULL, NULL, NULL, NULL, NULL, NULL, 1, '2024-01-10 14:34:44', NULL, NULL),
	(123, '45160000', 2, NULL, 'Julio Modesto', 323, 1, NULL, 1, 0, 1, 0, 7, 0, 0, '', '', '', '', 1, '2024-01-10 14:34:44', '2024-02-08 09:34:30', NULL),
	(124, '45160000', 2, NULL, 'Juraci Nunes Ferraz', 323, 1, NULL, 9, NULL, NULL, NULL, NULL, NULL, NULL, NULL, NULL, NULL, NULL, 1, '2024-01-10 14:34:44', NULL, NULL),
	(125, '45160000', 2, NULL, 'Jurandi Borborema', 323, 1, NULL, 9, NULL, NULL, NULL, NULL, NULL, NULL, NULL, NULL, NULL, NULL, 1, '2024-01-10 14:34:44', NULL, NULL),
	(126, '45160000', 2, NULL, 'Juranei Viana dos Santos', 323, 1, NULL, 9, NULL, NULL, NULL, NULL, NULL, NULL, NULL, NULL, NULL, NULL, 1, '2024-01-10 14:34:44', NULL, NULL),
	(127, '45160000', 2, NULL, 'Juvenal N. de Andrade', 323, 1, NULL, 9, NULL, NULL, NULL, NULL, NULL, NULL, NULL, NULL, NULL, NULL, 1, '2024-01-10 14:34:44', NULL, NULL),
	(128, '45160000', 2, NULL, 'Laura F. de Oliveira', 323, 1, NULL, 9, NULL, NULL, NULL, NULL, NULL, NULL, NULL, NULL, NULL, NULL, 1, '2024-01-10 14:34:44', NULL, NULL),
	(129, '45160000', 2, NULL, 'Leonardo José da Silva', 323, 1, NULL, 9, NULL, NULL, NULL, NULL, NULL, NULL, NULL, NULL, NULL, NULL, 1, '2024-01-10 14:34:44', NULL, NULL),
	(130, '45160000', 2, NULL, 'Leonidia M. de Jesus', 323, 1, NULL, 9, NULL, NULL, NULL, NULL, NULL, NULL, NULL, NULL, NULL, NULL, 1, '2024-01-10 14:34:44', NULL, NULL),
	(131, '45160000', 2, NULL, 'Liderico Gomes Ferraz', 323, 1, NULL, 9, NULL, NULL, NULL, NULL, NULL, NULL, NULL, NULL, NULL, NULL, 1, '2024-01-10 14:34:44', NULL, NULL),
	(132, '45160000', 2, NULL, 'Lindolfo Santos de Almeida', 323, 1, NULL, 9, NULL, NULL, NULL, NULL, NULL, NULL, NULL, NULL, NULL, NULL, 1, '2024-01-10 14:34:44', NULL, NULL),
	(133, '45160000', 2, NULL, 'Luiz da Silva Varges', 323, 1, NULL, 9, NULL, NULL, NULL, NULL, NULL, NULL, NULL, NULL, NULL, NULL, 1, '2024-01-10 14:34:44', NULL, NULL),
	(134, '45160000', 2, NULL, 'Luiz Lopes de Andrade', 323, 1, NULL, 9, NULL, NULL, NULL, NULL, NULL, NULL, NULL, NULL, NULL, NULL, 1, '2024-01-10 14:34:44', NULL, NULL),
	(135, '45160000', 2, NULL, 'Luzia Borges de Alcântara', 323, 1, NULL, 9, NULL, NULL, NULL, NULL, NULL, NULL, NULL, NULL, NULL, NULL, 1, '2024-01-10 14:34:44', NULL, NULL),
	(136, '45160000', 2, NULL, 'Manoel Arifa Soares', 323, 1, NULL, 9, NULL, NULL, NULL, NULL, NULL, NULL, NULL, NULL, NULL, NULL, 1, '2024-01-10 14:34:44', NULL, NULL),
	(137, '45160000', 2, NULL, 'Manoel Mendes de Souza', 323, 1, NULL, 9, NULL, NULL, NULL, NULL, NULL, NULL, NULL, NULL, NULL, NULL, 1, '2024-01-10 14:34:44', NULL, NULL),
	(138, '45160000', 2, NULL, 'Manoel Viana da Silva', 323, 1, NULL, 9, NULL, NULL, NULL, NULL, NULL, NULL, NULL, NULL, NULL, NULL, 1, '2024-01-10 14:34:44', NULL, NULL),
	(139, '45160000', 2, NULL, 'Maria Elza F. de Oliveira', 323, 1, NULL, 9, NULL, NULL, NULL, NULL, NULL, NULL, NULL, NULL, NULL, NULL, 1, '2024-01-10 14:34:44', NULL, NULL),
	(140, '45160000', 2, NULL, 'Maria Elza Ferraz', 323, 1, NULL, 9, NULL, NULL, NULL, NULL, NULL, NULL, NULL, NULL, NULL, NULL, 1, '2024-01-10 14:34:44', NULL, NULL),
	(141, '45160000', 2, NULL, 'Maria Ferraz Gomes', 323, 1, NULL, 9, NULL, NULL, NULL, NULL, NULL, NULL, NULL, NULL, NULL, NULL, 1, '2024-01-10 14:34:44', NULL, NULL),
	(142, '45160000', 2, NULL, 'Maria Julia de Almeida', 323, 1, NULL, 9, NULL, NULL, NULL, NULL, NULL, NULL, NULL, NULL, NULL, NULL, 1, '2024-01-10 14:34:44', NULL, NULL),
	(143, '45160000', 2, NULL, 'Maria M. de Araújo', 323, 1, NULL, 9, NULL, NULL, NULL, NULL, NULL, NULL, NULL, NULL, NULL, NULL, 1, '2024-01-10 14:34:44', NULL, NULL),
	(144, '45160000', 2, NULL, 'Maria Oliveira Ferreira', 323, 1, NULL, 9, NULL, NULL, NULL, NULL, NULL, NULL, NULL, NULL, NULL, NULL, 1, '2024-01-10 14:34:44', NULL, NULL),
	(145, '45160000', 2, NULL, 'Maria P. Moitinho', 323, 1, NULL, 9, NULL, NULL, NULL, NULL, NULL, NULL, NULL, NULL, NULL, NULL, 1, '2024-01-10 14:34:44', NULL, NULL),
	(146, '45160000', 2, NULL, 'Marlene Pereira Trindade', 323, 1, NULL, 9, NULL, NULL, NULL, NULL, NULL, NULL, NULL, NULL, NULL, NULL, 1, '2024-01-10 14:34:44', NULL, NULL),
	(147, '45160000', 2, NULL, 'Miguel Viana da Silva', 323, 1, NULL, 9, NULL, NULL, NULL, NULL, NULL, NULL, NULL, NULL, NULL, NULL, 1, '2024-01-10 14:34:44', NULL, NULL),
	(148, '45160000', 2, NULL, 'Mozart Ferraz de Araújo', 323, 1, NULL, 1, 0, 1, 0, 7, 0, 0, '', '', '', '', 1, '2024-01-10 14:34:44', '2024-02-09 17:29:18', NULL),
	(149, '45160000', 2, NULL, 'Odilon José de Santana', 323, 1, NULL, 9, NULL, NULL, NULL, NULL, NULL, NULL, NULL, NULL, NULL, NULL, 1, '2024-01-10 14:34:44', NULL, NULL),
	(150, '45160000', 2, NULL, 'Olivia Moitinho', 323, 1, NULL, 9, NULL, NULL, NULL, NULL, NULL, NULL, NULL, NULL, NULL, NULL, 1, '2024-01-10 14:34:44', NULL, NULL),
	(151, '45160000', 2, NULL, 'Otávia de Oliveira Freitas', 323, 1, NULL, 9, NULL, NULL, NULL, NULL, NULL, NULL, NULL, NULL, NULL, NULL, 1, '2024-01-10 14:34:44', NULL, NULL),
	(152, '45160000', 2, NULL, 'Otaviano S. Soares', 323, 1, NULL, 9, NULL, NULL, NULL, NULL, NULL, NULL, NULL, NULL, NULL, NULL, 1, '2024-01-10 14:34:44', NULL, NULL),
	(153, '45160000', 2, NULL, 'Paulino Ferraz da Silva', 323, 1, NULL, 1, 0, 0, 0, 6, 0, 0, '', '', '', '', 1, '2024-01-10 14:34:44', '2024-02-09 17:02:32', NULL),
	(154, '45160000', 2, NULL, 'Pedro Alves Soares', 323, 1, NULL, 9, NULL, NULL, NULL, NULL, NULL, NULL, NULL, NULL, NULL, NULL, 1, '2024-01-10 14:34:44', NULL, NULL),
	(155, '45160000', 2, NULL, 'Pompílio Viana', 323, 1, NULL, 9, NULL, NULL, NULL, NULL, NULL, NULL, NULL, NULL, NULL, NULL, 1, '2024-01-10 14:34:44', NULL, NULL),
	(156, '45160000', 2, NULL, 'Raduan Ferraz de Oliveira', 323, 1, NULL, 9, NULL, NULL, NULL, NULL, NULL, NULL, NULL, NULL, NULL, NULL, 1, '2024-01-10 14:34:44', NULL, NULL),
	(157, '45160000', 2, NULL, 'Rafael Flores', 323, 1, NULL, 9, NULL, NULL, NULL, NULL, NULL, NULL, NULL, NULL, NULL, NULL, 1, '2024-01-10 14:34:44', NULL, NULL),
	(158, '45160000', 2, NULL, 'Raquel Ferraz de Oliveira', 323, 1, NULL, 9, NULL, NULL, NULL, NULL, NULL, NULL, NULL, NULL, NULL, NULL, 1, '2024-01-10 14:34:44', NULL, NULL),
	(159, '45160000', 2, NULL, 'Regis Pacheco', 323, 1, NULL, 9, NULL, NULL, NULL, NULL, NULL, NULL, NULL, NULL, NULL, NULL, 1, '2024-01-10 14:34:44', NULL, NULL),
	(160, '45160000', 2, NULL, 'Rodolfo Lopes', 323, 1, NULL, 9, NULL, NULL, NULL, NULL, NULL, NULL, NULL, NULL, NULL, NULL, 1, '2024-01-10 14:34:44', NULL, NULL),
	(161, '45160000', 2, NULL, 'Rufino Alves do Prado', 323, 1, NULL, 9, NULL, NULL, NULL, NULL, NULL, NULL, NULL, NULL, NULL, NULL, 1, '2024-01-10 14:34:44', NULL, NULL),
	(162, '45160000', 2, NULL, 'Rui Barbosa', 323, 1, NULL, 9, NULL, NULL, NULL, NULL, NULL, NULL, NULL, NULL, NULL, NULL, 1, '2024-01-10 14:34:44', NULL, NULL),
	(163, '45160000', 2, NULL, 'Ruy Alberto Bittencourt Santos', 323, 1, NULL, 9, NULL, NULL, NULL, NULL, NULL, NULL, NULL, NULL, NULL, NULL, 1, '2024-01-10 14:34:44', NULL, NULL),
	(164, '45160000', 2, NULL, 'Salvador Ferraz de Oliveira', 323, 1, NULL, 9, NULL, NULL, NULL, NULL, NULL, NULL, NULL, NULL, NULL, NULL, 1, '2024-01-10 14:34:44', NULL, NULL),
	(165, '45160000', 2, NULL, 'Salvador V. de O. Sobrinho', 323, 1, NULL, 9, NULL, NULL, NULL, NULL, NULL, NULL, NULL, NULL, NULL, NULL, 1, '2024-01-10 14:34:44', NULL, NULL),
	(166, '45160000', 2, NULL, 'São Ismael', 323, 1, NULL, 2, 0, 1, 0, 7, 0, 0, '', '', '', '', 1, '2024-01-10 14:34:44', '2024-02-09 16:38:12', NULL),
	(167, '45160000', 2, NULL, 'São Lazaro', 323, 1, NULL, 9, NULL, NULL, NULL, NULL, NULL, NULL, NULL, NULL, NULL, NULL, 1, '2024-01-10 14:34:44', NULL, NULL),
	(168, '45160000', 2, NULL, 'São Sebastião', 323, 1, NULL, 9, NULL, NULL, NULL, NULL, NULL, NULL, NULL, NULL, NULL, NULL, 1, '2024-01-10 14:34:44', NULL, NULL),
	(169, '45160000', 2, NULL, 'Sebastião Nunes Tigre', 323, 1, NULL, 9, NULL, NULL, NULL, NULL, NULL, NULL, NULL, NULL, NULL, NULL, 1, '2024-01-10 14:34:44', NULL, NULL),
	(170, '45160000', 2, NULL, 'Sezidio de C. Soares', 323, 1, NULL, 9, NULL, NULL, NULL, NULL, NULL, NULL, NULL, NULL, NULL, NULL, 1, '2024-01-10 14:34:44', NULL, NULL),
	(171, '45160000', 2, NULL, 'Tomé de Souza', 323, 1, NULL, 3, 0, 0, 0, 6, 0, 0, '', '', '', '', 1, '2024-01-10 14:34:44', '2024-02-12 14:01:49', NULL),
	(172, '45160000', 2, NULL, 'Ubaldino Alves de Lima', 323, 1, NULL, 9, NULL, NULL, NULL, NULL, NULL, NULL, NULL, NULL, NULL, NULL, 1, '2024-01-10 14:34:44', NULL, NULL),
	(173, '45160000', 2, NULL, 'Valdomiro Alves de Morais', 323, 1, NULL, 9, NULL, NULL, NULL, NULL, NULL, NULL, NULL, NULL, NULL, NULL, 1, '2024-01-10 14:34:44', NULL, NULL),
	(174, '45160000', 2, NULL, 'Valdomiro Ramos', 323, 1, NULL, 9, NULL, NULL, NULL, NULL, NULL, NULL, NULL, NULL, NULL, NULL, 1, '2024-01-10 14:34:44', NULL, NULL),
	(175, '45160000', 2, NULL, 'Vasco da Gama', 323, 1, NULL, 2, 1, 1, 0, 6, 0, 0, '-15.0283121', '-41.261418', '-15.0279708', '-41.2612714', 1, '2024-01-10 14:34:44', '2024-01-16 21:39:32', NULL),
	(176, '45160000', 2, NULL, 'Viriato de O. Tigre', 323, 1, NULL, 9, NULL, NULL, NULL, NULL, NULL, NULL, NULL, NULL, NULL, NULL, 1, '2024-01-10 14:34:44', NULL, NULL),
	(177, '45160000', 2, NULL, 'Vitório Pereira de Oliveira', 323, 1, NULL, 1, 0, 0, 0, 6, 0, 0, '', '', '', '', 1, '2024-01-10 14:34:44', '2024-02-08 10:17:45', NULL),
	(178, '45160000', 2, NULL, 'Wendel de Oliveira', 323, 1, NULL, 9, NULL, NULL, NULL, NULL, NULL, NULL, NULL, NULL, NULL, NULL, 1, '2024-01-10 14:34:44', NULL, NULL),
	(179, '45160000', 2, NULL, 'Serrinha de José Moço', 323, 1, 2, NULL, NULL, NULL, NULL, NULL, NULL, NULL, NULL, NULL, NULL, NULL, 1, '2024-01-10 14:34:44', NULL, NULL),
	(5591, '45160000', 3, NULL, 'Comunidade', 323, 1, 2, NULL, 0, 1, 0, 5, 0, 0, '', '', '', '', 1, '2024-01-22 18:59:02', '2024-01-24 13:25:18', NULL),
	(5592, '45160000', 3, NULL, 'Comunidade', 323, 1, 41, NULL, 0, 1, 0, 5, 0, 0, '', '', '', '', 1, '2024-01-24 13:14:01', '2024-02-07 18:01:37', NULL),
	(5593, '45160000', 3, NULL, 'Comunidade', 323, 1, 53, NULL, 0, 1, 0, 5, 0, 0, '', '', '', '', 1, '2024-01-24 13:21:06', '2024-01-24 13:21:06', NULL),
	(5594, '45160000', 3, NULL, 'Comunidade', 323, 1, 11, NULL, 0, 1, 0, 5, 0, 0, '', '', '', '', 1, '2024-01-24 13:24:52', '2024-01-24 13:24:52', NULL),
	(5595, '45160000', 3, NULL, 'Fazenda ', 323, 1, 30, NULL, 0, 1, 0, 5, 0, 0, '', '', '', '', 1, '2024-01-24 13:30:19', '2024-01-24 13:30:19', NULL),
	(5596, '45160000', 3, NULL, 'Comunidade', 323, 1, 47, NULL, 0, 1, 0, 5, 0, 0, '', '', '', '', 1, '2024-01-24 13:44:29', '2024-01-24 13:44:29', NULL),
	(5597, '45160000', 3, NULL, 'Comunidade', 323, 1, 20, NULL, 0, 1, 0, 5, 0, 0, '', '', '', '', 1, '2024-01-24 14:03:32', '2024-01-24 14:03:32', NULL),
	(5598, '45160000', 3, NULL, 'Comunidade', 323, 1, 28, NULL, 0, 0, 0, 5, 0, 0, '', '', '', '', 1, '2024-01-24 14:07:58', '2024-01-24 14:07:58', NULL),
	(5599, '45160000', 3, NULL, 'Fazenda', 323, 1, 13, NULL, 0, 1, 0, 5, 0, 0, '', '', '', '', 1, '2024-01-24 14:26:45', '2024-01-24 14:26:45', NULL),
	(5600, '45160000', 3, NULL, 'Comunidade', 323, 1, 54, NULL, 0, 1, 0, 5, 0, 0, '', '', '', '', 1, '2024-01-24 23:43:41', '2024-01-24 23:43:41', NULL),
	(5601, '45160000', 3, NULL, 'Comunidade', 323, 1, 40, NULL, 0, 1, 0, 5, 0, 0, '', '', '', '', 1, '2024-01-25 10:33:37', '2024-01-25 10:35:30', NULL),
	(5602, '45160000', 3, NULL, 'Comunidade', 323, 1, 20, NULL, 0, 1, 0, 5, 0, 0, '', '', '', '', 1, '2024-01-25 10:40:14', '2024-01-25 10:40:14', NULL),
	(5603, '45160000', 3, NULL, 'Comunidade', 323, 1, 44, NULL, 0, 1, 0, 5, 0, 0, '', '', '', '', 1, '2024-01-25 10:41:12', '2024-01-25 10:41:12', NULL),
	(5604, '45160000', 3, NULL, 'Comunidade', 323, 1, 33, NULL, 0, 1, 0, 5, 0, 0, '', '', '', '', 1, '2024-01-25 12:17:54', '2024-01-25 12:17:54', NULL),
	(5605, '45160000', 3, NULL, 'Comunidade', 323, 1, 42, NULL, 0, 1, 0, 5, 0, 0, '', '', '', '', 1, '2024-01-25 13:27:06', '2024-01-25 13:27:06', NULL),
	(5606, '45160000', 3, NULL, 'Comunidade', 323, 1, 7, NULL, 0, 1, 0, 5, 0, 0, '', '', '', '', 1, '2024-01-25 13:38:42', '2024-01-25 13:38:42', NULL),
	(5607, '45160000', 3, NULL, 'Comunidade', 323, 1, 31, NULL, 0, 1, 0, 5, 0, 0, '', '', '', '', 1, '2024-01-25 13:49:17', '2024-01-25 13:49:17', NULL),
	(5608, '45160000', 3, NULL, 'Comunidade', 323, 1, 45, NULL, 0, 1, 0, 5, 0, 0, '', '', '', '', 1, '2024-01-25 14:23:43', '2024-01-25 14:23:43', NULL),
	(5609, '45160000', 3, NULL, 'Comunidade', 323, 1, 24, NULL, 0, 1, 0, 6, 0, 0, '', '', '', '', 1, '2024-01-25 19:47:16', '2024-01-25 19:47:16', NULL),
	(5610, '45160000', 3, NULL, 'Comunidade', 323, 1, 37, NULL, 1, 1, 0, 5, 0, 0, '', '', '', '', 1, '2024-01-26 18:45:39', '2024-01-26 18:45:39', NULL),
	(5611, '45160000', 2, NULL, 'Purcina Nunes', 323, 1, NULL, 7, 0, 0, 0, 7, 0, 0, '', '', '', '', 1, '2024-02-05 13:52:56', '2024-02-05 13:52:56', NULL),
	(5613, '45160000', 3, NULL, 'Comunidade', 323, 1, 15, NULL, 0, 1, 0, 5, 0, 0, '', '', '', '', 1, '2024-02-05 14:21:05', '2024-02-05 14:21:05', NULL),
	(5614, '45160000', 3, NULL, 'Comunidade', 323, 1, 38, NULL, 0, 1, 0, 5, 0, 0, '', '', '', '', 1, '2024-02-05 14:33:59', '2024-02-05 14:35:34', NULL),
	(5615, '45160000', 2, NULL, 'Rua Florentino Santos Soares', 323, 1, NULL, 1, 1, 1, 0, 6, 0, 0, '', '', '', '', 1, '2024-02-05 17:42:32', '2024-02-05 17:42:32', NULL),
	(5616, '45160000', 3, NULL, 'Comunidade', 323, 1, 12, NULL, 0, 1, 0, 5, 0, 0, '', '', '', '', 1, '2024-02-06 01:48:55', '2024-02-06 01:48:55', NULL),
	(5617, '45160000', 3, NULL, 'Comunidade', 323, 1, 14, NULL, 0, 1, 0, 5, 0, 0, '', '', '', '', 1, '2024-02-06 01:53:33', '2024-02-06 01:53:33', NULL),
	(5618, '45160000', 3, NULL, 'Comunidade', 323, 1, 22, NULL, 0, 1, 0, 5, 0, 0, '', '', '', '', 1, '2024-02-06 02:24:55', '2024-02-06 02:24:55', NULL),
	(5619, '45160000', 3, NULL, 'Comunidade', 323, 1, 35, NULL, 0, 1, 0, 5, 0, 0, '', '', '', '', 1, '2024-02-06 02:38:35', '2024-02-06 02:38:35', NULL),
	(5620, '45160000', 3, NULL, 'Comunidade', 323, 1, 29, NULL, 0, 1, 0, 5, 0, 0, '', '', '', '', 1, '2024-02-06 02:46:11', '2024-02-06 02:46:11', NULL),
	(5621, '45160000', 3, NULL, 'Comunidade', 323, 1, 26, NULL, 0, 1, 0, 5, 0, 0, '', '', '', '', 1, '2024-02-06 02:56:12', '2024-02-06 02:56:31', NULL),
	(5622, '45160000', 3, NULL, 'Comunidade', 323, 1, 27, NULL, 0, 1, 0, 5, 0, 0, '', '', '', '', 1, '2024-02-06 11:10:13', '2024-02-06 11:10:13', NULL),
	(5623, '45160000', 3, NULL, 'Comunidade', 323, 1, 43, NULL, 0, 0, 0, 5, 0, 0, '', '', '', '', 1, '2024-02-06 17:25:26', '2024-02-06 17:25:26', NULL),
	(5624, '45160000', 2, NULL, 'Vitória da Conquista ', 323, 1, NULL, 9, 1, 1, 0, 6, 0, 0, '', '', '', '', 1, '2024-02-06 17:39:06', '2024-02-06 17:39:06', NULL),
	(5625, '45160000', 3, NULL, 'Comunidade', 323, 1, 6, NULL, 0, 1, 0, 5, 0, 0, '', '', '', '', 1, '2024-02-07 11:25:15', '2024-02-07 11:25:15', NULL),
	(5626, '45160000', 2, NULL, 'Domingos Dias', 323, 1, NULL, 6, 0, 1, 0, 5, 0, 0, '', '', '', '', 1, '2024-02-07 13:46:37', '2024-02-07 13:46:37', NULL),
	(5627, '45160000', 3, NULL, 'Comunidade', 323, 1, 21, NULL, 0, 1, 0, 5, 0, 0, '', '', '', '', 1, '2024-02-07 15:28:46', '2024-02-07 15:28:46', NULL),
	(5628, '45160000', 2, NULL, 'Antônio Manoel da Silva ', 323, 1, NULL, 10, 0, 1, 1, 5, 0, 0, '', '', '', '', 1, '2024-02-07 15:57:20', '2024-02-07 15:58:13', NULL),
	(5629, '45160000', 3, NULL, 'Comunidade', 323, 1, 3, NULL, 0, 1, 0, 5, 0, 0, '', '', '', '', 1, '2024-02-07 16:21:23', '2024-02-07 16:21:23', NULL),
	(5630, '45160000', 3, NULL, 'Comunidade', 323, 1, 48, NULL, 0, 1, 0, 5, 0, 0, '', '', '', '', 1, '2024-02-07 19:41:41', '2024-02-07 19:41:41', NULL),
	(5631, '45160000', 3, NULL, 'Comunidade', 323, 1, 50, NULL, 0, 1, 0, 5, 0, 0, '', '', '', '', 1, '2024-02-08 00:21:29', '2024-02-08 00:21:29', NULL),
	(5632, '45160000', 3, NULL, 'Comunidade', 323, 1, 49, NULL, 0, 1, 0, 5, 0, 0, '', '', '', '', 1, '2024-02-08 00:21:56', '2024-02-08 00:21:56', NULL),
	(5633, '45160000', 3, NULL, 'Comunidade', 323, 1, 51, NULL, 0, 1, 0, 5, 0, 0, '', '', '', '', 1, '2024-02-08 00:22:27', '2024-02-08 00:22:27', NULL),
	(5634, '45160000', 2, NULL, 'Julio Modesto', 323, 1, NULL, 7, 0, 1, 0, 7, 0, 0, '', '', '', '', 1, '2024-02-08 09:33:53', '2024-02-08 09:33:53', NULL),
	(5635, '45160000', 3, NULL, 'comunidade', 323, 1, 28, NULL, 0, 1, 0, 5, 0, 0, '', '', '', '', 1, '2024-02-08 11:28:19', '2024-02-08 11:28:19', NULL),
	(5637, '45160000', 2, NULL, '1 de Janeiro', 323, 1, NULL, 9, 0, 1, 0, 6, 0, 0, '', '', '', '', 1, '2024-02-08 17:35:47', '2024-02-08 17:35:47', NULL),
	(5638, '45160000', 2, NULL, 'Castro Alves', 323, 1, NULL, 9, 0, 1, 0, 6, 0, 0, '', '', '', '', 1, '2024-02-08 17:46:29', '2024-02-08 17:46:29', NULL),
	(5639, '45160000', 2, NULL, 'Filomeno Viana', 323, 1, NULL, 7, 0, 1, 0, 6, 0, 0, '', '', '', '', 1, '2024-02-08 17:56:19', '2024-02-10 20:00:34', NULL),
	(5640, '45160000', 2, NULL, 'José Moço Filho', 323, 1, NULL, 7, 0, 1, 0, 7, 0, 0, '', '', '', '', 1, '2024-02-09 17:34:55', '2024-02-09 17:34:55', NULL),
	(5641, '45160000', 2, NULL, 'Arthur Fernandes', 323, 1, NULL, 9, 0, 1, 0, 6, 0, 0, '', '', '', '', 1, '2024-02-09 17:46:32', '2024-02-09 17:46:32', NULL),
	(5642, '45160000', 3, NULL, 'Comunidade', 323, 1, 62, NULL, 0, 1, 0, 5, 0, 0, '', '', '', '', 1, '2024-02-09 18:12:42', '2024-02-09 18:12:42', NULL),
	(5643, '45160000', 3, NULL, 'Comunidade ', 323, 1, 9, NULL, 0, 1, 0, 5, 0, 0, '', '', '', '', 1, '2024-02-09 18:17:55', '2024-02-09 18:17:55', NULL),
	(5644, '45160000', 3, NULL, 'Comunidade', 323, 1, 12, NULL, 0, 0, 0, 6, 0, 0, '', '', '', '', 1, '2024-02-09 18:33:58', '2024-02-09 18:33:58', NULL),
	(5645, '45160000', 3, NULL, 'Comunidade ', 323, 1, 55, NULL, 0, 1, 0, 5, 0, 0, '', '', '', '', 1, '2024-02-10 16:29:17', '2024-02-10 16:29:17', NULL),
	(5646, '45160000', 3, NULL, 'Comunidade', 323, 1, 52, NULL, 0, 1, 0, 5, 0, 0, '', '', '', '', 1, '2024-02-11 19:48:23', '2024-02-11 19:48:23', NULL),
	(5647, '45160000', 3, NULL, 'Comunidade', 323, 1, 63, NULL, 0, 1, 0, 6, 0, 0, '', '', '', '', 1, '2024-02-11 20:24:48', '2024-02-11 20:24:48', NULL),
	(5648, '45160000', 2, NULL, '15 de Novembro', 323, 1, NULL, 9, 0, 1, 0, 7, 0, 0, '', '', '', '', 1, '2024-02-12 09:51:13', '2024-02-12 09:51:13', NULL),
	(5649, '45160000', 3, NULL, 'Comunidade', 323, 1, 64, NULL, 0, 1, 0, 5, 0, 0, '', '', '', '', 1, '2024-02-16 19:12:11', '2024-02-16 19:12:11', NULL),
	(5650, '45160000', 2, NULL, 'Vicente Vieira', 323, 1, NULL, 9, 0, 0, 0, 6, 0, 0, '', '', '', '', 1, '2024-02-19 14:38:25', '2024-02-19 14:38:25', NULL),
	(5651, '45160000', 2, NULL, 'Rua Arli Alves da Rocha', 323, 1, NULL, 10, 1, 0, 0, 6, 0, 0, '', '', '', '', 1, '2024-02-19 17:32:04', '2024-02-19 17:32:04', NULL),
	(5652, '45160000', 2, NULL, ' Arli Alves da Rocha', 323, 1, NULL, 10, 1, 0, 0, 6, 0, 0, '', '', '', '', 1, '2024-02-19 17:34:29', '2024-02-19 17:34:29', NULL),
	(5653, '45160000', 2, NULL, 'ANIBAL CERQUEIRA GOMES', 323, 1, NULL, 9, 0, 0, 0, 6, 0, 0, '', '', '', '', 1, '2024-02-20 11:46:45', '2024-02-20 11:46:45', NULL),
	(5654, '45160000', 2, NULL, 'ADEMÁRIO PINHEIRO', 323, 1, NULL, 9, 1, 1, 0, 7, 0, 0, '', '', '', '', 1, '2024-02-20 12:31:53', '2024-02-20 12:31:53', NULL),
	(5655, '45160000', 2, NULL, 'GILENO FERRAZ DE ANDRADE', 323, 1, NULL, 4, 0, 0, 0, 6, 0, 0, '', '', '', '', 1, '2024-02-21 19:28:36', '2024-02-21 19:28:36', NULL),
	(5656, '45160000', 2, NULL, 'PAULO FREIRE', 323, 1, NULL, 9, 0, 0, 0, 6, 0, 0, '', '', '', '', 1, '2024-02-26 11:57:46', '2024-02-26 11:57:46', NULL),
	(5657, '45160000', 2, NULL, ' Arli Alves da Rocha', 323, 1, NULL, 10, 1, 0, 0, 6, 0, 0, '', '', '', '', 1, '2024-02-26 12:42:05', '2024-02-26 12:42:05', NULL),
	(5658, '45160000', 2, NULL, 'OLÍMPIO MENDES', 323, 1, NULL, 9, 0, 0, 0, 6, 0, 0, '', '', '', '', 1, '2024-02-27 18:20:52', '2024-02-27 18:20:52', NULL),
	(5659, '45160000', 3, NULL, 'COMUNIDADE ', 323, 1, 64, NULL, 0, 1, 0, 5, 0, 0, '', '', '', '', 1, '2024-02-27 18:41:46', '2024-02-27 18:41:46', NULL),
	(5660, '45160000', 2, NULL, 'Edvaldo Flores', 323, 1, NULL, 9, 0, 1, 0, 6, 0, 0, '', '', '', '', 1, '2024-02-28 16:10:11', '2024-02-28 16:10:11', NULL),
	(5661, '45160000', 2, NULL, 'Bom Jardim', 323, 1, NULL, 2, 0, 1, 0, 7, 0, 0, '', '', '', '', 1, '2024-02-28 16:47:12', '2024-02-28 16:47:12', NULL),
	(5662, '45160000', 2, NULL, ' Bom Jardim', 323, 1, NULL, 2, 0, 1, 0, 7, 0, 0, '', '', '', '', 1, '2024-02-28 16:47:41', '2024-02-28 16:47:41', NULL),
	(5663, '45160000', 2, NULL, 'Saturnino Veira ', 323, 1, NULL, 9, 0, 1, 0, 7, 0, 0, '', '', '', '', 1, '2024-02-28 23:11:57', '2024-02-28 23:11:57', NULL),
	(5664, '45160000', 2, NULL, 'BOM JARDIM', 323, 1, NULL, 9, 1, 1, 0, 7, 0, 0, '', '', '', '', 1, '2024-03-05 14:17:18', '2024-03-05 14:17:18', NULL),
	(5665, '45160000', 2, NULL, 'Adélia Ferraz Almeida', 323, 1, NULL, 1, 0, 0, 0, 6, 0, 0, '', '', '', '', 1, '2024-03-05 18:21:51', '2024-03-05 18:21:51', NULL),
	(5666, '45160000', 2, NULL, 'Rufino Alves do Prado', 323, 1, NULL, 4, 1, 1, 0, 6, 0, 0, '', '', '', '', 1, '2024-04-05 13:47:04', '2024-04-05 13:47:04', NULL),
	(5667, '45160000', 2, NULL, 'Haroldo F. de Oliveira', 323, 1, NULL, 10, 1, 1, 0, 6, 0, 0, '', '', '', '', 1, '2024-04-06 19:53:13', '2024-04-06 19:53:13', NULL),
	(5668, '45160000', 3, NULL, 'Comunidade', 323, 1, 25, NULL, 0, 1, 0, 5, 0, 0, '', '', '', '', 1, '2024-04-24 21:04:24', '2024-04-24 21:04:24', NULL),
	(5669, '45160000', 3, NULL, 'Comunidade', 323, 1, 23, NULL, 0, 0, 0, 5, 0, 0, '', '', '', '', 1, '2024-04-24 21:46:34', '2024-04-24 21:46:34', NULL),
	(5670, '45160000', 2, NULL, 'Florentino Santos Soares', 323, 1, NULL, 1, 0, 1, 0, 6, 0, 0, '-15.03512916687107', '-41.26627518655221', '', '', 1, '2024-05-06 16:48:02', '2024-05-06 16:48:02', NULL),
	(5671, '45160000', 2, NULL, ' Bom Jardim', 323, 1, NULL, 2, 0, 1, 0, 7, 0, 0, '', '', '', '', 1, '2024-05-13 14:13:16', '2024-05-13 14:13:16', NULL),
	(5672, '45160000', 2, NULL, ' Bom Jardim', 323, 1, NULL, 9, 0, 1, 0, 7, 0, 0, '', '', '', '', 1, '2024-05-13 14:13:16', '2024-05-13 14:13:16', NULL),
	(5673, '45160000', 2, NULL, 'BOM JARDIM', 323, 1, NULL, 2, 1, 1, 0, 7, 0, 0, '', '', '', '', 1, '2024-05-13 14:13:33', '2024-05-13 14:13:33', NULL),
	(5674, '45160000', 2, NULL, 'BOM JARDIM', 323, 1, NULL, 9, 1, 1, 0, 7, 0, 0, '', '', '', '', 1, '2024-05-13 14:13:33', '2024-05-13 14:13:33', NULL),
	(5675, '45160000', 2, NULL, ' Bom Jardim', 323, 1, NULL, 2, 0, 1, 0, 7, 0, 0, '', '', '', '', 1, '2024-05-13 14:13:58', '2024-05-13 14:13:58', NULL),
	(5676, '45160000', 2, NULL, ' Bom Jardim', 323, 1, NULL, 9, 0, 1, 0, 7, 0, 0, '', '', '', '', 1, '2024-05-13 14:13:58', '2024-05-13 14:13:58', NULL),
	(5677, '45160000', 3, NULL, ' Bom Jardim', 323, 1, NULL, NULL, 0, 1, 0, 7, 0, 0, '', '', '', '', 1, '2024-05-13 14:14:27', '2024-05-13 14:14:27', NULL),
	(5678, '45160000', 2, NULL, 'Lauro Flores', 323, 1, NULL, 9, 0, 0, 0, 6, 0, 0, '', '', '', '', 1, '2024-05-13 14:15:21', '2024-05-13 14:15:21', NULL),
	(5679, '45160000', 3, NULL, 'Comunidade', 323, 1, 51, NULL, 0, 1, 0, 5, 0, 0, '', '', '', '', 1, '2024-06-19 12:23:51', '2024-06-19 12:23:51', NULL),
	(5680, '45160000', 2, NULL, 'ARMANDO FERRAZ', 323, 1, NULL, 9, 0, 0, 0, 6, 0, 0, '', '', '', '', 1, '2024-08-05 08:54:51', '2024-08-05 08:54:51', NULL),
	(5681, '45160000', 3, NULL, 'comunidade', 323, 1, 68, NULL, 0, 1, 0, 5, 0, 0, '', '', '', '', 1, '2024-09-22 09:06:16', '2024-09-22 09:06:16', NULL),
	(5682, '45160000', 3, NULL, 'Comunidade', 323, 1, 69, NULL, 0, 1, 0, 5, 0, 0, '', '', '', '', 1, '2024-09-22 09:35:14', '2024-09-22 09:35:14', NULL),
	(5683, '45160000', 3, NULL, 'Comunidade', 323, 1, 17, NULL, 0, 1, 0, 6, 0, 0, '', '', '', '', 1, '2024-09-22 10:20:19', '2024-09-22 10:20:19', NULL),
	(5684, '45160000', 3, NULL, 'Comunidade', 323, 1, 56, NULL, 0, 1, 0, 6, 0, 0, '', '', '', '', 1, '2024-09-22 10:23:17', '2024-09-22 10:23:17', NULL),
	(5685, '45160000', 3, NULL, 'Comunidade', 323, 1, 70, NULL, 0, 1, 0, 6, 0, 0, '', '', '', '', 1, '2024-09-22 10:25:46', '2024-09-22 10:25:46', NULL),
	(5686, '45160000', 3, NULL, 'Comunidade', 323, 1, 39, NULL, 0, 1, 0, 6, 0, 0, '', '', '', '', 1, '2024-09-22 10:36:44', '2024-09-22 10:36:44', NULL),
	(5687, '45160000', 2, NULL, ' Arli Alves da Rocha', 323, 1, NULL, 10, 1, 0, 0, 6, 0, 0, '-15.0274048', '-41.2483584', '-15.0274048', '-41.2483584', 1, '2024-10-23 10:27:59', '2024-10-23 10:27:59', NULL),
	(5688, '45160000', 2, NULL, ' Arli Alves da Rocha', 323, 1, NULL, 10, 1, 0, 0, 6, 0, 0, '-15.0274048', '-41.2483584', '-15.0274048', '-41.2483584', 1, '2024-10-23 10:27:59', '2024-10-23 10:27:59', NULL),
	(5689, '45160000', 2, NULL, 'Castelo Branco', 323, 1, NULL, 5, 1, 1, 0, 6, 0, 0, '-15.0294265', '-41.2545331', '-15.0294265', '-41.2545331', 1, '2024-11-22 10:42:59', '2024-11-22 10:42:59', NULL),
	(5690, '45160000', 2, NULL, 'Castelo Branco', 323, 1, NULL, 9, 1, 1, 0, 6, 0, 0, '-15.0294265', '-41.2545331', '-15.0294265', '-41.2545331', 1, '2024-11-22 10:42:59', '2024-11-22 10:42:59', NULL),
	(5691, '45160000', 2, NULL, 'João Pessoa', 323, 1, NULL, 9, 1, 1, 0, 6, 20, 20, '-14.9028864', '-40.8354816', '-14.9028864', '-40.8354816', 1, '2025-03-12 00:28:39', '2025-03-12 00:28:39', NULL),
	(5692, '45160000', 2, NULL, 'João Pessoa', 323, 1, NULL, 9, 1, 1, 0, 6, 20, 20, '-14.9028864', '-40.8354816', '-14.9028864', '-40.8354816', 1, '2025-03-12 00:28:39', '2025-03-12 00:28:39', NULL);

-- Copiando estrutura para tabela u690128405_role.base_ruas_prefixos
CREATE TABLE IF NOT EXISTS `base_ruas_prefixos` (
  `prefixo_id` int(10) unsigned NOT NULL AUTO_INCREMENT,
  `nome` varchar(100) NOT NULL,
  `sigla` varchar(10) DEFAULT NULL,
  `status` int(11) NOT NULL DEFAULT 1,
  `created_at` timestamp NOT NULL DEFAULT current_timestamp(),
  PRIMARY KEY (`prefixo_id`)
) ENGINE=InnoDB AUTO_INCREMENT=8 DEFAULT CHARSET=utf8mb4 COLLATE=utf8mb4_general_ci;

-- Copiando dados para a tabela u690128405_role.base_ruas_prefixos: ~7 rows (aproximadamente)
INSERT INTO `base_ruas_prefixos` (`prefixo_id`, `nome`, `sigla`, `status`, `created_at`) VALUES
	(1, 'Rua', 'R', 1, '2025-12-29 11:33:34'),
	(2, 'Avenida', 'Av', 1, '2025-12-29 11:33:34'),
	(3, 'Travessa', 'Tv', 1, '2025-12-29 11:33:34'),
	(4, 'Praça', 'Pç', 1, '2025-12-29 11:33:34'),
	(5, 'Alameda', 'Al', 1, '2025-12-29 11:33:34'),
	(6, 'Largo', 'Lg', 1, '2025-12-29 11:33:34'),
	(7, 'Vila', 'Vl', 1, '2025-12-29 11:33:34');

-- Copiando estrutura para tabela u690128405_role.cache
CREATE TABLE IF NOT EXISTS `cache` (
  `key` varchar(255) NOT NULL,
  `value` mediumtext NOT NULL,
  `expiration` int(11) NOT NULL,
  PRIMARY KEY (`key`),
  KEY `cache_expiration_index` (`expiration`)
) ENGINE=InnoDB DEFAULT CHARSET=utf8mb4 COLLATE=utf8mb4_unicode_ci;

-- Copiando dados para a tabela u690128405_role.cache: ~0 rows (aproximadamente)

-- Copiando estrutura para tabela u690128405_role.cache_locks
CREATE TABLE IF NOT EXISTS `cache_locks` (
  `key` varchar(255) NOT NULL,
  `owner` varchar(255) NOT NULL,
  `expiration` int(11) NOT NULL,
  PRIMARY KEY (`key`),
  KEY `cache_locks_expiration_index` (`expiration`)
) ENGINE=InnoDB DEFAULT CHARSET=utf8mb4 COLLATE=utf8mb4_unicode_ci;

-- Copiando dados para a tabela u690128405_role.cache_locks: ~0 rows (aproximadamente)

-- Copiando estrutura para tabela u690128405_role.ci_sessions
CREATE TABLE IF NOT EXISTS `ci_sessions` (
  `id` varchar(128) NOT NULL,
  `ip_address` varchar(45) NOT NULL,
  `timestamp` int(10) unsigned NOT NULL DEFAULT 0,
  `data` blob NOT NULL,
  PRIMARY KEY (`id`),
  KEY `timestamp` (`timestamp`)
) ENGINE=InnoDB DEFAULT CHARSET=utf8mb4 COLLATE=utf8mb4_general_ci;

-- Copiando dados para a tabela u690128405_role.ci_sessions: ~482 rows (aproximadamente)
INSERT INTO `ci_sessions` (`id`, `ip_address`, `timestamp`, `data`) VALUES
	('ci_session:002170446fc239381a1de753f2f9d3ac', '74.7.227.130', 4294967295, _binary 0x5f5f63695f6c6173745f726567656e65726174657c693a313737303235383133333b637372665f746573745f6e616d657c733a33323a226339376632396132333238303039646435343630356536333039356534646637223b5f63695f70726576696f75735f75726c7c733a32333a2268747470733a2f2f726f6c657362722e636f6d2e62722f223b),
	('ci_session:0104830b1cd86873aa003ddd12ce6b6a', '34.187.155.59', 4294967295, _binary 0x5f5f63695f6c6173745f726567656e65726174657c693a313737303038383433363b637372665f746573745f6e616d657c733a33323a226637326137353863366162326163616631306532373232326562393436613765223b),
	('ci_session:017fcbc6c7f7dd2f8d1484d0f5a07f40', '69.171.234.3', 4294967295, _binary 0x5f5f63695f6c6173745f726567656e65726174657c693a313737303036313230323b637372665f746573745f6e616d657c733a33323a223634323431646237653366383364303930663133646661643536386262383865223b),
	('ci_session:026574e305a7b6559d45546b63384f34', '69.171.249.10', 4294967295, _binary 0x5f5f63695f6c6173745f726567656e65726174657c693a313737303136323538323b637372665f746573745f6e616d657c733a33323a223164333964356435386664313639336535663933383737313837613364316231223b5f63695f70726576696f75735f75726c7c733a3137313a2268747470733a2f2f726f6c657362722e636f6d2e62722f3f6662636c69643d49775a58683062674e685a5730434d54454163334a3059775a68634842666157514d4d6a55324d6a67784d4451774e54553441414565357a7449747172484535387271665759554c457067694c59375649795343326c6f6163615f6f6e5439474754464f596875773850614870504a41635f61656d5f5f594633396d4b3361476a7039385936724d32795f77223b),
	('ci_session:034248b1a306a1e700089b126546589b', '183.207.48.170', 4294967295, _binary 0x5f5f63695f6c6173745f726567656e65726174657c693a313737303938313233353b637372665f746573745f6e616d657c733a33323a223737376265366237636264396361323738383233333334306361633733356138223b5f63695f70726576696f75735f75726c7c733a32383a2268747470733a2f2f726f6c657362722e636f6d2e62722f6275736361223b),
	('ci_session:034939ef14fef77fdf3a3452b48c581a', '34.174.163.33', 4294967295, _binary 0x5f5f63695f6c6173745f726567656e65726174657c693a313737303938323935383b637372665f746573745f6e616d657c733a33323a226536353934646632643937643438663336613936303862643131663234313066223b5f63695f70726576696f75735f75726c7c733a32333a2268747470733a2f2f726f6c657362722e636f6d2e62722f223b),
	('ci_session:0364c83e1a7e7243b9934860bd18a612', '167.114.139.139', 4294967295, _binary 0x5f5f63695f6c6173745f726567656e65726174657c693a313737303936383235373b637372665f746573745f6e616d657c733a33323a223538623761366434396236356638313861373135346537653439666230613637223b5f63695f70726576696f75735f75726c7c733a33303a2268747470733a2f2f726f6c657362722e636f6d2e62722f6576656e746f73223b),
	('ci_session:053c3a150e783a52575c7cbd9a2c5462', '69.63.189.13', 4294967295, _binary 0x5f5f63695f6c6173745f726567656e65726174657c693a313737303037343234303b637372665f746573745f6e616d657c733a33323a223232616336613934353339643531376665633838336431613063633733316131223b5f63695f70726576696f75735f75726c7c733a35343a2268747470733a2f2f726f6c657362722e636f6d2e62722f6261722f33372d6b6172616f6b652d74657175696c61732d6f66696369616c223b),
	('ci_session:0660703037f92f903fe092d72ad4fb1b', '205.210.31.35', 4294967295, _binary 0x5f5f63695f6c6173745f726567656e65726174657c693a313737313136393633393b637372665f746573745f6e616d657c733a33323a226633373737353639376264303132303830623931656338373461306636323331223b5f63695f70726576696f75735f75726c7c733a32333a2268747470733a2f2f726f6c657362722e636f6d2e62722f223b),
	('ci_session:06761b3318ad2d5d400fb310e22abce2', '51.222.95.187', 4294967295, _binary 0x5f5f63695f6c6173745f726567656e65726174657c693a313737313136373033313b637372665f746573745f6e616d657c733a33323a226536663038366634626261646339393034643761363839653862366661316139223b),
	('ci_session:06eec913d4faba202cb370c6c1fa9ac6', '51.222.168.151', 4294967295, _binary 0x5f5f63695f6c6173745f726567656e65726174657c693a313737313232303436383b637372665f746573745f6e616d657c733a33323a226436306336333936663233653562356265616361336334343561313265386632223b5f63695f70726576696f75735f75726c7c733a35393a2268747470733a2f2f726f6c657362722e636f6d2e62722f6261722f31392d63686179656e6e2d6368612d636f6d2d616c6d612d6f7269656e74616c223b),
	('ci_session:0786967020d11980b61b33a748652447', '66.249.85.98', 4294967295, _binary 0x5f5f63695f6c6173745f726567656e65726174657c693a313737303036333539353b637372665f746573745f6e616d657c733a33323a223661386634306431623735643631656437343935343331306665306631396666223b5f63695f70726576696f75735f75726c7c733a34343a2268747470733a2f2f726f6c657362722e636f6d2e62722f6261722f31362d65737061636f2d6176656e696461223b),
	('ci_session:08506bcd537ab92a4091e971c88ede35', '66.249.88.166', 4294967295, _binary 0x5f5f63695f6c6173745f726567656e65726174657c693a313737303530363435303b637372665f746573745f6e616d657c733a33323a226633613265623163363566393234326532366236663638373936376431346231223b5f63695f70726576696f75735f75726c7c733a32333a2268747470733a2f2f726f6c657362722e636f6d2e62722f223b),
	('ci_session:0855bad8e38441f69b61cf969c7bfc66', '66.249.88.166', 4294967295, _binary 0x5f5f63695f6c6173745f726567656e65726174657c693a313737303333343530303b637372665f746573745f6e616d657c733a33323a223265313631636361633838646439393333646233396537616634303736313064223b5f63695f70726576696f75735f75726c7c733a34343a2268747470733a2f2f726f6c657362722e636f6d2e62722f6261722f31362d65737061636f2d6176656e696461223b),
	('ci_session:08f05ac1380bb4a9770845464fe92223', '205.169.39.31', 4294967295, _binary 0x5f5f63695f6c6173745f726567656e65726174657c693a313737313036323434323b637372665f746573745f6e616d657c733a33323a223637396536343865666163303035396535316262396230663664376537366266223b),
	('ci_session:09871a1a0c64ed3c972beef7542f81ea', '5.255.231.93', 4294967295, _binary 0x5f5f63695f6c6173745f726567656e65726174657c693a313737303339343932353b637372665f746573745f6e616d657c733a33323a223831313366383366633238346232383534313232663139393338383864373537223b5f63695f70726576696f75735f75726c7c733a32333a2268747470733a2f2f616368656973702e6f6e6c696e652f223b),
	('ci_session:099e336647df99a3ca1903953bd9083e', '::1', 4294967295, _binary 0x5f5f63695f6c6173745f726567656e65726174657c693a313737303035363031303b637372665f746573745f6e616d657c733a33323a223161666665653464636439656464626363646263373336663162643836306465223b5f63695f70726576696f75735f75726c7c733a32363a2268747470733a2f2f726f6c65732e746573742f6576656e746f73223b),
	('ci_session:0aae0b89a70efc51921473b409c655ec', '66.249.88.166', 4294967295, _binary 0x5f5f63695f6c6173745f726567656e65726174657c693a313737303037333634313b637372665f746573745f6e616d657c733a33323a223461383733383435353031346136393238613962333133383661313330303164223b5f63695f70726576696f75735f75726c7c733a35343a2268747470733a2f2f726f6c657362722e636f6d2e62722f6261722f33372d6b6172616f6b652d74657175696c61732d6f66696369616c223b),
	('ci_session:0c5d974acc5c21d3d0f6ecc125f5f554', '15.235.98.122', 4294967295, _binary 0x5f5f63695f6c6173745f726567656e65726174657c693a313737313231363836393b637372665f746573745f6e616d657c733a33323a223332613565353130386333343863393238616432326236303533663665646463223b5f63695f70726576696f75735f75726c7c733a34333a2268747470733a2f2f726f6c657362722e636f6d2e62722f6261722f362d626f7465636f2d646f2d6a6f686e223b),
	('ci_session:0c712dcd11703da2c571328848557707', '54.39.210.149', 4294967295, _binary 0x5f5f63695f6c6173745f726567656e65726174657c693a313737313231353035313b637372665f746573745f6e616d657c733a33323a223433656537383630343863313961326566623536323463356166636336356430223b5f63695f70726576696f75735f75726c7c733a35313a2268747470733a2f2f726f6c657362722e636f6d2e62722f6261722f32352d726f64697a696f2d6c69626572646164652d323538223b),
	('ci_session:0e42b0e3c76d13faedc53c9f7123c08e', '183.207.48.170', 4294967295, _binary 0x5f5f63695f6c6173745f726567656e65726174657c693a313737303938313233343b637372665f746573745f6e616d657c733a33323a226339383139306133396538333732326636313538633734653164663530316131223b5f63695f70726576696f75735f75726c7c733a33303a2268747470733a2f2f726f6c657362722e636f6d2e62722f6576656e746f73223b),
	('ci_session:0e640fc0aea3fbfebe556fb0fd6313c7', '54.39.136.11', 4294967295, _binary 0x5f5f63695f6c6173745f726567656e65726174657c693a313737313231393637333b637372665f746573745f6e616d657c733a33323a223261656131373763656366646635613162336232623864363634313431623536223b5f63695f70726576696f75735f75726c7c733a35303a2268747470733a2f2f726f6c657362722e636f6d2e62722f6261722f31382d6c657474696572652d646976756c6761636f6573223b),
	('ci_session:0e99f2ebbcc8f1105321688017431150', '191.181.56.244', 4294967295, _binary 0x5f5f63695f6c6173745f726567656e65726174657c693a313737303239383536303b637372665f746573745f6e616d657c733a33323a226437313735613935383032333165303332333733643363623063323538623466223b5f63695f70726576696f75735f75726c7c733a3236353a2268747470733a2f2f726f6c657362722e636f6d2e62722f616c62756d2f312d73657274616e656a6f2d7072696d653f75746d5f736f757263653d69672675746d5f6d656469756d3d736f6369616c2675746d5f636f6e74656e743d6c696e6b5f696e5f62696f266662636c69643d50416232316a6341506b79516c6c654852754132466c625149784d51427a636e526a426d4677634639705a4138314e6a63774e6a637a4e444d7a4e5449304d6a634141616463787651386f6f4e703174344c51554e51763271517178376f584b43457658494378547a71302d34775872744b455848426d7a41624434494979415f61656d5f496a50625637356c6a69453931517830536d6e523177223b),
	('ci_session:0e9ef019ba1bda0752d73e6d25978c75', '217.113.194.82', 4294967295, _binary 0x5f5f63695f6c6173745f726567656e65726174657c693a313737303937343636373b637372665f746573745f6e616d657c733a33323a223563326439366534623030613332396463316538633866353433366165376665223b5f63695f70726576696f75735f75726c7c733a32383a2268747470733a2f2f726f6c657362722e636f6d2e62722f6275736361223b),
	('ci_session:0f4da2de2f1fe4a14097b95bec7d450e', '54.237.30.198', 4294967295, _binary 0x5f5f63695f6c6173745f726567656e65726174657c693a313737303231373937373b637372665f746573745f6e616d657c733a33323a223436633235613666306139663735383936613639613930623066386465616137223b5f63695f70726576696f75735f75726c7c733a32333a2268747470733a2f2f726f6c657362722e636f6d2e62722f223b),
	('ci_session:0f4fd5c432e8d6a5a5ceae724a7d064b', '66.249.88.166', 4294967295, _binary 0x5f5f63695f6c6173745f726567656e65726174657c693a313737303133393836313b637372665f746573745f6e616d657c733a33323a223237653539623665356131353734616166346465616433333262356161386265223b5f63695f70726576696f75735f75726c7c733a33333a2268747470733a2f2f726f6c657362722e636f6d2e62722f6261722f31372d6d2d73223b),
	('ci_session:0fd41073c0f1db6bdef7f353fac4af60', '217.113.196.39', 4294967295, _binary 0x5f5f63695f6c6173745f726567656e65726174657c693a313737303631323035383b637372665f746573745f6e616d657c733a33323a223265643464623037356264383930633164616665303738376632653838376536223b5f63695f70726576696f75735f75726c7c733a33323a2268747470733a2f2f726f6c657362722e636f6d2e62722f696e67726573736f73223b),
	('ci_session:104ab126e7930971521d0f380594aafa', '177.115.24.145', 4294967295, _binary 0x5f5f63695f6c6173745f726567656e65726174657c693a313737303035323730353b637372665f746573745f6e616d657c733a33323a223331646237363462383262626532393962306234333364306363376138643164223b72656469726563745f75726c7c733a33373a2268747470733a2f2f726f6c657362722e636f6d2e62722f64617368626f6172642f75736572223b6572726f727c733a35333a22566f63c3aa2070726563697361206573746172206c6f6761646f2070617261206163657373617220657374612070c3a167696e612e223b5f5f63695f766172737c613a313a7b733a353a226572726f72223b733a333a226e6577223b7d),
	('ci_session:105e6df427042993c3d774c34fd1ec68', '149.57.180.144', 4294967295, _binary 0x5f5f63695f6c6173745f726567656e65726174657c693a313737303933333831343b637372665f746573745f6e616d657c733a33323a223132653162373032326238633439643937623835663830383537336463663330223b5f63695f70726576696f75735f75726c7c733a32373a2268747470733a2f2f7777772e726f6c657362722e636f6d2e62722f223b),
	('ci_session:10f064bf84f171af0b158a0f8b82bf33', '49.37.112.201', 4294967295, _binary 0x5f5f63695f6c6173745f726567656e65726174657c693a313737303430353139353b637372665f746573745f6e616d657c733a33323a223262623162393666636537633833386162326538643731393665643363363236223b5f63695f70726576696f75735f75726c7c733a32333a2268747470733a2f2f726f6c657362722e636f6d2e62722f223b),
	('ci_session:110a3dedb9a780151bd3ac475c822a00', '54.39.203.74', 4294967295, _binary 0x5f5f63695f6c6173745f726567656e65726174657c693a313737313231393836323b637372665f746573745f6e616d657c733a33323a226366636562333066663433623738363333343263303739383030373531356333223b),
	('ci_session:12095da5a180e2c477f76a7fede9ad6e', '34.96.52.72', 4294967295, _binary 0x5f5f63695f6c6173745f726567656e65726174657c693a313737313235323439313b637372665f746573745f6e616d657c733a33323a223234333331393831373163343639396163366535323764366632313565316161223b5f63695f70726576696f75735f75726c7c733a32333a2268747470733a2f2f726f6c657362722e636f6d2e62722f223b),
	('ci_session:122b7c206ecf7a3899fb3f7bf25c1873', '189.46.34.31', 4294967295, _binary 0x5f5f63695f6c6173745f726567656e65726174657c693a313737303930373937363b637372665f746573745f6e616d657c733a33323a226331343732353665336461613663393233343631306137343038343936396336223b5f63695f70726576696f75735f75726c7c733a32333a2268747470733a2f2f726f6c657362722e636f6d2e62722f223b),
	('ci_session:123307e4e28713f3fcb23f748f45b41b', '142.44.220.161', 4294967295, _binary 0x5f5f63695f6c6173745f726567656e65726174657c693a313737303439323032373b637372665f746573745f6e616d657c733a33323a223236346165643962333663306165636339323637343130363035333366656131223b5f63695f70726576696f75735f75726c7c733a33393a2268747470733a2f2f726f6c657362722e636f6d2e62722f6573746162656c6563696d656e746f73223b),
	('ci_session:12f84828490a48a544ac13011e77c42e', '15.235.98.24', 4294967295, _binary 0x5f5f63695f6c6173745f726567656e65726174657c693a313737303439363935393b637372665f746573745f6e616d657c733a33323a226466613637376163303765653733653836663738636461323433616666646162223b5f63695f70726576696f75735f75726c7c733a33323a2268747470733a2f2f726f6c657362722e636f6d2e62722f696e67726573736f73223b),
	('ci_session:135324a12d423ffe6c8fc68909b89a84', '35.84.25.161', 4294967295, _binary 0x5f5f63695f6c6173745f726567656e65726174657c693a313737303738303534323b637372665f746573745f6e616d657c733a33323a223830666638663239663330376466353033353963646430303831643964616133223b5f63695f70726576696f75735f75726c7c733a32333a2268747470733a2f2f726f6c657362722e636f6d2e62722f223b),
	('ci_session:148230bd456ec592e25bcd9702f366f6', '93.158.90.74', 4294967295, _binary 0x5f5f63695f6c6173745f726567656e65726174657c693a313737313138353733333b637372665f746573745f6e616d657c733a33323a223164303364633166346166613237396434633333353931356336343864643338223b5f63695f70726576696f75735f75726c7c733a32333a2268747470733a2f2f726f6c657362722e636f6d2e62722f223b),
	('ci_session:1581f83bd19ed30c866f7d4c6d3fe473', '185.143.9.228', 4294967295, _binary 0x5f5f63695f6c6173745f726567656e65726174657c693a313737303236353634323b637372665f746573745f6e616d657c733a33323a223030333330383335383162343438393365323830646431353932306339343338223b5f63695f70726576696f75735f75726c7c733a32333a2268747470733a2f2f726f6c657362722e636f6d2e62722f223b),
	('ci_session:159262d4b170bfe6d90408be0afe3dce', '183.207.48.170', 4294967295, _binary 0x5f5f63695f6c6173745f726567656e65726174657c693a313737303938313233393b637372665f746573745f6e616d657c733a33323a223464343538316337343761333430636139386661663736393130323333383963223b5f63695f70726576696f75735f75726c7c733a33303a2268747470733a2f2f726f6c657362722e636f6d2e62722f73746f72696573223b),
	('ci_session:15a7d2cb64f3ffe4cb37d8e3a457c83b', '54.175.228.106', 4294967295, _binary 0x5f5f63695f6c6173745f726567656e65726174657c693a313737303133303137323b637372665f746573745f6e616d657c733a33323a226138373338393666613037623066386330623039306566393138633434383063223b5f63695f70726576696f75735f75726c7c733a32333a2268747470733a2f2f726f6c657362722e636f6d2e62722f223b),
	('ci_session:15f2a719832b013ec88da6dfc2fd93ef', '177.115.24.145', 4294967295, _binary 0x5f5f63695f6c6173745f726567656e65726174657c693a313737303035313538363b637372665f746573745f6e616d657c733a33323a226432643662313366306433363162643538656661373138336230383666346230223b5f63695f70726576696f75735f75726c7c733a36323a2268747470733a2f2f726f6c657362722e636f6d2e62722f64617368626f6172642f61646d696e2f6573746162656c6563696d656e746f732f637265617465223b757365725f69647c733a323a223237223b6e616d657c733a31323a224d61737465722041646d696e223b656d61696c7c733a31373a226d6173746572406d61737465722e636f6d223b726f6c657c733a353a2261646d696e223b747970655f757365727c693a333b6c6f676765647c623a313b6c6f67696e5f74696d657c693a313737303035313630343b),
	('ci_session:1702a74824b513198b37ee25ae6c9586', '173.252.95.115', 4294967295, _binary 0x5f5f63695f6c6173745f726567656e65726174657c693a313737303037333838393b637372665f746573745f6e616d657c733a33323a226333373536366566326535316439643863613239316630633935323330346339223b5f63695f70726576696f75735f75726c7c733a35343a2268747470733a2f2f726f6c657362722e636f6d2e62722f6261722f33372d6b6172616f6b652d74657175696c61732d6f66696369616c223b),
	('ci_session:1725c232348d71a02dfa80d8d51d29f3', '191.19.12.109', 4294967295, _binary 0x5f5f63695f6c6173745f726567656e65726174657c693a313737303136353139323b637372665f746573745f6e616d657c733a33323a226165363432333037386236383730396463353839386361343462313332336364223b5f63695f70726576696f75735f75726c7c733a34323a2268747470733a2f2f726f6c657362722e636f6d2e62722f64617368626f6172642f696e67726573736f73223b757365725f69647c733a323a223235223b6e616d657c733a31383a22416c6578616e647265204c65747469657265223b656d61696c7c733a32323a22616c652e6c6574746965726540676d61696c2e636f6d223b726f6c657c733a363a22636c69656e74223b747970655f757365727c693a323b6c6f676765647c623a313b6c6f67696e5f74696d657c693a313737303136353232303b),
	('ci_session:1773db24ab7143a8bcd79ae780a96c01', '31.13.127.5', 4294967295, _binary 0x5f5f63695f6c6173745f726567656e65726174657c693a313737303039313830353b637372665f746573745f6e616d657c733a33323a226662333633343561356235356237313633393363343263303363373039306632223b),
	('ci_session:1871b501d60fc448e63f61e28b70c80b', '183.207.48.170', 4294967295, _binary 0x5f5f63695f6c6173745f726567656e65726174657c693a313737303938313231303b5f5f63695f766172737c613a303a7b7d637372665f746573745f6e616d657c733a33323a226439323266376330383234303030623638653035636432316462333765663463223b5f63695f70726576696f75735f75726c7c733a33333a2268747470733a2f2f726f6c657362722e636f6d2e62722f617574682f6c6f67696e223b),
	('ci_session:190069fdea5b80a506aed05643f82ea7', '183.207.48.170', 4294967295, _binary 0x5f5f63695f6c6173745f726567656e65726174657c693a313737303938313233333b5f5f63695f766172737c613a303a7b7d637372665f746573745f6e616d657c733a33323a226531633162313962663632656630366138303964663439366135383961633339223b5f63695f70726576696f75735f75726c7c733a33333a2268747470733a2f2f726f6c657362722e636f6d2e62722f617574682f6c6f67696e223b),
	('ci_session:198daa89ab051b42c0335d934c84e9db', '51.222.95.195', 4294967295, _binary 0x5f5f63695f6c6173745f726567656e65726174657c693a313737303531363537313b637372665f746573745f6e616d657c733a33323a226530613764653937393436366230663864313234336639376166623865363464223b5f63695f70726576696f75735f75726c7c733a32333a2268747470733a2f2f726f6c657362722e636f6d2e62722f223b),
	('ci_session:19f7ace823e5608d21135cc773ffee5f', '51.222.168.169', 4294967295, _binary 0x5f5f63695f6c6173745f726567656e65726174657c693a313737303937313837373b637372665f746573745f6e616d657c733a33323a226230326165383834656664626635356336306139623135343632383834306438223b5f63695f70726576696f75735f75726c7c733a33393a2268747470733a2f2f726f6c657362722e636f6d2e62722f6573746162656c6563696d656e746f73223b),
	('ci_session:1a48f2f7e6445dbf5058cecbb0decc89', '148.113.130.147', 4294967295, _binary 0x5f5f63695f6c6173745f726567656e65726174657c693a313737313231353230333b637372665f746573745f6e616d657c733a33323a226261386362383138333032626163653862623531643163396637373463656563223b5f63695f70726576696f75735f75726c7c733a35313a2268747470733a2f2f726f6c657362722e636f6d2e62722f6576656e746f2f362d6261696c652d646f732d73657274616e656a6f223b),
	('ci_session:1a748b01382359ad858a4b3551ace770', '217.113.196.26', 4294967295, _binary 0x5f5f63695f6c6173745f726567656e65726174657c693a313737303631313834323b637372665f746573745f6e616d657c733a33323a226362353665303739613231626234643932343631646530636664636438386638223b5f63695f70726576696f75735f75726c7c733a33303a2268747470733a2f2f726f6c657362722e636f6d2e62722f73746f72696573223b),
	('ci_session:1d64175050c5d6801c3d7b07bb182f85', '66.249.88.167', 4294967295, _binary 0x5f5f63695f6c6173745f726567656e65726174657c693a313737303037333730323b637372665f746573745f6e616d657c733a33323a223361393339613630666463643764373937623139343239653165656231386430223b5f63695f70726576696f75735f75726c7c733a32333a2268747470733a2f2f726f6c657362722e636f6d2e62722f223b),
	('ci_session:1dc8c6cccb1460cf7d18a300661533fb', '66.249.85.98', 4294967295, _binary 0x5f5f63695f6c6173745f726567656e65726174657c693a313737303137323436333b637372665f746573745f6e616d657c733a33323a223661323330353463636337313664333037356333636132623132376233363464223b72656469726563745f75726c7c733a33323a2268747470733a2f2f726f6c657362722e636f6d2e62722f64617368626f617264223b6572726f727c733a35333a22566f63c3aa2070726563697361206573746172206c6f6761646f2070617261206163657373617220657374612070c3a167696e612e223b5f5f63695f766172737c613a313a7b733a353a226572726f72223b733a333a226e6577223b7d),
	('ci_session:1df3bc9b36631b68c8d34af905a4e518', '66.249.88.166', 4294967295, _binary 0x5f5f63695f6c6173745f726567656e65726174657c693a313737303037333639323b637372665f746573745f6e616d657c733a33323a223862333934623239656633323062666439326364396335636437306335366333223b5f63695f70726576696f75735f75726c7c733a33363a2268747470733a2f2f726f6c657362722e636f6d2e62722f6261722f32332d68696e6f6465223b),
	('ci_session:1e62ad6f2b5b4f7e31b1b154cff4d453', '183.207.48.170', 4294967295, _binary 0x5f5f63695f6c6173745f726567656e65726174657c693a313737303938313139313b637372665f746573745f6e616d657c733a33323a223961396662366164363132363332623639323737306335373234383935373064223b5f63695f70726576696f75735f75726c7c733a32333a2268747470733a2f2f726f6c657362722e636f6d2e62722f223b),
	('ci_session:1e6bbcde2d4c2d5bf2135220d449c665', '191.19.12.109', 4294967295, _binary 0x5f5f63695f6c6173745f726567656e65726174657c693a313737303037393434373b637372665f746573745f6e616d657c733a33323a223635626531616138636630653465646163353133303665303963363133373363223b5f63695f70726576696f75735f75726c7c733a36303a2268747470733a2f2f726f6c657362722e636f6d2e62722f64617368626f6172642f70657266696c2f706f7374732f31332f636f6d6d656e74732f7569223b757365725f69647c733a323a223235223b6e616d657c733a31383a22416c6578616e647265204c65747469657265223b656d61696c7c733a32323a22616c652e6c6574746965726540676d61696c2e636f6d223b726f6c657c733a363a22636c69656e74223b747970655f757365727c693a323b6c6f676765647c623a313b6c6f67696e5f74696d657c693a313737303037393434393b),
	('ci_session:1e800d8b201f3a626d7b642098602938', '217.113.194.90', 4294967295, _binary 0x5f5f63695f6c6173745f726567656e65726174657c693a313737303530383931303b637372665f746573745f6e616d657c733a33323a226265393161356334356361663334333536646335386437626537613765336332223b5f63695f70726576696f75735f75726c7c733a32333a2268747470733a2f2f726f6c657362722e636f6d2e62722f223b),
	('ci_session:1e99b83c649411776482e34565e5a1a6', '66.249.85.97', 4294967295, _binary 0x5f5f63695f6c6173745f726567656e65726174657c693a313737303037333435363b5f5f63695f766172737c613a303a7b7d637372665f746573745f6e616d657c733a33323a223162313736366561646131383664393936383037383961393532396130656161223b5f63695f70726576696f75735f75726c7c733a33333a2268747470733a2f2f726f6c657362722e636f6d2e62722f617574682f6c6f67696e223b),
	('ci_session:1f7f46245c9164049cde76e294c4d0eb', '183.207.48.170', 4294967295, _binary 0x5f5f63695f6c6173745f726567656e65726174657c693a313737303938313231343b637372665f746573745f6e616d657c733a33323a226262306662303761386434356136353630646138376662666435366363323431223b5f63695f70726576696f75735f75726c7c733a32393a2268747470733a2f2f726f6c657362722e636f6d2e62722f616c62756e73223b),
	('ci_session:1fcb7f33eceb96866e75f425015fd084', '66.249.83.5', 4294967295, _binary 0x5f5f63695f6c6173745f726567656e65726174657c693a313737303333343536303b637372665f746573745f6e616d657c733a33323a223736336563626135323339383033306363386136643030323233303962613163223b5f63695f70726576696f75735f75726c7c733a34333a2268747470733a2f2f726f6c657362722e636f6d2e62722f6261722f362d626f7465636f2d646f2d6a6f686e223b),
	('ci_session:1fd16296496c2ce9ab2799e4d5eba25c', '193.123.113.221', 4294967295, _binary 0x5f5f63695f6c6173745f726567656e65726174657c693a313737303334323233353b637372665f746573745f6e616d657c733a33323a226633353832386537306233323130336661636232633138366438613430626233223b5f63695f70726576696f75735f75726c7c733a32333a2268747470733a2f2f726f6c657362722e636f6d2e62722f223b),
	('ci_session:20221f2c58e1ea79dc31506ce1469dd3', '51.222.168.177', 4294967295, _binary 0x5f5f63695f6c6173745f726567656e65726174657c693a313737313230393935373b637372665f746573745f6e616d657c733a33323a226565396564326136636161323162643663323139373834306531353635393630223b),
	('ci_session:20393341ed9b5ec3eb47543339db21ea', '51.161.65.57', 4294967295, _binary 0x5f5f63695f6c6173745f726567656e65726174657c693a313737313033333138303b637372665f746573745f6e616d657c733a33323a226635653466653630313435666534363064633230363134393165663433343136223b5f63695f70726576696f75735f75726c7c733a33323a2268747470733a2f2f726f6c657362722e636f6d2e62722f696e67726573736f73223b),
	('ci_session:2091031e58f7aaa368628772b87550f6', '183.207.48.170', 4294967295, _binary 0x5f5f63695f6c6173745f726567656e65726174657c693a313737303938313235343b637372665f746573745f6e616d657c733a33323a223564323162343431616438336334616435386430653035643363303239653764223b72656469726563745f75726c7c733a33323a2268747470733a2f2f726f6c657362722e636f6d2e62722f64617368626f617264223b6572726f727c733a35333a22566f63c3aa2070726563697361206573746172206c6f6761646f2070617261206163657373617220657374612070c3a167696e612e223b5f5f63695f766172737c613a313a7b733a353a226572726f72223b733a333a226e6577223b7d),
	('ci_session:221e5743fcaf0ea7a93cbf3e5b0d1438', '177.115.24.145', 4294967295, _binary 0x5f5f63695f6c6173745f726567656e65726174657c693a313737303035323730353b5f5f63695f766172737c613a303a7b7d637372665f746573745f6e616d657c733a33323a226661326331303035633130393330333437343534633238366532656531626634223b5f63695f70726576696f75735f75726c7c733a33333a2268747470733a2f2f726f6c657362722e636f6d2e62722f617574682f6c6f67696e223b),
	('ci_session:22b0809ba89034da77105b54d52d69cc', '66.249.85.99', 4294967295, _binary 0x5f5f63695f6c6173745f726567656e65726174657c693a313737303133383534383b637372665f746573745f6e616d657c733a33323a223633356435363936373333303831383936623333346430373830623731633864223b72656469726563745f75726c7c733a33373a2268747470733a2f2f726f6c657362722e636f6d2e62722f64617368626f6172642f75736572223b6572726f727c733a35333a22566f63c3aa2070726563697361206573746172206c6f6761646f2070617261206163657373617220657374612070c3a167696e612e223b5f5f63695f766172737c613a313a7b733a353a226572726f72223b733a333a226e6577223b7d),
	('ci_session:22c620ac05a78c555a7c6fc9606cbd55', '217.113.194.147', 4294967295, _binary 0x5f5f63695f6c6173745f726567656e65726174657c693a313737303035323933303b637372665f746573745f6e616d657c733a33323a226230393132616533306561373331373638326236333138326165393535336164223b5f63695f70726576696f75735f75726c7c733a32333a2268747470733a2f2f616368656973702e6f6e6c696e652f223b),
	('ci_session:230393a3bf408d537d781070c60531a6', '191.181.56.244', 4294967295, _binary 0x5f5f63695f6c6173745f726567656e65726174657c693a313737303238313438383b637372665f746573745f6e616d657c733a33323a226335346430653564356666353334363335346231663530666166393534333165223b5f63695f70726576696f75735f75726c7c733a3236353a2268747470733a2f2f726f6c657362722e636f6d2e62722f616c62756d2f312d73657274616e656a6f2d7072696d653f75746d5f736f757263653d69672675746d5f6d656469756d3d736f6369616c2675746d5f636f6e74656e743d6c696e6b5f696e5f62696f266662636c69643d50416232316a6341506b79516c6c654852754132466c625149784d51427a636e526a426d4677634639705a4138314e6a63774e6a637a4e444d7a4e5449304d6a634141616463787651386f6f4e703174344c51554e51763271517178376f584b43457658494378547a71302d34775872744b455848426d7a41624434494979415f61656d5f496a50625637356c6a69453931517830536d6e523177223b),
	('ci_session:23c1eeed9281b71ebeec20a0a1edee6d', '91.231.89.23', 4294967295, _binary 0x5f5f63695f6c6173745f726567656e65726174657c693a313737313234383339353b637372665f746573745f6e616d657c733a33323a226362393961306535663364383931643537336634613035313435333865356430223b5f63695f70726576696f75735f75726c7c733a32333a2268747470733a2f2f726f6c657362722e636f6d2e62722f223b),
	('ci_session:247789743e1bd443b92295c23132768d', '193.123.113.221', 4294967295, _binary 0x5f5f63695f6c6173745f726567656e65726174657c693a313737303638373834393b637372665f746573745f6e616d657c733a33323a223839613133306162333564626166663832376561373061356661353963663761223b5f63695f70726576696f75735f75726c7c733a32333a2268747470733a2f2f726f6c657362722e636f6d2e62722f223b),
	('ci_session:24d76c7cd4623da8758d862193f8ef07', '74.7.227.167', 4294967295, _binary 0x5f5f63695f6c6173745f726567656e65726174657c693a313737303536343932323b637372665f746573745f6e616d657c733a33323a223561646661303438353634623236376639316639303438313239343638626335223b),
	('ci_session:253975d7cbdb7b0e76b7872b4d675212', '66.249.88.129', 4294967295, _binary 0x5f5f63695f6c6173745f726567656e65726174657c693a313737303438373436383b637372665f746573745f6e616d657c733a33323a223266343566323638356238343061633637366163333833643764613461613433223b5f63695f70726576696f75735f75726c7c733a32373a2268747470733a2f2f7777772e726f6c657362722e636f6d2e62722f223b),
	('ci_session:25535e6980ab6127de0fced4c789049d', '127.0.0.1', 4294967295, _binary 0x5f5f63695f6c6173745f726567656e65726174657c693a313737303035343335383b637372665f746573745f6e616d657c733a33323a223632333532313865303066623261396466666661646539363466653065313962223b72656469726563745f75726c7c733a33333a2268747470733a2f2f726f6c65732e746573742f64617368626f6172642f75736572223b6572726f727c733a35333a22566f63c3aa2070726563697361206573746172206c6f6761646f2070617261206163657373617220657374612070c3a167696e612e223b5f5f63695f766172737c613a313a7b733a353a226572726f72223b733a333a226e6577223b7d),
	('ci_session:25bc1b1b53fb755ccda84fafb980a76b', '74.7.241.46', 4294967295, _binary 0x5f5f63695f6c6173745f726567656e65726174657c693a313737303133313938393b637372665f746573745f6e616d657c733a33323a223663356365643234633762623230653866306537306663653636353536303233223b),
	('ci_session:25d06e49132db9db119b30e1427d6722', '205.169.39.31', 4294967295, _binary 0x637372665f746573745f6e616d657c733a33323a223161643935316263303664303065303766316162353936666535393537373564223b),
	('ci_session:26882d363a43606686998af2aa3d227f', '::1', 4294967295, _binary 0x5f5f63695f6c6173745f726567656e65726174657c693a313737303434333631343b637372665f746573745f6e616d657c733a33323a223831393938393630303061653238663861633863623930373061626530653432223b5f63695f70726576696f75735f75726c7c733a31393a2268747470733a2f2f726f6c65732e746573742f223b),
	('ci_session:26d5c3bb4a2a8da6d0fd54aef688f381', '66.220.149.1', 4294967295, _binary 0x5f5f63695f6c6173745f726567656e65726174657c693a313737303037333834383b637372665f746573745f6e616d657c733a33323a226265643065613733393138613834353862373433326139636363353261313132223b5f63695f70726576696f75735f75726c7c733a3230323a2268747470733a2f2f726f6c657362722e636f6d2e62722f6261722f33372d6b6172616f6b652d74657175696c61732d6f66696369616c3f6662636c69643d49775a58683062674e685a5730434d54454163334a3059775a68634842666157514d4d6a55324d6a67784d4451774e545534414145656b43305a6f734b687363787636773873374b4c356c56437668324b516978566e55744439485147433179646d35535654586476466f6d3449792d6f5f61656d5f536d72566536425a386447312d564e4a52504d4a4c51223b),
	('ci_session:26dffdf3157078c76c23fc496e6bd020', '51.161.37.21', 4294967295, _binary 0x5f5f63695f6c6173745f726567656e65726174657c693a313737303839343035333b637372665f746573745f6e616d657c733a33323a223465336532353963343731663432643461353938636131396230663861316164223b5f63695f70726576696f75735f75726c7c733a32333a2268747470733a2f2f726f6c657362722e636f6d2e62722f223b),
	('ci_session:2850c7e48da56895f4e445797df84de5', '173.252.83.114', 4294967295, _binary 0x5f5f63695f6c6173745f726567656e65726174657c693a313737303037333834313b637372665f746573745f6e616d657c733a33323a226530633237613739383438656661366535386533653062633364323531373063223b5f63695f70726576696f75735f75726c7c733a35343a2268747470733a2f2f726f6c657362722e636f6d2e62722f6261722f33372d6b6172616f6b652d74657175696c61732d6f66696369616c223b),
	('ci_session:288158e44d4dd4995e2d4bfa72da051b', '36.99.136.143', 4294967295, _binary 0x5f5f63695f6c6173745f726567656e65726174657c693a313737303330393130303b637372665f746573745f6e616d657c733a33323a226661383536316232643935663230323264383564353235393731373734646462223b5f63695f70726576696f75735f75726c7c733a34313a2268747470733a2f2f726f6c657362722e636f6d2e62722f6261722f32382d73757368692d6b656e7a6f223b),
	('ci_session:2a29c90ae29e92a8b8f5fd8ddd1fabd7', '183.207.48.170', 4294967295, _binary 0x5f5f63695f6c6173745f726567656e65726174657c693a313737303938313234383b637372665f746573745f6e616d657c733a33323a223962623032323166353563353933656139393363623533353063643062393339223b5f63695f70726576696f75735f75726c7c733a32383a2268747470733a2f2f726f6c657362722e636f6d2e62722f6275736361223b),
	('ci_session:2a5f7a3854af709d35ff5e1d553d4b23', '54.39.210.185', 4294967295, _binary 0x5f5f63695f6c6173745f726567656e65726174657c693a313737313034313930383b5f5f63695f766172737c613a303a7b7d637372665f746573745f6e616d657c733a33323a223237386236646433363337643839646433376433386439643330616630313561223b5f63695f70726576696f75735f75726c7c733a33333a2268747470733a2f2f726f6c657362722e636f6d2e62722f617574682f6c6f67696e223b),
	('ci_session:2a7e3839a5c27b9a7f615c298b04bd22', '74.7.227.163', 4294967295, _binary 0x5f5f63695f6c6173745f726567656e65726174657c693a313737303833373532343b637372665f746573745f6e616d657c733a33323a223662373930323165386166366631666437303236303965323761636662383832223b5f63695f70726576696f75735f75726c7c733a32333a2268747470733a2f2f726f6c657362722e636f6d2e62722f223b),
	('ci_session:2aacaa43f4f03a3271e55c7758291264', '205.169.39.31', 4294967295, _binary 0x637372665f746573745f6e616d657c733a33323a223866333263646433386339323835393738343861363238653035663162616438223b),
	('ci_session:2aae77da8e8117ba428835452d4e76b8', '173.252.70.28', 4294967295, _binary 0x5f5f63695f6c6173745f726567656e65726174657c693a313737303136323537373b637372665f746573745f6e616d657c733a33323a223363306564333936653661636661373033393764643937636463663732666535223b5f63695f70726576696f75735f75726c7c733a3137313a2268747470733a2f2f726f6c657362722e636f6d2e62722f3f6662636c69643d49775a58683062674e685a5730434d54454163334a3059775a68634842666157514d4d6a55324d6a67784d4451774e5455344141456556743157396c3978376c453849686d59684c4e6b4b6d6364516f6e757a4f6d454664445672666655496c556a59486d356839684552344d6351556b5f61656d5f423736564670727a3952623070427a426d456d6b3641223b),
	('ci_session:2adf6a25040db4ba30beeeec03d0627f', '51.222.95.4', 4294967295, _binary 0x5f5f63695f6c6173745f726567656e65726174657c693a313737303836303934323b637372665f746573745f6e616d657c733a33323a223063373566313836656438316137316337663232396665386131336637323837223b),
	('ci_session:2b4d8f5ceb089d349ea93017b8063553', '189.46.34.31', 4294967295, _binary 0x5f5f63695f6c6173745f726567656e65726174657c693a313737303930343134363b637372665f746573745f6e616d657c733a33323a226164666337383065623561373364306561633539646166373435316661393039223b5f63695f70726576696f75735f75726c7c733a32333a2268747470733a2f2f726f6c657362722e636f6d2e62722f223b),
	('ci_session:2bd7038b1b2ee05d1eaf3ad37327fef3', '183.207.48.170', 4294967295, _binary 0x5f5f63695f6c6173745f726567656e65726174657c693a313737303938313235303b637372665f746573745f6e616d657c733a33323a226537643861363436393532626637313631646262346263316135376463346134223b5f63695f70726576696f75735f75726c7c733a33323a2268747470733a2f2f726f6c657362722e636f6d2e62722f636172646170696f73223b),
	('ci_session:2ee2368b8e489200b032338245bc08ad', '217.113.196.36', 4294967295, _binary 0x5f5f63695f6c6173745f726567656e65726174657c693a313737303631313939353b637372665f746573745f6e616d657c733a33323a223235316662633134353965663632643239383566356265626432636261313665223b5f63695f70726576696f75735f75726c7c733a32393a2268747470733a2f2f726f6c657362722e636f6d2e62722f616c62756e73223b),
	('ci_session:30a4128143ae7c185b83bd618fb9d944', '51.222.95.179', 4294967295, _binary 0x5f5f63695f6c6173745f726567656e65726174657c693a313737303439393539353b637372665f746573745f6e616d657c733a33323a223765613731346331323235393932623765366164643965363735666433333564223b5f63695f70726576696f75735f75726c7c733a32393a2268747470733a2f2f726f6c657362722e636f6d2e62722f616c62756e73223b),
	('ci_session:30efbe3920ac4d6ef491eb792e1a8e91', '69.63.184.114', 4294967295, _binary 0x5f5f63695f6c6173745f726567656e65726174657c693a313737303136323631323b637372665f746573745f6e616d657c733a33323a226134646263383735376361333136333837366633386363623532386235303162223b5f63695f70726576696f75735f75726c7c733a3137313a2268747470733a2f2f726f6c657362722e636f6d2e62722f3f6662636c69643d49775a58683062674e685a5730434d54454163334a3059775a68634842666157514d4d6a55324d6a67784d4451774e5455344141456556743157396c3978376c453849686d59684c4e6b4b6d6364516f6e757a4f6d454664445672666655496c556a59486d356839684552344d6351556b5f61656d5f423736564670727a3952623070427a426d456d6b3641223b),
	('ci_session:31e38270635ef2595bf09f17c26ec558', '183.207.48.170', 4294967295, _binary 0x5f5f63695f6c6173745f726567656e65726174657c693a313737303938313234373b637372665f746573745f6e616d657c733a33323a223365393166656434316461666461343762633034363464323266643733386163223b5f63695f70726576696f75735f75726c7c733a33393a2268747470733a2f2f726f6c657362722e636f6d2e62722f6573746162656c6563696d656e746f73223b),
	('ci_session:323a85353bf25818c1153c69ee27b320', '173.252.70.3', 4294967295, _binary 0x5f5f63695f6c6173745f726567656e65726174657c693a313737303037333834393b637372665f746573745f6e616d657c733a33323a223037373934626130616666646436343132386663643063353832323466356461223b5f63695f70726576696f75735f75726c7c733a3230323a2268747470733a2f2f726f6c657362722e636f6d2e62722f6261722f33372d6b6172616f6b652d74657175696c61732d6f66696369616c3f6662636c69643d49775a58683062674e685a5730434d54454163334a3059775a68634842666157514d4d6a55324d6a67784d4451774e545534414145656c394e52644856756162795a5771317550506e37416b3665484c3753716e306c4f685778635a714c3279646a34364754492d4954454854674e596f5f61656d5f74475a6c4542644a70772d5a6667776c6d3834394e77223b),
	('ci_session:324558ab123470802238a0e08334411d', '127.0.0.1', 4294967295, _binary 0x5f5f63695f6c6173745f726567656e65726174657c693a313737303137333430333b637372665f746573745f6e616d657c733a33323a226436343261326264336365303738346332343766353130376134376534646336223b5f63695f70726576696f75735f75726c7c733a31393a2268747470733a2f2f726f6c65732e746573742f223b757365725f69647c733a323a223235223b6e616d657c733a31383a22416c6578616e647265204c65747469657265223b656d61696c7c733a32323a22616c652e6c6574746965726540676d61696c2e636f6d223b726f6c657c733a363a22636c69656e74223b747970655f757365727c693a323b6c6f676765647c623a313b6c6f67696e5f74696d657c693a313737303137323734303b),
	('ci_session:32a93fe15f2c8daca67cf721d3244e56', '51.222.95.122', 4294967295, _binary 0x5f5f63695f6c6173745f726567656e65726174657c693a313737313230393733353b637372665f746573745f6e616d657c733a33323a226230613362306536343232386165613535366463343230393832653061636137223b5f63695f70726576696f75735f75726c7c733a32333a2268747470733a2f2f726f6c657362722e636f6d2e62722f223b),
	('ci_session:3322ec809b3a123bb98a730d1fe29705', '35.87.86.71', 4294967295, _binary 0x5f5f63695f6c6173745f726567656e65726174657c693a313737303731363333353b637372665f746573745f6e616d657c733a33323a226131633366386265363962616238313130343537663036623865653433643565223b5f63695f70726576696f75735f75726c7c733a32333a2268747470733a2f2f726f6c657362722e636f6d2e62722f223b),
	('ci_session:33406bcce1fdb2f77dc184bd3257da2b', '142.44.228.121', 4294967295, _binary 0x5f5f63695f6c6173745f726567656e65726174657c693a313737313231373736313b637372665f746573745f6e616d657c733a33323a223736313433393330313262633164656463666435333764356465656438373864223b5f63695f70726576696f75735f75726c7c733a34313a2268747470733a2f2f726f6c657362722e636f6d2e62722f6261722f32362d73757368692d616d69676f223b),
	('ci_session:33bb045b21d1a82c0102e490c8e53c9a', '93.158.92.11', 4294967295, _binary 0x5f5f63695f6c6173745f726567656e65726174657c693a313737303038363938343b637372665f746573745f6e616d657c733a33323a226465356262376530636538643461636531376435366131356230343162313935223b),
	('ci_session:3486b9b96e396aea227bd35bf5b7bd5c', '206.168.34.202', 4294967295, _binary 0x5f5f63695f6c6173745f726567656e65726174657c693a313737303839313037313b637372665f746573745f6e616d657c733a33323a223464343337303031373965323634323534313633323330626461326466373134223b5f63695f70726576696f75735f75726c7c733a32333a2268747470733a2f2f726f6c657362722e636f6d2e62722f223b),
	('ci_session:35bf357876ca82cd3419281aeba25e6d', '::1', 4294967295, _binary 0x5f5f63695f6c6173745f726567656e65726174657c693a313737313236353635373b637372665f746573745f6e616d657c733a33323a226337323130656431613333663639346566633464383961663465316339326430223b),
	('ci_session:35e901f1573a66f3fb3f6bf7a7841c29', '193.123.113.221', 4294967295, _binary 0x5f5f63695f6c6173745f726567656e65726174657c693a313737303236303231363b637372665f746573745f6e616d657c733a33323a223761363866353839633536353161333137393833356432633737363833353134223b5f63695f70726576696f75735f75726c7c733a32333a2268747470733a2f2f726f6c657362722e636f6d2e62722f223b),
	('ci_session:366e87fc6f41aef97aea96eb3131cba3', '54.39.203.131', 4294967295, _binary 0x5f5f63695f6c6173745f726567656e65726174657c693a313737313231383034383b637372665f746573745f6e616d657c733a33323a226331643963383463326538663463353634383437313138393239343162383538223b5f63695f70726576696f75735f75726c7c733a34313a2268747470733a2f2f726f6c657362722e636f6d2e62722f6261722f32382d73757368692d6b656e7a6f223b),
	('ci_session:368ba8d16930a85b6e38cbaa68898f20', '4.151.241.246', 4294967295, _binary 0x5f5f63695f6c6173745f726567656e65726174657c693a313737303833383830343b637372665f746573745f6e616d657c733a33323a223263373735313665343137336362353331343562373933323631323936313466223b5f63695f70726576696f75735f75726c7c733a32333a2268747470733a2f2f726f6c657362722e636f6d2e62722f223b),
	('ci_session:369320a7732f48b78412c8baa1546a7d', '142.44.228.232', 4294967295, _binary 0x5f5f63695f6c6173745f726567656e65726174657c693a313737313231373533333b637372665f746573745f6e616d657c733a33323a223338393432626131366239373465353864656638653766633431383632656634223b5f63695f70726576696f75735f75726c7c733a34313a2268747470733a2f2f726f6c657362722e636f6d2e62722f6261722f32362d73757368692d616d69676f223b),
	('ci_session:3719f45e81cd9e8d73d353378a7b3a11', '66.249.85.97', 4294967295, _binary 0x5f5f63695f6c6173745f726567656e65726174657c693a313737303234323535303b5f5f63695f766172737c613a303a7b7d637372665f746573745f6e616d657c733a33323a226130663732613532333537653633303665663961303238656633333339336438223b5f63695f70726576696f75735f75726c7c733a33333a2268747470733a2f2f726f6c657362722e636f6d2e62722f617574682f6c6f67696e223b),
	('ci_session:37f2679fa1657a64213ddba13fe3b3da', '193.123.113.221', 4294967295, _binary 0x5f5f63695f6c6173745f726567656e65726174657c693a313737303531353032393b637372665f746573745f6e616d657c733a33323a223064373036383732633165366564396339386162386433363337333438646439223b5f63695f70726576696f75735f75726c7c733a32333a2268747470733a2f2f726f6c657362722e636f6d2e62722f223b),
	('ci_session:389ae169f0e7578bf1bbcc812603a993', '189.46.34.31', 4294967295, _binary 0x5f5f63695f6c6173745f726567656e65726174657c693a313737313234343934373b637372665f746573745f6e616d657c733a33323a223339333366353331326435646537303938303162623033316630383335313037223b5f63695f70726576696f75735f75726c7c733a32333a2268747470733a2f2f726f6c657362722e636f6d2e62722f223b),
	('ci_session:38a599a7f9fe6bf817929dd9eff334d4', '177.141.253.45', 4294967295, _binary 0x5f5f63695f6c6173745f726567656e65726174657c693a313737303137363834393b637372665f746573745f6e616d657c733a33323a226539616461633831646132333131656663366537653535663665363932393163223b5f63695f70726576696f75735f75726c7c733a32333a2268747470733a2f2f726f6c657362722e636f6d2e62722f223b),
	('ci_session:3990a649fea3aa66eedb5eadd4e65535', '36.99.136.134', 4294967295, _binary 0x5f5f63695f6c6173745f726567656e65726174657c693a313737313133383639343b637372665f746573745f6e616d657c733a33323a223637336665653365346334313939346165383431383530633038623034636631223b5f63695f70726576696f75735f75726c7c733a35393a2268747470733a2f2f726f6c657362722e636f6d2e62722f6261722f31392d63686179656e6e2d6368612d636f6d2d616c6d612d6f7269656e74616c223b),
	('ci_session:39e00039363c6ced30f2cbe51fd71822', '66.249.88.160', 4294967295, _binary 0x5f5f63695f6c6173745f726567656e65726174657c693a313737303333343434333b637372665f746573745f6e616d657c733a33323a223737646462386362346637656363636566363539353939633262633434313832223b5f63695f70726576696f75735f75726c7c733a32383a2268747470733a2f2f726f6c657362722e636f6d2e62722f6275736361223b),
	('ci_session:3a561356b92bbcaa2ed792e9c0406b53', '66.249.88.167', 4294967295, _binary 0x5f5f63695f6c6173745f726567656e65726174657c693a313737303332313530363b637372665f746573745f6e616d657c733a33323a226637633035353834326634646239623637393161366666636634353836643237223b5f63695f70726576696f75735f75726c7c733a32333a2268747470733a2f2f726f6c657362722e636f6d2e62722f223b),
	('ci_session:3b1e3650bc472a3ce3c85458343bb031', '66.249.85.97', 4294967295, _binary 0x5f5f63695f6c6173745f726567656e65726174657c693a313737303134323239323b637372665f746573745f6e616d657c733a33323a223639373564343462303831646261653738323063376462313965336333613731223b72656469726563745f75726c7c733a34323a2268747470733a2f2f726f6c657362722e636f6d2e62722f64617368626f6172642f696e67726573736f73223b6572726f727c733a35333a22566f63c3aa2070726563697361206573746172206c6f6761646f2070617261206163657373617220657374612070c3a167696e612e223b5f5f63695f766172737c613a313a7b733a353a226572726f72223b733a333a226e6577223b7d),
	('ci_session:3b3ba3e54510e3b4b75c1a83e92701cb', '191.235.66.19', 4294967295, _binary 0x5f5f63695f6c6173745f726567656e65726174657c693a313737313133323039303b637372665f746573745f6e616d657c733a33323a223639303864346538653565613635663634656239306137393963303039316635223b5f63695f70726576696f75735f75726c7c733a32333a2268747470733a2f2f726f6c657362722e636f6d2e62722f223b),
	('ci_session:3be61c314b55ed50d0c9937c4883f291', '193.123.113.221', 4294967295, _binary 0x5f5f63695f6c6173745f726567656e65726174657c693a313737303630313432333b637372665f746573745f6e616d657c733a33323a226438333263633931653531383163326561373563313839333330663238396630223b5f63695f70726576696f75735f75726c7c733a32333a2268747470733a2f2f726f6c657362722e636f6d2e62722f223b),
	('ci_session:3c5be17559ff297f986973a96b4393c2', '193.123.113.221', 4294967295, _binary 0x5f5f63695f6c6173745f726567656e65726174657c693a313737303531363432363b637372665f746573745f6e616d657c733a33323a226636613137373436316161326565633733643935396664666330353139386634223b5f63695f70726576696f75735f75726c7c733a32333a2268747470733a2f2f726f6c657362722e636f6d2e62722f223b),
	('ci_session:3e6a65107857c7c54c3371ce23653a9c', '66.249.88.160', 4294967295, _binary 0x5f5f63695f6c6173745f726567656e65726174657c693a313737303036333539363b637372665f746573745f6e616d657c733a33323a223736623331386633633638306337353732383062313634396639323261376536223b5f63695f70726576696f75735f75726c7c733a34343a2268747470733a2f2f726f6c657362722e636f6d2e62722f6261722f31362d65737061636f2d6176656e696461223b),
	('ci_session:3f17d4f239d34a19578d7ab882dce29f', '189.40.89.127', 4294967295, _binary 0x5f5f63695f6c6173745f726567656e65726174657c693a313737303338333930363b637372665f746573745f6e616d657c733a33323a226335326338353537353131313436356664393235356437356663333365663737223b5f63695f70726576696f75735f75726c7c733a34343a2268747470733a2f2f726f6c657362722e636f6d2e62722f6261722f31362d65737061636f2d6176656e696461223b),
	('ci_session:40351a5fef2bf40325d3899bad22dd68', '167.114.139.86', 4294967295, _binary 0x5f5f63695f6c6173745f726567656e65726174657c693a313737313231323831373b637372665f746573745f6e616d657c733a33323a223939303265353762396638366163336232616534653230356136363330306235223b5f63695f70726576696f75735f75726c7c733a36383a2268747470733a2f2f726f6c657362722e636f6d2e62722f6261722f32302d68656c6c6f2d6b697474792d616e642d667269656e64732d32642d62792d6561742d61736961223b),
	('ci_session:41a28e22554da6cb511ebcce27222d65', '34.116.161.207', 4294967295, _binary 0x5f5f63695f6c6173745f726567656e65726174657c693a313737313036323631303b637372665f746573745f6e616d657c733a33323a226266306634656666383562653731613365333433306434646563306438343865223b5f63695f70726576696f75735f75726c7c733a32333a2268747470733a2f2f726f6c657362722e636f6d2e62722f223b),
	('ci_session:42881a819df6cec120d9f55b0be37c19', '66.249.88.167', 4294967295, _binary 0x5f5f63695f6c6173745f726567656e65726174657c693a313737303333343536303b637372665f746573745f6e616d657c733a33323a226366303938313630363532633335303733343136653361643362646432326165223b5f63695f70726576696f75735f75726c7c733a34333a2268747470733a2f2f726f6c657362722e636f6d2e62722f6261722f362d626f7465636f2d646f2d6a6f686e223b),
	('ci_session:42ac430ab6d87c4277981394c33944ba', '74.7.229.226', 4294967295, _binary 0x5f5f63695f6c6173745f726567656e65726174657c693a313737303833393036323b637372665f746573745f6e616d657c733a33323a226638623538613330343939356337313030663663393737623531666664613964223b5f63695f70726576696f75735f75726c7c733a33303a2268747470733a2f2f726f6c657362722e636f6d2e62722f73746f72696573223b),
	('ci_session:42e516a28cf7588c4e455cb62db5ff65', '173.252.127.3', 4294967295, _binary 0x5f5f63695f6c6173745f726567656e65726174657c693a313737303037333834383b637372665f746573745f6e616d657c733a33323a223336653163313431346436366434323865663334333136636362386233373766223b5f63695f70726576696f75735f75726c7c733a3230323a2268747470733a2f2f726f6c657362722e636f6d2e62722f6261722f33372d6b6172616f6b652d74657175696c61732d6f66696369616c3f6662636c69643d49775a58683062674e685a5730434d54454163334a3059775a68634842666157514d4d6a55324d6a67784d4451774e5455344141456568355259366e517843573072394a464f6e736d656f6d4e3930735a5179484777327574794d2d4e324373466c377a616c58336b7351447043666b455f61656d5f74484d797279414e336b6b6544324a54317168327877223b),
	('ci_session:43442ce00ea7d33e2fdfa8cf42486cf5', '148.113.130.76', 4294967295, _binary 0x5f5f63695f6c6173745f726567656e65726174657c693a313737313231373135353b637372665f746573745f6e616d657c733a33323a223339323032666336346631323031303631356239313139323837373862376133223b5f63695f70726576696f75735f75726c7c733a34333a2268747470733a2f2f726f6c657362722e636f6d2e62722f6261722f362d626f7465636f2d646f2d6a6f686e223b),
	('ci_session:43c380ed54bd45dda91f8594eedd7409', '167.94.138.194', 4294967295, _binary 0x5f5f63695f6c6173745f726567656e65726174657c693a313737303234343833373b637372665f746573745f6e616d657c733a33323a223666303633353936386234656635306535643461643134386232383961333630223b5f63695f70726576696f75735f75726c7c733a32333a2268747470733a2f2f726f6c657362722e636f6d2e62722f223b),
	('ci_session:43eb4114e70390130ab1f4ca932bd312', '15.235.98.231', 4294967295, _binary 0x5f5f63695f6c6173745f726567656e65726174657c693a313737313232363830313b637372665f746573745f6e616d657c733a33323a226237303762613263346232303837386635303765313364326365343734373639223b5f63695f70726576696f75735f75726c7c733a34363a2268747470733a2f2f726f6c657362722e636f6d2e62722f616c62756d2f312d73657274616e656a6f2d7072696d65223b),
	('ci_session:440d813d4b24cc5e7a97d27e97580486', '84.32.41.136', 4294967295, _binary 0x5f5f63695f6c6173745f726567656e65726174657c693a313737303839353736323b637372665f746573745f6e616d657c733a33323a226561343731373163333830356134353965333038643330333430306166386464223b5f63695f70726576696f75735f75726c7c733a33333a2268747470733a2f2f726f6c657362722e636f6d2e62722f617574682f6c6f67696e223b5f5f63695f766172737c613a303a7b7d),
	('ci_session:450a0b1e8057d2b71b85e1c086016e38', '177.30.129.73', 4294967295, _binary 0x5f5f63695f6c6173745f726567656e65726174657c693a313737303134333339393b637372665f746573745f6e616d657c733a33323a223037383939373662353939653734326331303939383539343366346363363863223b5f63695f70726576696f75735f75726c7c733a32333a2268747470733a2f2f726f6c657362722e636f6d2e62722f223b),
	('ci_session:453caaeee23f9907cf048a7bd410326b', '::1', 4294967295, _binary 0x5f5f63695f6c6173745f726567656e65726174657c693a313737303035343139313b637372665f746573745f6e616d657c733a33323a223939303332643437626236636637313033306136353964353163366437643866223b5f63695f70726576696f75735f75726c7c733a39353a2268747470733a2f2f726f6c65732e746573742f62757363613f713d2665737461646f5f69643d3236266369646164655f69643d353236352662616972726f5f69643d267469706f5f6576656e746f5f69643d267469706f5f6261725f69643d223b72656469726563745f75726c7c733a33333a2268747470733a2f2f726f6c65732e746573742f64617368626f6172642f75736572223b6572726f727c733a35333a22566f63c3aa2070726563697361206573746172206c6f6761646f2070617261206163657373617220657374612070c3a167696e612e223b5f5f63695f766172737c613a313a7b733a353a226572726f72223b733a333a226e6577223b7d),
	('ci_session:45552519ee2b6519d6ff926fbbd6b306', '217.113.194.246', 4294967295, _binary 0x5f5f63695f6c6173745f726567656e65726174657c693a313737303937343730363b637372665f746573745f6e616d657c733a33323a226630336338346163653166636632633733323431633135323065663537626561223b5f63695f70726576696f75735f75726c7c733a32393a2268747470733a2f2f726f6c657362722e636f6d2e62722f616c62756e73223b),
	('ci_session:46777869b875042054b1f7226c20426e', '74.7.229.8', 4294967295, _binary 0x5f5f63695f6c6173745f726567656e65726174657c693a313737303833393037373b637372665f746573745f6e616d657c733a33323a223565396631613735303266623331643138313730323637386532343435636534223b5f63695f70726576696f75735f75726c7c733a32393a2268747470733a2f2f726f6c657362722e636f6d2e62722f616c62756e73223b),
	('ci_session:46b0172c96f77b4aae13e643326b9e34', '66.249.88.129', 4294967295, _binary 0x5f5f63695f6c6173745f726567656e65726174657c693a313737303438373436383b637372665f746573745f6e616d657c733a33323a226639353539653566633139336431376238383233623232363236666166363337223b5f63695f70726576696f75735f75726c7c733a32373a2268747470733a2f2f7777772e726f6c657362722e636f6d2e62722f223b),
	('ci_session:471186730a0267b7e36ba2b9ec5bc4d9', '177.30.138.182', 4294967295, _binary 0x5f5f63695f6c6173745f726567656e65726174657c693a313737303430363033313b637372665f746573745f6e616d657c733a33323a226562396638343538323532643039323539303265373333333033616631306366223b5f63695f70726576696f75735f75726c7c733a35393a2268747470733a2f2f726f6c657362722e636f6d2e62722f6261722f31392d63686179656e6e2d6368612d636f6d2d616c6d612d6f7269656e74616c223b),
	('ci_session:47487fa3172688a8a2f57d033d15d97f', '51.161.65.229', 4294967295, _binary 0x5f5f63695f6c6173745f726567656e65726174657c693a313737303832363138393b637372665f746573745f6e616d657c733a33323a226436353139396661653939643732373037393034396661393930393430313430223b5f63695f70726576696f75735f75726c7c733a32333a2268747470733a2f2f726f6c657362722e636f6d2e62722f223b),
	('ci_session:475dea0245133c979562ce7e80dc9739', '66.249.66.198', 4294967295, _binary 0x5f5f63695f6c6173745f726567656e65726174657c693a313737303231373439323b637372665f746573745f6e616d657c733a33323a223062333936313931326466313231383232633637643530646565386533613465223b),
	('ci_session:47d6f0f51757cee11b2d1ebb9236bf0a', '66.249.85.99', 4294967295, _binary 0x5f5f63695f6c6173745f726567656e65726174657c693a313737303134323239323b5f5f63695f766172737c613a303a7b7d637372665f746573745f6e616d657c733a33323a223935323531393334346235646437393236666233613438663039343163653535223b5f63695f70726576696f75735f75726c7c733a33333a2268747470733a2f2f726f6c657362722e636f6d2e62722f617574682f6c6f67696e223b),
	('ci_session:480ea01fac673c0456f02971bec529fe', '54.39.0.19', 4294967295, _binary 0x5f5f63695f6c6173745f726567656e65726174657c693a313737303438373737363b637372665f746573745f6e616d657c733a33323a226361646364386162646362393939306430633562333566643564333866306632223b5f63695f70726576696f75735f75726c7c733a33303a2268747470733a2f2f726f6c657362722e636f6d2e62722f6576656e746f73223b),
	('ci_session:480f481894da6f8317c1d2c119f0b9da', '173.252.70.112', 4294967295, _binary 0x5f5f63695f6c6173745f726567656e65726174657c693a313737303334353837303b637372665f746573745f6e616d657c733a33323a223631623366623832613366353236623531303961333138353131303433383161223b5f63695f70726576696f75735f75726c7c733a34343a2268747470733a2f2f726f6c657362722e636f6d2e62722f6261722f31362d65737061636f2d6176656e696461223b),
	('ci_session:48160522c8c93832617c21206dfbfbb2', '51.161.65.77', 4294967295, _binary 0x5f5f63695f6c6173745f726567656e65726174657c693a313737313232343336313b637372665f746573745f6e616d657c733a33323a223731393335633931643364373833333162383963333939313766623737393031223b5f63695f70726576696f75735f75726c7c733a36363a2268747470733a2f2f726f6c657362722e636f6d2e62722f616c62756d2f332d626c6f636f2d76656d2d636f6d2d6f2d676967616e74652d6c656f2d73616e74616e61223b),
	('ci_session:48a5f0140e8880a9bb9c5241e9320fe5', '142.44.220.37', 4294967295, _binary 0x5f5f63695f6c6173745f726567656e65726174657c693a313737313035363939393b637372665f746573745f6e616d657c733a33323a226133666230313264356335643838393532343064333034623430643135666434223b5f63695f70726576696f75735f75726c7c733a32333a2268747470733a2f2f726f6c657362722e636f6d2e62722f223b),
	('ci_session:4a64cae04b13c435e267adc9ac50c05b', '66.102.8.226', 4294967295, _binary 0x5f5f63695f6c6173745f726567656e65726174657c693a313737303037333730323b637372665f746573745f6e616d657c733a33323a223564333833626135613562643837313165663530656662633239373932383831223b5f63695f70726576696f75735f75726c7c733a32333a2268747470733a2f2f726f6c657362722e636f6d2e62722f223b),
	('ci_session:4a8670436463abb374a2de874f4d202c', '23.27.145.3', 4294967295, _binary 0x5f5f63695f6c6173745f726567656e65726174657c693a313737303036333432393b637372665f746573745f6e616d657c733a33323a223232303732326366353630636432643936353734663234633061613530653061223b5f63695f70726576696f75735f75726c7c733a32333a2268747470733a2f2f726f6c657362722e636f6d2e62722f223b),
	('ci_session:4acce5352c2079bb73c19992dbde191a', '36.99.136.134', 4294967295, _binary 0x5f5f63695f6c6173745f726567656e65726174657c693a313737313133383638313b637372665f746573745f6e616d657c733a33323a226164613338393161333832313061623464326634393134323438653761303637223b5f63695f70726576696f75735f75726c7c733a35393a2268747470733a2f2f726f6c657362722e636f6d2e62722f6261722f31392d63686179656e6e2d6368612d636f6d2d616c6d612d6f7269656e74616c223b),
	('ci_session:4b4dc4a998a7d60385dfab1b443dc756', '::1', 4294967295, _binary 0x5f5f63695f6c6173745f726567656e65726174657c693a313737303133353532333b5f5f63695f766172737c613a303a7b7d637372665f746573745f6e616d657c733a33323a226536356535663939303038616162306335333063656362343666336166633338223b5f63695f70726576696f75735f75726c7c733a32393a2268747470733a2f2f726f6c65732e746573742f617574682f6c6f67696e223b),
	('ci_session:4b9c6706fd588eae69090b93aae3b9b5', '66.249.66.65', 4294967295, _binary 0x5f5f63695f6c6173745f726567656e65726174657c693a313737303834303931303b637372665f746573745f6e616d657c733a33323a223433663534616531326361313562343030313035386633386533623532393164223b5f63695f70726576696f75735f75726c7c733a32333a2268747470733a2f2f726f6c657362722e636f6d2e62722f223b),
	('ci_session:4ba97f6e4d27c537388c7e137e533b07', '127.0.0.1', 4294967295, _binary 0x5f5f63695f6c6173745f726567656e65726174657c693a313737303039313138303b637372665f746573745f6e616d657c733a33323a223236653163633734643661323061373035356439356230653366616332346130223b5f63695f70726576696f75735f75726c7c733a34313a2268747470733a2f2f726f6c65732e746573742f64617368626f6172642f757365722f6576656e746f73223b757365725f69647c733a323a223235223b6e616d657c733a31383a22416c6578616e647265204c65747469657265223b656d61696c7c733a32323a22616c652e6c6574746965726540676d61696c2e636f6d223b726f6c657c733a363a22636c69656e74223b747970655f757365727c693a323b6c6f676765647c623a313b6c6f67696e5f74696d657c693a313737303039313238353b726174655f706f73745f6c696b655f32357c613a323a7b733a353a227374617274223b693a313737303038393633393b733a353a22636f756e74223b693a323b7d),
	('ci_session:4ca08a3b20ed4edc49b53de49cb268f1', '36.99.136.142', 4294967295, _binary 0x5f5f63695f6c6173745f726567656e65726174657c693a313737303734303831323b637372665f746573745f6e616d657c733a33323a223264656462396130356336373864373837366564303363623164613566323635223b5f63695f70726576696f75735f75726c7c733a36373a2268747470733a2f2f726f6c657362722e636f6d2e62722f6576656e746f2f352d626c6f636f2d76656d2d636f6d2d6f2d676967616e74652d6c656f2d73616e74616e61223b),
	('ci_session:4cf5a082598bc1afc5a8aa0e6c4ca2d7', '217.113.196.38', 4294967295, _binary 0x5f5f63695f6c6173745f726567656e65726174657c693a313737303631313936353b5f5f63695f766172737c613a303a7b7d637372665f746573745f6e616d657c733a33323a223333663061633635323836353131643965646537333738326463396432303265223b5f63695f70726576696f75735f75726c7c733a33333a2268747470733a2f2f726f6c657362722e636f6d2e62722f617574682f6c6f67696e223b),
	('ci_session:4d2011f8e3ac318474f13a7b81bc799b', '193.123.113.221', 4294967295, _binary 0x5f5f63695f6c6173745f726567656e65726174657c693a313737303432383633323b637372665f746573745f6e616d657c733a33323a223661323337313235323531333232393562643932386234383065386436393636223b5f63695f70726576696f75735f75726c7c733a32333a2268747470733a2f2f726f6c657362722e636f6d2e62722f223b),
	('ci_session:4e265398299e5bf5e981c456a1a40777', '68.183.144.160', 4294967295, _binary 0x5f5f63695f6c6173745f726567656e65726174657c693a313737313036303138343b637372665f746573745f6e616d657c733a33323a223561326335373335353031393162363864623736343733303931663131383962223b5f63695f70726576696f75735f75726c7c733a32333a2268747470733a2f2f726f6c657362722e636f6d2e62722f223b),
	('ci_session:4e3a3afb55d2feb1998210fbe5ea5fe0', '93.158.71.185', 4294967295, _binary 0x5f5f63695f6c6173745f726567656e65726174657c693a313737303832343537303b637372665f746573745f6e616d657c733a33323a223663363139326332393731373236636535373438333865626461643064633130223b5f63695f70726576696f75735f75726c7c733a32333a2268747470733a2f2f726f6c657362722e636f6d2e62722f223b),
	('ci_session:4e7634e0dd0d4b42c719d6d1f5819bc3', '191.201.5.30', 4294967295, _binary 0x5f5f63695f6c6173745f726567656e65726174657c693a313737303339313734323b637372665f746573745f6e616d657c733a33323a223566343438386137653638343136333132616535313732383439633731663734223b5f63695f70726576696f75735f75726c7c733a3236353a2268747470733a2f2f726f6c657362722e636f6d2e62722f616c62756d2f312d73657274616e656a6f2d7072696d653f75746d5f736f757263653d69672675746d5f6d656469756d3d736f6369616c2675746d5f636f6e74656e743d6c696e6b5f696e5f62696f266662636c69643d50416232316a6341506b79516c6c654852754132466c625149784d51427a636e526a426d4677634639705a4138314e6a63774e6a637a4e444d7a4e5449304d6a634141616463787651386f6f4e703174344c51554e51763271517178376f584b43457658494378547a71302d34775872744b455848426d7a41624434494979415f61656d5f496a50625637356c6a69453931517830536d6e523177223b),
	('ci_session:4ea0012c454ebf4b38488a75478fb50f', '15.235.96.65', 4294967295, _binary 0x5f5f63695f6c6173745f726567656e65726174657c693a313737313232353533393b637372665f746573745f6e616d657c733a33323a226261393661626531346633383133313863373630666661313566636432343233223b5f63695f70726576696f75735f75726c7c733a36363a2268747470733a2f2f726f6c657362722e636f6d2e62722f616c62756d2f342d626c6f636f2d76656d2d636f6d2d6f2d676967616e74652d6c656f2d73616e74616e61223b),
	('ci_session:4fafeaf490b1732831726a0bda76d722', '191.35.183.200', 4294967295, _binary 0x5f5f63695f6c6173745f726567656e65726174657c693a313737303537363033363b637372665f746573745f6e616d657c733a33323a223663616436366666343832363634383364626134656666626562613830353865223b5f63695f70726576696f75735f75726c7c733a32333a2268747470733a2f2f726f6c657362722e636f6d2e62722f223b),
	('ci_session:5015115f3ba13051a88fc738b920eb70', '191.19.12.109', 4294967295, _binary 0x5f5f63695f6c6173745f726567656e65726174657c693a313737303133333731383b637372665f746573745f6e616d657c733a33323a226631303638306639383236323764393435316438373464626631333964306130223b5f63695f70726576696f75735f75726c7c733a34353a2268747470733a2f2f726f6c657362722e636f6d2e62722f64617368626f6172642f757365722f6576656e746f73223b757365725f69647c733a323a223235223b6e616d657c733a31383a22416c6578616e647265204c65747469657265223b656d61696c7c733a32323a22616c652e6c6574746965726540676d61696c2e636f6d223b726f6c657c733a363a22636c69656e74223b747970655f757365727c693a323b6c6f676765647c623a313b6c6f67696e5f74696d657c693a313737303133333731383b),
	('ci_session:50a9d099ea469918c6276a62c53cc054', '66.249.66.66', 4294967295, _binary 0x5f5f63695f6c6173745f726567656e65726174657c693a313737303834303931303b637372665f746573745f6e616d657c733a33323a223465643232356365616134333666326336356335656466373861623430666161223b5f63695f70726576696f75735f75726c7c733a32333a2268747470733a2f2f726f6c657362722e636f6d2e62722f223b),
	('ci_session:51be8c66e31b1b1a5c1946775a0c35e0', '142.44.225.247', 4294967295, _binary 0x5f5f63695f6c6173745f726567656e65726174657c693a313737313232333632373b637372665f746573745f6e616d657c733a33323a223532303239323437343865386261356463316262343631663864323866663033223b),
	('ci_session:51c83a4e25f0875978e219afde63e713', '66.249.85.97', 4294967295, _binary 0x5f5f63695f6c6173745f726567656e65726174657c693a313737303333343535393b637372665f746573745f6e616d657c733a33323a223961336661376239376163343261393934323436663937623635613933616239223b5f63695f70726576696f75735f75726c7c733a34333a2268747470733a2f2f726f6c657362722e636f6d2e62722f6261722f362d626f7465636f2d646f2d6a6f686e223b),
	('ci_session:5223f60b112c40097130af88a3a5f1f4', '54.39.210.170', 4294967295, _binary 0x5f5f63695f6c6173745f726567656e65726174657c693a313737303433393534393b637372665f746573745f6e616d657c733a33323a223261386165656666333038383966366136616234353234303034353762316166223b),
	('ci_session:52670a2357b22ee7ec01781fc57eb9bb', '106.75.189.117', 4294967295, _binary 0x5f5f63695f6c6173745f726567656e65726174657c693a313737313232303939383b637372665f746573745f6e616d657c733a33323a223137353930363330643435383836396630636431663637396334643462386132223b5f63695f70726576696f75735f75726c7c733a32333a2268747470733a2f2f726f6c657362722e636f6d2e62722f223b),
	('ci_session:529ce60687224fda8eacb3085da500a6', '::1', 4294967295, _binary 0x5f5f63695f6c6173745f726567656e65726174657c693a313737313236353735303b637372665f746573745f6e616d657c733a33323a226362623539663134323765306663323036373966656562643338346435653035223b5f63695f70726576696f75735f75726c7c733a33393a2268747470733a2f2f726f6c65732e746573742f6261722f362d626f7465636f2d646f2d6a6f686e223b),
	('ci_session:53c2cf3e66ccf8e4412c9477ba41731b', '187.38.63.227', 4294967295, _binary 0x5f5f63695f6c6173745f726567656e65726174657c693a313737303638303430323b637372665f746573745f6e616d657c733a33323a223631343235303031373933636434353033313561306664323032333464373738223b5f63695f70726576696f75735f75726c7c733a3230393a2268747470733a2f2f726f6c657362722e636f6d2e62722f616c62756d2f312d73657274616e656a6f2d7072696d653f6662636c69643d50416447526c6541506a6b42566c654852754132466c625149784d51427a636e526a426d4677634639705a4138784d6a51774d6a51314e7a51794f4463304d5451414161633064786c652d7762514170734a716e686348446f7a3856424a3241717662434435516f38464465495f30393170794d7a5f626161354e4a4d4736515f61656d5f6166645f6a357135596a744b43385747524f46314851223b),
	('ci_session:5483120f97879987b75e0cf4750006bc', '74.7.227.29', 4294967295, _binary 0x5f5f63695f6c6173745f726567656e65726174657c693a313737303631323932373b637372665f746573745f6e616d657c733a33323a223137383132626439656366343138626466396638336464626233393138316565223b5f63695f70726576696f75735f75726c7c733a32333a2268747470733a2f2f726f6c657362722e636f6d2e62722f223b),
	('ci_session:54f2754f036135ee75dc42e8d5c0e014', '206.168.34.202', 4294967295, _binary 0x5f5f63695f6c6173745f726567656e65726174657c693a313737303839313031353b637372665f746573745f6e616d657c733a33323a223561396337353139333130313836376637326266363536366364336662666530223b5f63695f70726576696f75735f75726c7c733a32333a2268747470733a2f2f726f6c657362722e636f6d2e62722f223b),
	('ci_session:55aa85135d3004f8d9de1c807459fa3c', '15.235.96.208', 4294967295, _binary 0x5f5f63695f6c6173745f726567656e65726174657c693a313737303432363631383b637372665f746573745f6e616d657c733a33323a223363326563323066636563343862306432393062656263666233306463393131223b5f63695f70726576696f75735f75726c7c733a32333a2268747470733a2f2f726f6c657362722e636f6d2e62722f223b),
	('ci_session:55e949a0e5c54889247aabf7e4733510', '::1', 4294967295, _binary 0x5f5f63695f6c6173745f726567656e65726174657c693a313737303133343736383b637372665f746573745f6e616d657c733a33323a223830646238303932326637643865663736383964306565663662626432393066223b5f63695f70726576696f75735f75726c7c733a36333a2268747470733a2f2f726f6c65732e746573742f6576656e746f2f352d626c6f636f2d76656d2d636f6d2d6f2d676967616e74652d6c656f2d73616e74616e61223b72656469726563745f75726c7c733a34313a2268747470733a2f2f726f6c65732e746573742f64617368626f6172642f757365722f6576656e746f73223b6572726f727c733a35333a22566f63c3aa2070726563697361206573746172206c6f6761646f2070617261206163657373617220657374612070c3a167696e612e223b5f5f63695f766172737c613a313a7b733a353a226572726f72223b733a333a226e6577223b7d),
	('ci_session:567e5dc8603e4cf2b6681c8e3ffc66a9', '132.255.39.180', 4294967295, _binary 0x5f5f63695f6c6173745f726567656e65726174657c693a313737303131383032323b637372665f746573745f6e616d657c733a33323a223438363461346661376561613031636433393334343331303033333133373564223b),
	('ci_session:5685047cc4fcc795c4ad8fcf2c5fe4bb', '195.201.235.93', 4294967295, _binary 0x5f5f63695f6c6173745f726567656e65726174657c693a313737303436333132313b637372665f746573745f6e616d657c733a33323a226337373065353065366331623961633533373665623863363161363861323966223b5f63695f70726576696f75735f75726c7c733a32333a2268747470733a2f2f726f6c657362722e636f6d2e62722f223b),
	('ci_session:57198803d3827cc4ba0bc87a7103dfab', '136.111.52.21', 4294967295, _binary 0x5f5f63695f6c6173745f726567656e65726174657c693a313737303734363037323b637372665f746573745f6e616d657c733a33323a223561393962626636643364373032303461633934306231323536613137663766223b5f63695f70726576696f75735f75726c7c733a32333a2268747470733a2f2f726f6c657362722e636f6d2e62722f223b),
	('ci_session:5832268ff694e54debedea5ddaafa6db', '15.235.98.235', 4294967295, _binary 0x5f5f63695f6c6173745f726567656e65726174657c693a313737303432393032353b637372665f746573745f6e616d657c733a33323a226265623463636436353331656666663661633565366331353564626564656337223b),
	('ci_session:58e245af9507eca78f0ac980d2a3d53e', '173.252.70.11', 4294967295, _binary 0x5f5f63695f6c6173745f726567656e65726174657c693a313737303334353837303b637372665f746573745f6e616d657c733a33323a223036306238313733613861353939373566366162333863323763343266323439223b5f63695f70726576696f75735f75726c7c733a34343a2268747470733a2f2f726f6c657362722e636f6d2e62722f6261722f31362d65737061636f2d6176656e696461223b),
	('ci_session:59a37e9663b81b8f19bff6db13f91341', '54.39.0.52', 4294967295, _binary 0x5f5f63695f6c6173745f726567656e65726174657c693a313737313131383039393b637372665f746573745f6e616d657c733a33323a223338346461616633393331613433343463633730626364663635343433326535223b5f63695f70726576696f75735f75726c7c733a32333a2268747470733a2f2f726f6c657362722e636f6d2e62722f223b),
	('ci_session:5a96ee9e38bde8042fa602fa01786c25', '66.249.85.97', 4294967295, _binary 0x5f5f63695f6c6173745f726567656e65726174657c693a313737303137323436393b5f5f63695f766172737c613a303a7b7d637372665f746573745f6e616d657c733a33323a223133326636306235313966333939346536323362613533626335343735373435223b5f63695f70726576696f75735f75726c7c733a33333a2268747470733a2f2f726f6c657362722e636f6d2e62722f617574682f6c6f67696e223b),
	('ci_session:5b1709fbc2484fb882828fa122868db2', '54.39.6.227', 4294967295, _binary 0x5f5f63695f6c6173745f726567656e65726174657c693a313737303531333136343b5f5f63695f766172737c613a303a7b7d637372665f746573745f6e616d657c733a33323a223564663334316438323863383432656362366332316236636636323461646265223b5f63695f70726576696f75735f75726c7c733a33333a2268747470733a2f2f726f6c657362722e636f6d2e62722f617574682f6c6f67696e223b),
	('ci_session:5b45938495a9ecc48982010d464ae8c5', '74.7.227.128', 4294967295, _binary 0x5f5f63695f6c6173745f726567656e65726174657c693a313737303733383135393b637372665f746573745f6e616d657c733a33323a223331326532363266333062303765316234343432636331383832633238303537223b),
	('ci_session:5c499ee17f6e61f30919499ffa1dcb3b', '15.235.98.218', 4294967295, _binary 0x5f5f63695f6c6173745f726567656e65726174657c693a313737313231333439313b637372665f746573745f6e616d657c733a33323a226130656665613862373436326333633266353838656137373537613861393534223b),
	('ci_session:5db1203183aebb073fc8f07ce207e9d4', '217.113.196.163', 4294967295, _binary 0x5f5f63695f6c6173745f726567656e65726174657c693a313737303332323633393b637372665f746573745f6e616d657c733a33323a226665323634326337386530323262346261656131313061663138653537343434223b5f63695f70726576696f75735f75726c7c733a32333a2268747470733a2f2f616368656973702e6f6e6c696e652f223b),
	('ci_session:5e2b4485ff0ef879ad334b990f4e2b83', '66.249.85.97', 4294967295, _binary 0x5f5f63695f6c6173745f726567656e65726174657c693a313737303133393836303b637372665f746573745f6e616d657c733a33323a223633383333643464323734333663383737303463396261396133643936653966223b5f63695f70726576696f75735f75726c7c733a33333a2268747470733a2f2f726f6c657362722e636f6d2e62722f6261722f31372d6d2d73223b),
	('ci_session:5e6310e01af1ed1f3a91f131a09c9c6c', '66.220.149.41', 4294967295, _binary 0x5f5f63695f6c6173745f726567656e65726174657c693a313737303136323534343b637372665f746573745f6e616d657c733a33323a223364303836643939393462303665633430363263333862303830663061313537223b5f63695f70726576696f75735f75726c7c733a3137313a2268747470733a2f2f726f6c657362722e636f6d2e62722f3f6662636c69643d49775a58683062674e685a5730434d54454163334a3059775a68634842666157514d4d6a55324d6a67784d4451774e54553441414565357a7449747172484535387271665759554c457067694c59375649795343326c6f6163615f6f6e5439474754464f596875773850614870504a41635f61656d5f5f594633396d4b3361476a7039385936724d32795f77223b),
	('ci_session:5f913369a207ee2f96cb1f08cd745ec7', '::1', 4294967295, _binary 0x5f5f63695f6c6173745f726567656e65726174657c693a313737313037353736383b637372665f746573745f6e616d657c733a33323a223534666634646661666537316135646364356264303432396632313763396431223b5f63695f70726576696f75735f75726c7c733a32393a2268747470733a2f2f726f6c65732e746573742f617574682f6c6f67696e223b5f5f63695f766172737c613a303a7b7d),
	('ci_session:6037e157d9bfe8c78694552e92f1fa40', '193.123.113.221', 4294967295, _binary 0x5f5f63695f6c6173745f726567656e65726174657c693a313737303737343236313b637372665f746573745f6e616d657c733a33323a223534653832653562636132376438343965346563636430363461313431333361223b5f63695f70726576696f75735f75726c7c733a32333a2268747470733a2f2f726f6c657362722e636f6d2e62722f223b),
	('ci_session:605191ea6970ff2f0d27d5fe83a6dd54', '15.235.98.132', 4294967295, _binary 0x5f5f63695f6c6173745f726567656e65726174657c693a313737313231383532353b637372665f746573745f6e616d657c733a33323a226632663463643136636464373831383262613366653436663533393430383065223b),
	('ci_session:606b7771473aa9e664ae7b9ea6d973dd', '177.50.46.206', 4294967295, _binary 0x5f5f63695f6c6173745f726567656e65726174657c693a313737303035393433333b637372665f746573745f6e616d657c733a33323a226563333138393234356437306564396633303063663934633139373138636532223b5f63695f70726576696f75735f75726c7c733a32333a2268747470733a2f2f726f6c657362722e636f6d2e62722f223b),
	('ci_session:6122e56d75c026676e91e23f647aa9d5', '54.39.210.241', 4294967295, _binary 0x5f5f63695f6c6173745f726567656e65726174657c693a313737313231323035323b637372665f746573745f6e616d657c733a33323a223433356131643063316534326434656561353162313463333663393034393733223b),
	('ci_session:623af35d0fa69eb36b2f8526938f2943', '162.120.185.235', 4294967295, _binary 0x5f5f63695f6c6173745f726567656e65726174657c693a313737303235373733383b637372665f746573745f6e616d657c733a33323a226431643461636639666663643139373761366163646536363861616136636432223b5f63695f70726576696f75735f75726c7c733a32333a2268747470733a2f2f726f6c657362722e636f6d2e62722f223b),
	('ci_session:623ddb7e3a7459a38cf418111a410824', '5.255.231.92', 4294967295, _binary 0x5f5f63695f6c6173745f726567656e65726174657c693a313737303339353039343b637372665f746573745f6e616d657c733a33323a226634356233666233663366613132373931373461396530643365633630666636223b5f63695f70726576696f75735f75726c7c733a32333a2268747470733a2f2f726f6c657362722e636f6d2e62722f223b),
	('ci_session:63b54f86cf366959607379758af79148', '173.252.83.10', 4294967295, _binary 0x5f5f63695f6c6173745f726567656e65726174657c693a313737303037333834323b637372665f746573745f6e616d657c733a33323a223534376436326630623739303166626437323432303832636261383561626361223b5f63695f70726576696f75735f75726c7c733a35343a2268747470733a2f2f726f6c657362722e636f6d2e62722f6261722f33372d6b6172616f6b652d74657175696c61732d6f66696369616c223b),
	('ci_session:63def1e8b2215207f030919a191e9fda', '15.235.98.212', 4294967295, _binary 0x5f5f63695f6c6173745f726567656e65726174657c693a313737313231343836323b637372665f746573745f6e616d657c733a33323a223362336135313937393135666561366638376561316335373633663465376638223b5f63695f70726576696f75735f75726c7c733a35313a2268747470733a2f2f726f6c657362722e636f6d2e62722f6261722f32352d726f64697a696f2d6c69626572646164652d323538223b),
	('ci_session:649b41088c82e23765ef8cc6b5fd8c84', '66.249.66.169', 4294967295, _binary 0x5f5f63695f6c6173745f726567656e65726174657c693a313737313139353730323b637372665f746573745f6e616d657c733a33323a223436636633313762666664323738656166626562623939653866653930633664223b5f63695f70726576696f75735f75726c7c733a34313a2268747470733a2f2f7777772e726f6c657362722e636f6d2e62722f6576656e746f2f372d7465737465223b),
	('ci_session:6619c3a4399e009805266257d75a5670', '51.161.65.203', 4294967295, _binary 0x5f5f63695f6c6173745f726567656e65726174657c693a313737313231363230363b637372665f746573745f6e616d657c733a33323a223830616630336331623439333734636661646535663466663435653635386232223b),
	('ci_session:6675b17721687f2418a161d470913ec9', '::1', 4294967295, _binary 0x5f5f63695f6c6173745f726567656e65726174657c693a313737303038393130343b637372665f746573745f6e616d657c733a33323a223038323631633433343137323934646237353931316536343537656635303536223b72656469726563745f75726c7c733a33353a2268747470733a2f2f726f6c65732e746573742f64617368626f6172642f70657266696c223b6572726f727c733a35333a22566f63c3aa2070726563697361206573746172206c6f6761646f2070617261206163657373617220657374612070c3a167696e612e223b5f5f63695f766172737c613a313a7b733a353a226572726f72223b733a333a226e6577223b7d),
	('ci_session:667e9af3b25a1fcac5764ec31078c3d8', '74.7.242.26', 4294967295, _binary 0x5f5f63695f6c6173745f726567656e65726174657c693a313737303635313536323b637372665f746573745f6e616d657c733a33323a223432313761353233396264393166393532383462333937636261663663663361223b),
	('ci_session:6710f17fec106e2203ffd19d93983d97', '15.235.96.199', 4294967295, _binary 0x5f5f63695f6c6173745f726567656e65726174657c693a313737303238313231363b637372665f746573745f6e616d657c733a33323a223662656338376430663536623532613564323865316461373833663931313130223b5f63695f70726576696f75735f75726c7c733a32333a2268747470733a2f2f726f6c657362722e636f6d2e62722f223b),
	('ci_session:67b02d44f8e3a8ee42ee14132791d80f', '51.222.168.83', 4294967295, _binary 0x5f5f63695f6c6173745f726567656e65726174657c693a313737303437363333303b637372665f746573745f6e616d657c733a33323a223939343237666361363134663735386662336230363166643837336166386638223b5f63695f70726576696f75735f75726c7c733a32383a2268747470733a2f2f726f6c657362722e636f6d2e62722f6275736361223b),
	('ci_session:67cebd8860df43d421958f1c37e7cc9d', '74.7.243.228', 4294967295, _binary 0x5f5f63695f6c6173745f726567656e65726174657c693a313737303339313634373b637372665f746573745f6e616d657c733a33323a223265366634353833643863343562303464636638616130643466346163623236223b),
	('ci_session:681bad6242e0e49d03bd56a2d86dd505', '66.102.8.226', 4294967295, _binary 0x5f5f63695f6c6173745f726567656e65726174657c693a313737303037333634313b637372665f746573745f6e616d657c733a33323a223164393338663139376665306531313664313661613031653565636332393561223b5f63695f70726576696f75735f75726c7c733a35343a2268747470733a2f2f726f6c657362722e636f6d2e62722f6261722f33372d6b6172616f6b652d74657175696c61732d6f66696369616c223b),
	('ci_session:6888224a8415ec108f372a4c6fa3d806', '193.123.113.221', 4294967295, _binary 0x5f5f63695f6c6173745f726567656e65726174657c693a313737303433303133363b637372665f746573745f6e616d657c733a33323a223231323736396364316637333232333831343565303763393139313866663434223b5f63695f70726576696f75735f75726c7c733a32333a2268747470733a2f2f726f6c657362722e636f6d2e62722f223b),
	('ci_session:68c28eaa78d6a832fb3249b826145a5a', '15.235.27.154', 4294967295, _binary 0x5f5f63695f6c6173745f726567656e65726174657c693a313737313231353835383b637372665f746573745f6e616d657c733a33323a223036353331623063353135663266393434333464646639623230646466666233223b5f63695f70726576696f75735f75726c7c733a33353a2268747470733a2f2f726f6c657362722e636f6d2e62722f6261722f33302d74616e6b61223b),
	('ci_session:6911e4f1f865f04586cd009882663ff1', '177.50.34.98', 4294967295, _binary 0x5f5f63695f6c6173745f726567656e65726174657c693a313737303234323534383b637372665f746573745f6e616d657c733a33323a223734626635643363333761376535343639633663383966643764663161336138223b5f63695f70726576696f75735f75726c7c733a33323a2268747470733a2f2f726f6c657362722e636f6d2e62722f64617368626f617264223b757365725f69647c733a323a223130223b6e616d657c733a31383a22416c6578616e647265204c65747469657265223b656d61696c7c733a32343a22616c6578616e6472652e7072746e40676d61696c2e636f6d223b726f6c657c733a363a22636c69656e74223b747970655f757365727c693a313b6c6f676765647c623a313b6c6f67696e5f74696d657c693a313737303234323732323b726174655f73746f72795f73746f72655f31307c613a323a7b733a353a227374617274223b693a313737303234323730343b733a353a22636f756e74223b693a313b7d),
	('ci_session:6a2b000e6f0bd6dbceea4604dc7b249a', '74.7.227.167', 4294967295, _binary 0x5f5f63695f6c6173745f726567656e65726174657c693a313737313038343337343b637372665f746573745f6e616d657c733a33323a223334373566623563303138336534323332626665646364393633623139373632223b),
	('ci_session:6ccc33041bdea3845765e3477b48a0ad', '186.220.199.23', 4294967295, _binary 0x5f5f63695f6c6173745f726567656e65726174657c693a313737303038333535333b637372665f746573745f6e616d657c733a33323a223339376438373362326439363039306439666431316233336362373834623536223b72656469726563745f75726c7c733a33323a2268747470733a2f2f726f6c657362722e636f6d2e62722f64617368626f617264223b5f63695f70726576696f75735f75726c7c733a36303a2268747470733a2f2f726f6c657362722e636f6d2e62722f64617368626f6172642f70657266696c2f706f7374732f31332f636f6d6d656e74732f7569223b757365725f69647c733a323a223235223b6e616d657c733a31383a22416c6578616e647265204c65747469657265223b656d61696c7c733a32323a22616c652e6c6574746965726540676d61696c2e636f6d223b726f6c657c733a363a22636c69656e74223b747970655f757365727c693a323b6c6f676765647c623a313b6c6f67696e5f74696d657c693a313737303038333536353b),
	('ci_session:6d4576e2193f6e2c4a3bbd36575756ae', '35.202.179.145', 4294967295, _binary 0x5f5f63695f6c6173745f726567656e65726174657c693a313737303932313930383b637372665f746573745f6e616d657c733a33323a226338376662393934383534343563393736333835613236653333646464616162223b5f63695f70726576696f75735f75726c7c733a32333a2268747470733a2f2f726f6c657362722e636f6d2e62722f223b),
	('ci_session:6d69a3412098c57eb5abf602918f4df4', '173.252.107.6', 4294967295, _binary 0x5f5f63695f6c6173745f726567656e65726174657c693a313737303638383734303b637372665f746573745f6e616d657c733a33323a223036356265306332383866353962343166613363616136346166376438623839223b5f63695f70726576696f75735f75726c7c733a32333a2268747470733a2f2f726f6c657362722e636f6d2e62722f223b),
	('ci_session:6dc4cbdbbd0d4199c6cc012e5f11bcbd', '::1', 4294967295, _binary 0x5f5f63695f6c6173745f726567656e65726174657c693a313737303038333633323b637372665f746573745f6e616d657c733a33323a223834333465636162343863313230316664633137373839633561626237333735223b72656469726563745f75726c7c733a33333a2268747470733a2f2f726f6c65732e746573742f64617368626f6172642f75736572223b6572726f727c733a35333a22566f63c3aa2070726563697361206573746172206c6f6761646f2070617261206163657373617220657374612070c3a167696e612e223b5f5f63695f766172737c613a313a7b733a353a226572726f72223b733a333a226e6577223b7d),
	('ci_session:6de6b13a4103fe7521c40aa44774f03a', '66.249.85.99', 4294967295, _binary 0x5f5f63695f6c6173745f726567656e65726174657c693a313737303333343434313b637372665f746573745f6e616d657c733a33323a223939323732613139306237303631303965383833363434366632326466383736223b5f63695f70726576696f75735f75726c7c733a37373a2268747470733a2f2f726f6c657362722e636f6d2e62722f62757363613f713d53757368692b2665737461646f5f69643d267469706f5f6576656e746f5f69643d267469706f5f6261725f69643d223b),
	('ci_session:6e085fadec516ad4ee4c9bbf94affab4', '54.195.42.169', 4294967295, _binary 0x5f5f63695f6c6173745f726567656e65726174657c693a313737303637303233313b637372665f746573745f6e616d657c733a33323a223230636437623132666664373766396634656562646230636666386432363662223b5f63695f70726576696f75735f75726c7c733a32333a2268747470733a2f2f726f6c657362722e636f6d2e62722f223b),
	('ci_session:6eb3d21ff1ec081167e9c70d35cd415e', '177.50.9.107', 4294967295, _binary 0x5f5f63695f6c6173745f726567656e65726174657c693a313737303635363137313b637372665f746573745f6e616d657c733a33323a223335346232316637346261336130633764306464326139616132663364393462223b5f63695f70726576696f75735f75726c7c733a32333a2268747470733a2f2f726f6c657362722e636f6d2e62722f223b),
	('ci_session:6f9531c4c228d6b76647c79d66a5e1de', '183.207.48.170', 4294967295, _binary 0x5f5f63695f6c6173745f726567656e65726174657c693a313737303938313231373b637372665f746573745f6e616d657c733a33323a226463613036376633643762643335383861663464646439303266613530316339223b5f63695f70726576696f75735f75726c7c733a33303a2268747470733a2f2f726f6c657362722e636f6d2e62722f6576656e746f73223b),
	('ci_session:702ecbf9d0d9fadad661cac36c9a5813', '191.19.12.109', 4294967295, _binary 0x5f5f63695f6c6173745f726567656e65726174657c693a313737303137333331343b637372665f746573745f6e616d657c733a33323a223136346663393538663164623533323530353133653932353835663065363332223b72656469726563745f75726c7c733a33323a2268747470733a2f2f726f6c657362722e636f6d2e62722f64617368626f617264223b5f63695f70726576696f75735f75726c7c733a33303a2268747470733a2f2f726f6c657362722e636f6d2e62722f6576656e746f73223b757365725f69647c733a323a223235223b6e616d657c733a31383a22416c6578616e647265204c65747469657265223b656d61696c7c733a32323a22616c652e6c6574746965726540676d61696c2e636f6d223b726f6c657c733a363a22636c69656e74223b747970655f757365727c693a323b6c6f676765647c623a313b6c6f67696e5f74696d657c693a313737303137333332353b726174655f706f73745f6c696b655f32357c613a323a7b733a353a227374617274223b693a313737303137333332353b733a353a22636f756e74223b693a313b7d),
	('ci_session:7054e780f13d4d10878b00b9dafa6cd2', '142.44.225.212', 4294967295, _binary 0x5f5f63695f6c6173745f726567656e65726174657c693a313737303039333531323b637372665f746573745f6e616d657c733a33323a226136663733633665656266616164383736303536393437336533353362393763223b),
	('ci_session:710ff3ace8d10bf8a09e1d05b54402b2', '34.201.68.28', 4294967295, _binary 0x5f5f63695f6c6173745f726567656e65726174657c693a313737303635373936363b637372665f746573745f6e616d657c733a33323a223366646130333362303634336139613739303031666330303266306261303237223b5f63695f70726576696f75735f75726c7c733a32333a2268747470733a2f2f726f6c657362722e636f6d2e62722f223b),
	('ci_session:714cc112560bbafffa27859190e00d2c', '193.123.113.221', 4294967295, _binary 0x5f5f63695f6c6173745f726567656e65726174657c693a313737303038343437353b637372665f746573745f6e616d657c733a33323a223638623537653234626433376663636462393366306464646334636239366663223b5f63695f70726576696f75735f75726c7c733a32333a2268747470733a2f2f726f6c657362722e636f6d2e62722f223b),
	('ci_session:7194557656403b9274f96feb5dd4df02', '35.175.63.0', 4294967295, _binary 0x5f5f63695f6c6173745f726567656e65726174657c693a313737303034373335313b637372665f746573745f6e616d657c733a33323a226135356562336430323538313434326636353563326464623433386663636138223b5f63695f70726576696f75735f75726c7c733a32333a2268747470733a2f2f726f6c657362722e636f6d2e62722f223b),
	('ci_session:71e1744d0df341dda575ee8b7672be69', '69.171.234.114', 4294967295, _binary 0x5f5f63695f6c6173745f726567656e65726174657c693a313737303037333838343b637372665f746573745f6e616d657c733a33323a226133366564663862373734323262306261376465356166656638393834383536223b5f63695f70726576696f75735f75726c7c733a35343a2268747470733a2f2f726f6c657362722e636f6d2e62722f6261722f33372d6b6172616f6b652d74657175696c61732d6f66696369616c223b),
	('ci_session:727f8f17789b0f481ba29c5299394e99', '192.71.103.173', 4294967295, _binary 0x5f5f63695f6c6173745f726567656e65726174657c693a313737303634333134383b637372665f746573745f6e616d657c733a33323a223866663633616365643239306131333631653433353236616165323933623333223b5f63695f70726576696f75735f75726c7c733a32333a2268747470733a2f2f726f6c657362722e636f6d2e62722f223b),
	('ci_session:732c1b6384b0704df4eb8cd909e81141', '100.31.6.120', 4294967295, _binary 0x5f5f63695f6c6173745f726567656e65726174657c693a313737303831343532353b637372665f746573745f6e616d657c733a33323a226337343936666239373730333438646638343762363265613336363235666438223b5f63695f70726576696f75735f75726c7c733a32333a2268747470733a2f2f726f6c657362722e636f6d2e62722f223b),
	('ci_session:73862ed9dfd5223efa7541a2b076ce7c', '34.174.163.33', 4294967295, _binary 0x5f5f63695f6c6173745f726567656e65726174657c693a313737303938323936353b637372665f746573745f6e616d657c733a33323a226439663163356335616230323738306436626136366530363130343862396165223b5f63695f70726576696f75735f75726c7c733a32333a2268747470733a2f2f726f6c657362722e636f6d2e62722f223b),
	('ci_session:73be64643c33816324735e97abcf701f', '217.113.196.39', 4294967295, _binary 0x5f5f63695f6c6173745f726567656e65726174657c693a313737303631313930323b637372665f746573745f6e616d657c733a33323a223065343366323863383462303135363165666166386164623364346364383133223b5f63695f70726576696f75735f75726c7c733a33303a2268747470733a2f2f726f6c657362722e636f6d2e62722f6576656e746f73223b),
	('ci_session:73f3ae4c5700384a7c532d44dc318e95', '66.249.85.98', 4294967295, _binary 0x5f5f63695f6c6173745f726567656e65726174657c693a313737303133383534383b5f5f63695f766172737c613a303a7b7d637372665f746573745f6e616d657c733a33323a223433373336333839373531323430343633396264663562333166646532656364223b5f63695f70726576696f75735f75726c7c733a33333a2268747470733a2f2f726f6c657362722e636f6d2e62722f617574682f6c6f67696e223b),
	('ci_session:748906d58cc5c1a99dadef31a848bf08', '177.26.241.80', 4294967295, _binary 0x5f5f63695f6c6173745f726567656e65726174657c693a313737303430363634393b637372665f746573745f6e616d657c733a33323a223232353735646431366134363630636631356364643438393130626163663135223b5f63695f70726576696f75735f75726c7c733a33333a2268747470733a2f2f7777772e726f6c657362722e636f6d2e62722f616c62756e73223b),
	('ci_session:7575cb599df5f75e340bb8d07e0f87a5', '189.40.89.251', 4294967295, _binary 0x5f5f63695f6c6173745f726567656e65726174657c693a313737303332313734383b5f5f63695f766172737c613a303a7b7d637372665f746573745f6e616d657c733a33323a223833303938643033616433323037316334653765663863343961656436386163223b5f63695f70726576696f75735f75726c7c733a33333a2268747470733a2f2f726f6c657362722e636f6d2e62722f617574682f6c6f67696e223b),
	('ci_session:7577515f64d111c0db2025a5c6533808', '54.39.136.203', 4294967295, _binary 0x5f5f63695f6c6173745f726567656e65726174657c693a313737313232343237313b637372665f746573745f6e616d657c733a33323a223062343432306266373837396332326163336534383765653637346364623264223b5f63695f70726576696f75735f75726c7c733a36363a2268747470733a2f2f726f6c657362722e636f6d2e62722f616c62756d2f332d626c6f636f2d76656d2d636f6d2d6f2d676967616e74652d6c656f2d73616e74616e61223b),
	('ci_session:7644f6ec67b7b0acde761b3fd3070392', '193.123.113.221', 4294967295, _binary 0x5f5f63695f6c6173745f726567656e65726174657c693a313737303638393236343b637372665f746573745f6e616d657c733a33323a223038646230643930376238643231653735326532323166386230663839303632223b5f63695f70726576696f75735f75726c7c733a32333a2268747470733a2f2f726f6c657362722e636f6d2e62722f223b),
	('ci_session:77329fc6b23654cc36c3abcb30146027', '66.249.88.166', 4294967295, _binary 0x5f5f63695f6c6173745f726567656e65726174657c693a313737303037333639323b637372665f746573745f6e616d657c733a33323a223165393939373966303834636332666661313066646534363133336435343336223b5f63695f70726576696f75735f75726c7c733a33363a2268747470733a2f2f726f6c657362722e636f6d2e62722f6261722f32332d68696e6f6465223b),
	('ci_session:786d36b53ee74ee6f13c918b022e7d0a', '66.249.66.4', 4294967295, _binary 0x5f5f63695f6c6173745f726567656e65726174657c693a313737303036343833383b5f5f63695f766172737c613a303a7b7d637372665f746573745f6e616d657c733a33323a223334613261393238636530363730363937653537306561613636346232383462223b5f63695f70726576696f75735f75726c7c733a34333a2268747470733a2f2f726f6c657362722e636f6d2e62722f617574682f6c6f67696e3f72656469726563743d223b),
	('ci_session:78b3b7952aeb3211bae597a07fbd8baa', '2620:96:e000::104', 4294967295, _binary 0x5f5f63695f6c6173745f726567656e65726174657c693a313737303233373834303b637372665f746573745f6e616d657c733a33323a226235363438373165623437623938663630346465336134363533623132626239223b5f63695f70726576696f75735f75726c7c733a32393a2268747470733a2f2f62617265732e616368656973702e6f6e6c696e652f223b),
	('ci_session:78cdd951552a1ea7cac373fcbaca7602', '189.40.88.16', 4294967295, _binary 0x5f5f63695f6c6173745f726567656e65726174657c693a313737303037333537363b637372665f746573745f6e616d657c733a33323a226130636338363166623430613039623135316530343539366430616235336238223b5f63695f70726576696f75735f75726c7c733a35343a2268747470733a2f2f726f6c657362722e636f6d2e62722f6261722f33372d6b6172616f6b652d74657175696c61732d6f66696369616c223b757365725f69647c733a323a223235223b6e616d657c733a31383a22416c6578616e647265204c65747469657265223b656d61696c7c733a32323a22616c652e6c6574746965726540676d61696c2e636f6d223b726f6c657c733a363a22636c69656e74223b747970655f757365727c693a323b6c6f676765647c623a313b6c6f67696e5f74696d657c693a313737303037333638383b),
	('ci_session:7903092f167dc119d096f3c8e641160d', '51.8.155.69', 4294967295, _binary 0x5f5f63695f6c6173745f726567656e65726174657c693a313737313230393633353b637372665f746573745f6e616d657c733a33323a223764383937303766636437613534616238323965373930343537386133313431223b5f63695f70726576696f75735f75726c7c733a32333a2268747470733a2f2f726f6c657362722e636f6d2e62722f223b),
	('ci_session:79ae29975d337ce438b80cc988309fa4', '217.113.194.83', 4294967295, _binary 0x5f5f63695f6c6173745f726567656e65726174657c693a313737303530383933363b637372665f746573745f6e616d657c733a33323a226637646534356665316265653832386566666532653565653033373236336137223b5f63695f70726576696f75735f75726c7c733a33313a2268747470733a2f2f726f6c657362722e636f6d2e62722f70726f6475746f73223b),
	('ci_session:7a043f787c168c7b03e2957f6b961a53', '66.249.85.98', 4294967295, _binary 0x5f5f63695f6c6173745f726567656e65726174657c693a313737303333343631353b637372665f746573745f6e616d657c733a33323a223465343462643564316235306337373034663134346130633537313864306430223b72656469726563745f75726c7c733a35303a2268747470733a2f2f726f6c657362722e636f6d2e62722f64617368626f6172642f70657266696c2f73746f726965732f7569223b6572726f727c733a35333a22566f63c3aa2070726563697361206573746172206c6f6761646f2070617261206163657373617220657374612070c3a167696e612e223b5f5f63695f766172737c613a313a7b733a353a226572726f72223b733a333a226e6577223b7d),
	('ci_session:7a87c48f10b9eaae70cce75d3918fa80', '108.131.35.204', 4294967295, _binary 0x5f5f63695f6c6173745f726567656e65726174657c693a313737303938353037343b637372665f746573745f6e616d657c733a33323a226164663237346239663363336436643265613765633466323463363461356434223b5f63695f70726576696f75735f75726c7c733a32333a2268747470733a2f2f726f6c657362722e636f6d2e62722f223b),
	('ci_session:7ac57cd9c3d9f167c53c6b955bab9d5b', '142.44.233.239', 4294967295, _binary 0x5f5f63695f6c6173745f726567656e65726174657c693a313737313231323434373b637372665f746573745f6e616d657c733a33323a223231613237666439663137366337306237656435363937336562656631343932223b5f63695f70726576696f75735f75726c7c733a33343a2268747470733a2f2f726f6c657362722e636f6d2e62722f7469706f732d6261722f35223b),
	('ci_session:7ad765e8ea77069d0455276fa4296d56', '217.113.194.89', 4294967295, _binary 0x5f5f63695f6c6173745f726567656e65726174657c693a313737303937343639333b5f5f63695f766172737c613a303a7b7d637372665f746573745f6e616d657c733a33323a226633386134656366663465343163366532366538393365306661623930376433223b5f63695f70726576696f75735f75726c7c733a33333a2268747470733a2f2f726f6c657362722e636f6d2e62722f617574682f6c6f67696e223b),
	('ci_session:7ad8fb4699a3f0bf52aa330ea8cd2f65', '::1', 4294967295, _binary 0x5f5f63695f6c6173745f726567656e65726174657c693a313737303231353539373b637372665f746573745f6e616d657c733a33323a223033306165343463333863343065326633316465643533633938633032313934223b5f63695f70726576696f75735f75726c7c733a31393a2268747470733a2f2f726f6c65732e746573742f223b),
	('ci_session:7b4214afa23f3a2e0a3bf2edc1554317', '5.133.192.138', 4294967295, _binary 0x5f5f63695f6c6173745f726567656e65726174657c693a313737303338373232383b637372665f746573745f6e616d657c733a33323a223665303138643533386664373161333835386331663231303566353936353939223b5f63695f70726576696f75735f75726c7c733a32333a2268747470733a2f2f726f6c657362722e636f6d2e62722f223b),
	('ci_session:7bc9d2bb9f244ad1dee192d9a99acebe', '74.7.227.130', 4294967295, _binary 0x5f5f63695f6c6173745f726567656e65726174657c693a313737303330353133383b637372665f746573745f6e616d657c733a33323a223565366131663534366438373539653432343264346463613665363431353335223b),
	('ci_session:7d0a3872313f08c2bdb093b52ce4fd56', '66.249.88.167', 4294967295, _binary 0x5f5f63695f6c6173745f726567656e65726174657c693a313737303333343530303b637372665f746573745f6e616d657c733a33323a223365373164616639396564313262383462353730613837323766346633633431223b5f63695f70726576696f75735f75726c7c733a34343a2268747470733a2f2f726f6c657362722e636f6d2e62722f6261722f31362d65737061636f2d6176656e696461223b),
	('ci_session:7d48addda7e860f8a50b7b68b679966b', '66.249.66.65', 4294967295, _binary 0x5f5f63695f6c6173745f726567656e65726174657c693a313737303333343239333b637372665f746573745f6e616d657c733a33323a226464313464643337323036626333393231383534626463343338626530613664223b5f63695f70726576696f75735f75726c7c733a32333a2268747470733a2f2f726f6c657362722e636f6d2e62722f223b),
	('ci_session:7d9241449876deb75ecca1c688bb3e07', '173.252.83.116', 4294967295, _binary 0x5f5f63695f6c6173745f726567656e65726174657c693a313737303037333834323b637372665f746573745f6e616d657c733a33323a223133396562613166626230313535613239623332653064326636393937323537223b5f63695f70726576696f75735f75726c7c733a35343a2268747470733a2f2f726f6c657362722e636f6d2e62722f6261722f33372d6b6172616f6b652d74657175696c61732d6f66696369616c223b),
	('ci_session:7ec36a5c68ea267f6eec661e13e6d9bf', '66.249.88.166', 4294967295, _binary 0x5f5f63695f6c6173745f726567656e65726174657c693a313737303036333539363b637372665f746573745f6e616d657c733a33323a226130333361316466336330356131653935303961643131313731343534356263223b5f63695f70726576696f75735f75726c7c733a34343a2268747470733a2f2f726f6c657362722e636f6d2e62722f6261722f31362d65737061636f2d6176656e696461223b),
	('ci_session:7f5732a4a40bc7e42f26b43e750a2422', '46.17.174.174', 4294967295, _binary 0x5f5f63695f6c6173745f726567656e65726174657c693a313737303630393633393b637372665f746573745f6e616d657c733a33323a226463366132613331323161323236356432623563303963376665313539313065223b5f63695f70726576696f75735f75726c7c733a32333a2268747470733a2f2f726f6c657362722e636f6d2e62722f223b),
	('ci_session:7f6263c387dc2a9542d61fbfde5c6f7b', '54.144.202.68', 4294967295, _binary 0x5f5f63695f6c6173745f726567656e65726174657c693a313737303839383131323b637372665f746573745f6e616d657c733a33323a226633623363396535646137373236663564353333653732396266346430396536223b5f63695f70726576696f75735f75726c7c733a32333a2268747470733a2f2f726f6c657362722e636f6d2e62722f223b),
	('ci_session:7f9b3ee9690774af7fdf48fc1e6aa6a2', '177.125.168.228', 4294967295, _binary 0x5f5f63695f6c6173745f726567656e65726174657c693a313737303334313030353b637372665f746573745f6e616d657c733a33323a226437353836363137616230343935363031316335623463633863396366633732223b72656469726563745f75726c7c733a33323a2268747470733a2f2f726f6c657362722e636f6d2e62722f64617368626f617264223b6572726f727c733a35333a22566f63c3aa2070726563697361206573746172206c6f6761646f2070617261206163657373617220657374612070c3a167696e612e223b5f5f63695f766172737c613a313a7b733a353a226572726f72223b733a333a226f6c64223b7d5f63695f70726576696f75735f75726c7c733a33333a2268747470733a2f2f726f6c657362722e636f6d2e62722f617574682f6c6f67696e223b),
	('ci_session:80a5f26245e7136e6c232f14fddc2d8d', '82.24.224.192', 4294967295, _binary 0x5f5f63695f6c6173745f726567656e65726174657c693a313737303235373137383b637372665f746573745f6e616d657c733a33323a223965336665326435643336656331386663666563306166363232386466303061223b5f63695f70726576696f75735f75726c7c733a32333a2268747470733a2f2f726f6c657362722e636f6d2e62722f223b),
	('ci_session:812ebbbc600a4932ab7040b566780356', '17.246.19.166', 4294967295, _binary 0x5f5f63695f6c6173745f726567656e65726174657c693a313737313031303639393b637372665f746573745f6e616d657c733a33323a223136613263356365636464386261343265306366623432633735336661303062223b5f63695f70726576696f75735f75726c7c733a32373a2268747470733a2f2f7777772e726f6c657362722e636f6d2e62722f223b),
	('ci_session:8277551e3c6f0784015b7a9db393e2cf', '183.207.48.170', 4294967295, _binary 0x5f5f63695f6c6173745f726567656e65726174657c693a313737303938313233333b637372665f746573745f6e616d657c733a33323a223733326363333537613739353431303931643333363933613732386262666431223b5f63695f70726576696f75735f75726c7c733a32393a2268747470733a2f2f726f6c657362722e636f6d2e62722f616c62756e73223b),
	('ci_session:8285547a383b059817b0e0fbb626c741', '54.39.203.158', 4294967295, _binary 0x5f5f63695f6c6173745f726567656e65726174657c693a313737303037313235393b637372665f746573745f6e616d657c733a33323a226632303637346236333263623763323834323032326562363334636539376161223b5f63695f70726576696f75735f75726c7c733a32333a2268747470733a2f2f726f6c657362722e636f6d2e62722f223b),
	('ci_session:82c8513df0797638c20cd5276531178f', '69.63.189.44', 4294967295, _binary 0x5f5f63695f6c6173745f726567656e65726174657c693a313737303037343234303b637372665f746573745f6e616d657c733a33323a223933663039636435633335313737663166386132396335663936356238633431223b5f63695f70726576696f75735f75726c7c733a35343a2268747470733a2f2f726f6c657362722e636f6d2e62722f6261722f33372d6b6172616f6b652d74657175696c61732d6f66696369616c223b),
	('ci_session:82cdfd7dc02a3c06ed5149f6e01ba79c', '66.249.85.97', 4294967295, _binary 0x5f5f63695f6c6173745f726567656e65726174657c693a313737303037333435363b637372665f746573745f6e616d657c733a33323a223232326133323930656337303839633765353862623065656161376436616230223b72656469726563745f75726c7c733a35353a2268747470733a2f2f726f6c657362722e636f6d2e62722f64617368626f6172642f61646d696e2f6573746162656c6563696d656e746f73223b6572726f727c733a35333a22566f63c3aa2070726563697361206573746172206c6f6761646f2070617261206163657373617220657374612070c3a167696e612e223b5f5f63695f766172737c613a313a7b733a353a226572726f72223b733a333a226e6577223b7d),
	('ci_session:8367a55f72ea451d0b5a7c5b4e9fdcb7', '148.113.130.117', 4294967295, _binary 0x5f5f63695f6c6173745f726567656e65726174657c693a313737303732303133353b637372665f746573745f6e616d657c733a33323a223262653038656635306639323361303162376263353032656534346439373638223b5f63695f70726576696f75735f75726c7c733a32333a2268747470733a2f2f726f6c657362722e636f6d2e62722f223b),
	('ci_session:83aea9d2dd87edb76460517b7d6d98d2', '66.249.66.168', 4294967295, _binary 0x5f5f63695f6c6173745f726567656e65726174657c693a313737303534343031363b637372665f746573745f6e616d657c733a33323a226635613763373138643364616338623662643833333636616366653633623137223b),
	('ci_session:83e409cbe6fc4737a2a1cb5ce8d6300d', '173.252.69.112', 4294967295, _binary 0x5f5f63695f6c6173745f726567656e65726174657c693a313737313037363739333b637372665f746573745f6e616d657c733a33323a226362623237653430616138633133313437393738386533313664373462646538223b5f63695f70726576696f75735f75726c7c733a35343a2268747470733a2f2f726f6c657362722e636f6d2e62722f6261722f33372d6b6172616f6b652d74657175696c61732d6f66696369616c223b),
	('ci_session:841438eea6345c3c29695d1920fe7c7a', '66.249.85.99', 4294967295, _binary 0x5f5f63695f6c6173745f726567656e65726174657c693a313737303133383535303b5f5f63695f766172737c613a303a7b7d637372665f746573745f6e616d657c733a33323a223633356535323762366632393139346437383539623161396265363661643566223b5f63695f70726576696f75735f75726c7c733a33333a2268747470733a2f2f726f6c657362722e636f6d2e62722f617574682f6c6f67696e223b),
	('ci_session:841c289761a2c56d0d5d77354fe091fd', '148.113.128.71', 4294967295, _binary 0x5f5f63695f6c6173745f726567656e65726174657c693a313737313232353537393b637372665f746573745f6e616d657c733a33323a223236653264356437646637373535303065316530653064303663653063313931223b5f63695f70726576696f75735f75726c7c733a36363a2268747470733a2f2f726f6c657362722e636f6d2e62722f616c62756d2f342d626c6f636f2d76656d2d636f6d2d6f2d676967616e74652d6c656f2d73616e74616e61223b),
	('ci_session:84941a6d7d39d1c4dd14c6d4cc17f96b', '51.161.65.53', 4294967295, _binary 0x5f5f63695f6c6173745f726567656e65726174657c693a313737313232373138323b637372665f746573745f6e616d657c733a33323a223635366563393036356233386235613339643864383865343363383061616465223b5f63695f70726576696f75735f75726c7c733a34363a2268747470733a2f2f726f6c657362722e636f6d2e62722f616c62756d2f312d73657274616e656a6f2d7072696d65223b),
	('ci_session:856e6b5b536cc75ef84c923bf9ebfc12', '15.235.96.56', 4294967295, _binary 0x5f5f63695f6c6173745f726567656e65726174657c693a313737313231373838323b637372665f746573745f6e616d657c733a33323a226563313339393466316564383434373165636264633034376262343637303334223b5f63695f70726576696f75735f75726c7c733a34313a2268747470733a2f2f726f6c657362722e636f6d2e62722f6261722f32382d73757368692d6b656e7a6f223b),
	('ci_session:8609ee07c49c95e9ef3ea1f3428c6281', '66.102.8.225', 4294967295, _binary 0x5f5f63695f6c6173745f726567656e65726174657c693a313737303332313530363b637372665f746573745f6e616d657c733a33323a223839316364336264333339356131653735323865623065323735306133663333223b5f63695f70726576696f75735f75726c7c733a32333a2268747470733a2f2f726f6c657362722e636f6d2e62722f223b),
	('ci_session:86b9544ec6b053ce406ae62435ec3f96', '217.113.194.246', 4294967295, _binary 0x5f5f63695f6c6173745f726567656e65726174657c693a313737303937343731393b637372665f746573745f6e616d657c733a33323a223962633832303638316338653936386161306338303830346366303130613834223b5f63695f70726576696f75735f75726c7c733a33323a2268747470733a2f2f726f6c657362722e636f6d2e62722f696e67726573736f73223b),
	('ci_session:87a19ef4eed53a88fd32068dec802c0a', '66.249.85.97', 4294967295, _binary 0x5f5f63695f6c6173745f726567656e65726174657c693a313737303234323535303b637372665f746573745f6e616d657c733a33323a223430666334663363396462333933343736353432633861373932323634626235223b72656469726563745f75726c7c733a33323a2268747470733a2f2f726f6c657362722e636f6d2e62722f64617368626f617264223b6572726f727c733a35333a22566f63c3aa2070726563697361206573746172206c6f6761646f2070617261206163657373617220657374612070c3a167696e612e223b5f5f63695f766172737c613a313a7b733a353a226572726f72223b733a333a226e6577223b7d),
	('ci_session:8835cbd42e3586f96c94df07b09dcd8d', '::1', 4294967295, _binary 0x5f5f63695f6c6173745f726567656e65726174657c693a313737303034383635363b637372665f746573745f6e616d657c733a33323a226563323066383636663739326162316239383166613538333166323031646362223b5f63695f70726576696f75735f75726c7c733a3130333a2268747470733a2f2f726f6c65732e746573742f62757363613f713d6a6f686e2665737461646f5f69643d3236266369646164655f69643d353236352662616972726f5f69643d35363030267469706f5f6576656e746f5f69643d267469706f5f6261725f69643d223b72656469726563745f75726c7c733a35393a2268747470733a2f2f726f6c65732e746573742f64617368626f6172642f61646d696e2f6573746162656c6563696d656e746f732f73686f772f3130223b6572726f727c733a35333a22566f63c3aa2070726563697361206573746172206c6f6761646f2070617261206163657373617220657374612070c3a167696e612e223b5f5f63695f766172737c613a313a7b733a353a226572726f72223b733a333a226e6577223b7d),
	('ci_session:88ac0da09c344616361a8203d933ed32', '142.44.220.173', 4294967295, _binary 0x5f5f63695f6c6173745f726567656e65726174657c693a313737313136333138323b637372665f746573745f6e616d657c733a33323a223538356265386662623061613530623166363633336531373262393462646663223b5f63695f70726576696f75735f75726c7c733a32333a2268747470733a2f2f726f6c657362722e636f6d2e62722f223b),
	('ci_session:88d5900d843432441df12c4ba5a5e8c0', '66.220.149.35', 4294967295, _binary 0x5f5f63695f6c6173745f726567656e65726174657c693a313737303037333834393b637372665f746573745f6e616d657c733a33323a223439336134653632613961353661323639613937396635366138623261343165223b5f63695f70726576696f75735f75726c7c733a3230323a2268747470733a2f2f726f6c657362722e636f6d2e62722f6261722f33372d6b6172616f6b652d74657175696c61732d6f66696369616c3f6662636c69643d49775a58683062674e685a5730434d54454163334a3059775a68634842666157514d4d6a55324d6a67784d4451774e54553441414565427472374b7a55525661346e5436796f57695836756436734b62335f51794b435135372d6b76454171784f4c5177384a4e3641793758435f67666f5f61656d5f586d4163483469344230334e77484f70704456492d77223b),
	('ci_session:8b7a77be9ab6a44811717d4756078dbe', '193.123.113.221', 4294967295, _binary 0x5f5f63695f6c6173745f726567656e65726174657c693a313737303630323832303b637372665f746573745f6e616d657c733a33323a223363303534373666353662626331653939633264366366303430356434653964223b5f63695f70726576696f75735f75726c7c733a32333a2268747470733a2f2f726f6c657362722e636f6d2e62722f223b),
	('ci_session:8bc0999caf45cd61499dabdd6872fcff', '217.113.194.87', 4294967295, _binary 0x5f5f63695f6c6173745f726567656e65726174657c693a313737303937343638303b637372665f746573745f6e616d657c733a33323a226431613939643866636266626331623463666239626430346230323966376339223b5f63695f70726576696f75735f75726c7c733a33303a2268747470733a2f2f726f6c657362722e636f6d2e62722f6576656e746f73223b),
	('ci_session:8c85a44e2be6f37698b15c8bd323099d', '191.19.12.109', 4294967295, _binary 0x5f5f63695f6c6173745f726567656e65726174657c693a313737303137323436313b637372665f746573745f6e616d657c733a33323a223539346166626233373762656261383761326430373334353933313035633062223b5f63695f70726576696f75735f75726c7c733a32333a2268747470733a2f2f726f6c657362722e636f6d2e62722f223b757365725f69647c733a323a223130223b6e616d657c733a31383a22416c6578616e647265204c65747469657265223b656d61696c7c733a32343a22616c6578616e6472652e7072746e40676d61696c2e636f6d223b726f6c657c733a363a22636c69656e74223b747970655f757365727c693a313b6c6f676765647c623a313b6c6f67696e5f74696d657c693a313737303137323531363b726174655f73746f72795f73746f72655f31307c613a323a7b733a353a227374617274223b693a313737303137323438303b733a353a22636f756e74223b693a313b7d726174655f706f73745f73746f72655f31307c613a323a7b733a353a227374617274223b693a313737303137323531323b733a353a22636f756e74223b693a313b7d),
	('ci_session:8d1973c827510550fc3e7e800d8606c4', '191.19.12.109', 4294967295, _binary 0x5f5f63695f6c6173745f726567656e65726174657c693a313737303037393435393b637372665f746573745f6e616d657c733a33323a223465343230663731666237623535656532336437663836636431333137313963223b72656469726563745f75726c7c733a33323a2268747470733a2f2f726f6c657362722e636f6d2e62722f64617368626f617264223b6572726f727c733a35333a22566f63c3aa2070726563697361206573746172206c6f6761646f2070617261206163657373617220657374612070c3a167696e612e223b5f5f63695f766172737c613a313a7b733a353a226572726f72223b733a333a226e6577223b7d),
	('ci_session:8d203b7190c30992681492731b0b877c', '::1', 4294967295, _binary 0x5f5f63695f6c6173745f726567656e65726174657c693a313737303132353331393b637372665f746573745f6e616d657c733a33323a223735613632636631376639336466613530343039643335323331343565396131223b72656469726563745f75726c7c733a33333a2268747470733a2f2f726f6c65732e746573742f64617368626f6172642f75736572223b6572726f727c733a35333a22566f63c3aa2070726563697361206573746172206c6f6761646f2070617261206163657373617220657374612070c3a167696e612e223b5f5f63695f766172737c613a313a7b733a353a226572726f72223b733a333a226e6577223b7d),
	('ci_session:8d7b2c5751d5c7a39219385f7712fb5b', '66.249.85.99', 4294967295, _binary 0x5f5f63695f6c6173745f726567656e65726174657c693a313737303333343631353b5f5f63695f766172737c613a303a7b7d637372665f746573745f6e616d657c733a33323a226662623165373932353937303435613339623861323866653137626435383561223b5f63695f70726576696f75735f75726c7c733a33333a2268747470733a2f2f726f6c657362722e636f6d2e62722f617574682f6c6f67696e223b),
	('ci_session:8dac071faabe49e51e90beecad92da5e', '205.169.39.31', 4294967295, _binary 0x5f5f63695f6c6173745f726567656e65726174657c693a313737313036323434303b637372665f746573745f6e616d657c733a33323a226235313335616632343330643133313738623031636661396434643631306336223b5f63695f70726576696f75735f75726c7c733a32333a2268747470733a2f2f726f6c657362722e636f6d2e62722f223b),
	('ci_session:8dbe504706b3679fec794967b28df6bf', '::1', 4294967295, _binary 0x5f5f63695f6c6173745f726567656e65726174657c693a313737313234373339303b637372665f746573745f6e616d657c733a33323a223761656466303535393032373930653636653032376161316433313038626166223b5f63695f70726576696f75735f75726c7c733a31393a2268747470733a2f2f726f6c65732e746573742f223b),
	('ci_session:8e4ba9257613cfd30a70d76989e940de', '146.190.243.149', 4294967295, _binary 0x5f5f63695f6c6173745f726567656e65726174657c693a313737313235343739383b637372665f746573745f6e616d657c733a33323a226335313962376366373532343338616231343664323334343266343531643336223b5f63695f70726576696f75735f75726c7c733a32333a2268747470733a2f2f726f6c657362722e636f6d2e62722f223b),
	('ci_session:8ec7acf27dab896bf42035df38193f70', '84.254.106.197', 4294967295, _binary 0x5f5f63695f6c6173745f726567656e65726174657c693a313737303635313839353b637372665f746573745f6e616d657c733a33323a223137323364636361636633326337323534333561623561643861353761306332223b5f63695f70726576696f75735f75726c7c733a32333a2268747470733a2f2f726f6c657362722e636f6d2e62722f223b),
	('ci_session:8fc6b31b275dfa90b8e0b67f3c8cb7df', '173.252.83.3', 4294967295, _binary 0x5f5f63695f6c6173745f726567656e65726174657c693a313737303037333833393b637372665f746573745f6e616d657c733a33323a226135363635653466376566323537366337353763303132363565633439323032223b5f63695f70726576696f75735f75726c7c733a35343a2268747470733a2f2f726f6c657362722e636f6d2e62722f6261722f33372d6b6172616f6b652d74657175696c61732d6f66696369616c223b),
	('ci_session:90a9cdaf9f3444618c1475b55047ce87', '173.252.83.116', 4294967295, _binary 0x5f5f63695f6c6173745f726567656e65726174657c693a313737303037333834313b637372665f746573745f6e616d657c733a33323a226532633664353034613239643439623730646466383631306261303631306333223b5f63695f70726576696f75735f75726c7c733a35343a2268747470733a2f2f726f6c657362722e636f6d2e62722f6261722f33372d6b6172616f6b652d74657175696c61732d6f66696369616c223b),
	('ci_session:90c78585e88cbe44a9814f9c917097c1', '191.19.12.109', 4294967295, _binary 0x5f5f63695f6c6173745f726567656e65726174657c693a313737303133333235313b637372665f746573745f6e616d657c733a33323a226338366334373433623538313435323963303762306162383165633862326138223b72656469726563745f75726c7c733a34353a2268747470733a2f2f726f6c657362722e636f6d2e62722f64617368626f6172642f757365722f6576656e746f73223b5f63695f70726576696f75735f75726c7c733a33333a2268747470733a2f2f726f6c657362722e636f6d2e62722f617574682f6c6f67696e223b6572726f727c733a35333a22566f63c3aa2070726563697361206573746172206c6f6761646f2070617261206163657373617220657374612070c3a167696e612e223b5f5f63695f766172737c613a313a7b733a353a226572726f72223b733a333a226f6c64223b7d),
	('ci_session:91004006d00305303bfd9727ac2d1794', '66.249.66.11', 4294967295, _binary 0x5f5f63695f6c6173745f726567656e65726174657c693a313737313138303930383b637372665f746573745f6e616d657c733a33323a226631666232393466303934613764313563643032303236376162356562663062223b5f63695f70726576696f75735f75726c7c733a32373a2268747470733a2f2f7777772e726f6c657362722e636f6d2e62722f223b),
	('ci_session:9131fb8c141f84c6a0c3385344987c17', '183.207.48.170', 4294967295, _binary 0x5f5f63695f6c6173745f726567656e65726174657c693a313737303938313230363b637372665f746573745f6e616d657c733a33323a223162643265373437363134316261346130356335306464616435656564653133223b5f63695f70726576696f75735f75726c7c733a32333a2268747470733a2f2f726f6c657362722e636f6d2e62722f223b),
	('ci_session:9146909cb0edd2cdc10f4dc6a7139884', '148.113.130.140', 4294967295, _binary 0x5f5f63695f6c6173745f726567656e65726174657c693a313737313231333834353b637372665f746573745f6e616d657c733a33323a223965313764373361323066316161663235613631313638336239396236303032223b5f63695f70726576696f75735f75726c7c733a33373a2268747470733a2f2f726f6c657362722e636f6d2e62722f6576656e746f2f372d7465737465223b),
	('ci_session:91569b6b92687faa869c5b78d5b4843e', '200.39.53.194', 4294967295, _binary 0x5f5f63695f6c6173745f726567656e65726174657c693a313737313139313730313b637372665f746573745f6e616d657c733a33323a226265373638643534333836663839663133626537396635323139363462663733223b5f63695f70726576696f75735f75726c7c733a32333a2268747470733a2f2f726f6c657362722e636f6d2e62722f223b),
	('ci_session:91657a495488ef6f35ff28309d59f3ad', '69.63.189.16', 4294967295, _binary 0x5f5f63695f6c6173745f726567656e65726174657c693a313737303037333839343b637372665f746573745f6e616d657c733a33323a226163353639653532383564386634643663663833323234643563336565306633223b5f63695f70726576696f75735f75726c7c733a35343a2268747470733a2f2f726f6c657362722e636f6d2e62722f6261722f33372d6b6172616f6b652d74657175696c61732d6f66696369616c223b),
	('ci_session:922cb137d6a8f1395efe681e03ffcbc4', '183.207.48.170', 4294967295, _binary 0x5f5f63695f6c6173745f726567656e65726174657c693a313737303938313231323b637372665f746573745f6e616d657c733a33323a223039613963643933383863343166626534366138333863633665323536663139223b5f63695f70726576696f75735f75726c7c733a33303a2268747470733a2f2f726f6c657362722e636f6d2e62722f73746f72696573223b),
	('ci_session:924ddc31412b4e574aac37ebe5ef3a71', '191.19.12.109', 4294967295, _binary 0x5f5f63695f6c6173745f726567656e65726174657c693a313737303037393435393b5f5f63695f766172737c613a303a7b7d637372665f746573745f6e616d657c733a33323a226466346361613633303031643733633737636539373239366665303138646236223b5f63695f70726576696f75735f75726c7c733a33333a2268747470733a2f2f726f6c657362722e636f6d2e62722f617574682f6c6f67696e223b),
	('ci_session:92ccc7fb450854bcf76e76f599166f95', '15.235.96.28', 4294967295, _binary 0x5f5f63695f6c6173745f726567656e65726174657c693a313737313232363138333b637372665f746573745f6e616d657c733a33323a223838326563643731646239633862303333643638376461636565613463313663223b5f63695f70726576696f75735f75726c7c733a35393a2268747470733a2f2f726f6c657362722e636f6d2e62722f6261722f31392d63686179656e6e2d6368612d636f6d2d616c6d612d6f7269656e74616c223b),
	('ci_session:92d975eaf436eecab84cb119204d6e42', '::1', 4294967295, _binary 0x5f5f63695f6c6173745f726567656e65726174657c693a313737303035343431363b637372665f746573745f6e616d657c733a33323a223939383736356637343039303136626537663039623535363337393336623264223b72656469726563745f75726c7c733a33333a2268747470733a2f2f726f6c65732e746573742f64617368626f6172642f75736572223b6572726f727c733a35333a22566f63c3aa2070726563697361206573746172206c6f6761646f2070617261206163657373617220657374612070c3a167696e612e223b5f5f63695f766172737c613a313a7b733a353a226572726f72223b733a333a226e6577223b7d),
	('ci_session:9320a4fc441a2ac7ff4545cf7ddbe959', '177.30.129.73', 4294967295, _binary 0x5f5f63695f6c6173745f726567656e65726174657c693a313737303134323137303b637372665f746573745f6e616d657c733a33323a226430333539393461616232636131646434626238663064633634663961636536223b5f63695f70726576696f75735f75726c7c733a32333a2268747470733a2f2f726f6c657362722e636f6d2e62722f223b757365725f69647c733a323a223235223b6e616d657c733a31383a22416c6578616e647265204c65747469657265223b656d61696c7c733a32323a22616c652e6c6574746965726540676d61696c2e636f6d223b726f6c657c733a363a22636c69656e74223b747970655f757365727c693a323b6c6f676765647c623a313b6c6f67696e5f74696d657c693a313737303134323239303b726174655f706f73745f6c696b655f32357c613a323a7b733a353a227374617274223b693a313737303134323138303b733a353a22636f756e74223b693a313b7d726174655f73746f72795f73746f72655f32357c613a323a7b733a353a227374617274223b693a313737303134323231373b733a353a22636f756e74223b693a313b7d),
	('ci_session:93900e53f3f11440f8fd2bac94970141', '191.19.12.109', 4294967295, _binary 0x5f5f63695f6c6173745f726567656e65726174657c693a313737303436323735343b637372665f746573745f6e616d657c733a33323a223637353430666330303835666465613266663463303338323834616534643735223b5f63695f70726576696f75735f75726c7c733a32333a2268747470733a2f2f726f6c657362722e636f6d2e62722f223b),
	('ci_session:93ac7cfd3c0d5e5bdbf964f401a978e3', '66.249.85.98', 4294967295, _binary 0x5f5f63695f6c6173745f726567656e65726174657c693a313737303332313732373b637372665f746573745f6e616d657c733a33323a226339363731326638326230393165653764656438636338396639363463623666223b72656469726563745f75726c7c733a35343a2268747470733a2f2f726f6c657362722e636f6d2e62722f64617368626f6172642f757365722f6573746162656c6563696d656e746f73223b6572726f727c733a35333a22566f63c3aa2070726563697361206573746172206c6f6761646f2070617261206163657373617220657374612070c3a167696e612e223b5f5f63695f766172737c613a313a7b733a353a226572726f72223b733a333a226e6577223b7d),
	('ci_session:93ece84a8f3c462d193d09d78c087e0e', '93.158.91.241', 4294967295, _binary 0x5f5f63695f6c6173745f726567656e65726174657c693a313737313030393039303b637372665f746573745f6e616d657c733a33323a226234343737643737343431626230306338326563343438373033613431343464223b5f63695f70726576696f75735f75726c7c733a32333a2268747470733a2f2f726f6c657362722e636f6d2e62722f223b),
	('ci_session:94029cbec5027e12fd917e2105efde82', '44.236.207.248', 4294967295, _binary 0x5f5f63695f6c6173745f726567656e65726174657c693a313737303230393031373b637372665f746573745f6e616d657c733a33323a223566643537396334633538366633613963323330393364303762303838303134223b5f63695f70726576696f75735f75726c7c733a32373a2268747470733a2f2f7777772e726f6c657362722e636f6d2e62722f223b),
	('ci_session:9436d1b52d4e1ecd638b1faa20b11b73', '173.252.83.6', 4294967295, _binary 0x5f5f63695f6c6173745f726567656e65726174657c693a313737303037333833393b637372665f746573745f6e616d657c733a33323a223165346136663037313234373632626466353062613436316437663665376639223b5f63695f70726576696f75735f75726c7c733a35343a2268747470733a2f2f726f6c657362722e636f6d2e62722f6261722f33372d6b6172616f6b652d74657175696c61732d6f66696369616c223b),
	('ci_session:9440b6c95e66602ed8568522d18da829', '44.236.207.248', 4294967295, _binary 0x5f5f63695f6c6173745f726567656e65726174657c693a313737303230393031373b637372665f746573745f6e616d657c733a33323a223132663766656666613332393163616136646138313335613735313265353265223b5f63695f70726576696f75735f75726c7c733a32333a2268747470733a2f2f726f6c657362722e636f6d2e62722f223b),
	('ci_session:947b405fa28696a46e29f882b8aada1b', '183.207.48.170', 4294967295, _binary 0x5f5f63695f6c6173745f726567656e65726174657c693a313737303938313233353b637372665f746573745f6e616d657c733a33323a223936356266616432333865306239303966623631393630306463633664373738223b5f63695f70726576696f75735f75726c7c733a33393a2268747470733a2f2f726f6c657362722e636f6d2e62722f6573746162656c6563696d656e746f73223b),
	('ci_session:94b947d0ae3b0ab58e278d58084a8808', '177.26.247.39', 4294967295, _binary 0x5f5f63695f6c6173745f726567656e65726174657c693a313737303836313831383b637372665f746573745f6e616d657c733a33323a223231613739323738333139613330376163323134373433636532353137373264223b5f63695f70726576696f75735f75726c7c733a32333a2268747470733a2f2f726f6c657362722e636f6d2e62722f223b),
	('ci_session:94c149439f70e928d391ac34e462928e', '66.249.88.160', 4294967295, _binary 0x5f5f63695f6c6173745f726567656e65726174657c693a313737303530363435303b637372665f746573745f6e616d657c733a33323a226166656130373334313934306532333636316461393239343761376131386664223b5f63695f70726576696f75735f75726c7c733a32333a2268747470733a2f2f726f6c657362722e636f6d2e62722f223b),
	('ci_session:9594552bf2813d023f35ccf055e54cf6', '74.7.227.167', 4294967295, _binary 0x5f5f63695f6c6173745f726567656e65726174657c693a313737303832343733373b637372665f746573745f6e616d657c733a33323a223262303833633631346539316138663331336136363139353030333864376136223b),
	('ci_session:96bc79d61127a4be528b0e99222c9a8e', '54.39.210.48', 4294967295, _binary 0x5f5f63695f6c6173745f726567656e65726174657c693a313737313232313036393b637372665f746573745f6e616d657c733a33323a223161656361303631646166323462303463376334616237393238653137393833223b5f63695f70726576696f75735f75726c7c733a34343a2268747470733a2f2f726f6c657362722e636f6d2e62722f6261722f31362d65737061636f2d6176656e696461223b),
	('ci_session:97490d6f356c7d6b55bdcb3a05c66ca5', '66.249.66.2', 4294967295, _binary 0x5f5f63695f6c6173745f726567656e65726174657c693a313737303333393137383b637372665f746573745f6e616d657c733a33323a226264303538376662313162376166343064346439393462373837323466343330223b5f63695f70726576696f75735f75726c7c733a35373a2268747470733a2f2f726f6c657362722e636f6d2e62722f6261722f31362d65737061636f2d6176656e6964613f7461623d70726f6475746f73223b),
	('ci_session:978b618ce7c689306b2bad48b2215eb9', '217.113.194.82', 4294967295, _binary 0x5f5f63695f6c6173745f726567656e65726174657c693a313737303530383932333b637372665f746573745f6e616d657c733a33323a223230633339613931376463303961376630343030336637323362383266366338223b72656469726563745f75726c7c733a33323a2268747470733a2f2f726f6c657362722e636f6d2e62722f64617368626f617264223b6572726f727c733a35333a22566f63c3aa2070726563697361206573746172206c6f6761646f2070617261206163657373617220657374612070c3a167696e612e223b5f5f63695f766172737c613a313a7b733a353a226572726f72223b733a333a226e6577223b7d),
	('ci_session:97f226177d2fad74e2e35fd9b895d91e', '51.222.168.153', 4294967295, _binary 0x5f5f63695f6c6173745f726567656e65726174657c693a313737313231383937393b637372665f746573745f6e616d657c733a33323a226264353933363765383065336565393530653936666266636466636333333831223b5f63695f70726576696f75735f75726c7c733a34303a2268747470733a2f2f726f6c657362722e636f6d2e62722f6261722f32312d617369612d686f757365223b),
	('ci_session:9907c234787632e00487e132117171a6', '74.7.227.167', 4294967295, _binary 0x5f5f63695f6c6173745f726567656e65726174657c693a313737303939373732303b637372665f746573745f6e616d657c733a33323a226539363262336432326334336231616539396462636531303865643433653236223b),
	('ci_session:991cd4db959681c5f596d29c7c97274c', '183.207.48.170', 4294967295, _binary 0x5f5f63695f6c6173745f726567656e65726174657c693a313737303938313139393b637372665f746573745f6e616d657c733a33323a226462633535343931373533306230316336613530383631383061616635303462223b5f63695f70726576696f75735f75726c7c733a32333a2268747470733a2f2f726f6c657362722e636f6d2e62722f223b),
	('ci_session:993e1b5d977c0fbe81609a9186dc46d1', '93.158.91.12', 4294967295, _binary 0x5f5f63695f6c6173745f726567656e65726174657c693a313737313132343330303b637372665f746573745f6e616d657c733a33323a223637323061383135316235653965306636343438363061656365323633623431223b5f63695f70726576696f75735f75726c7c733a32333a2268747470733a2f2f726f6c657362722e636f6d2e62722f223b),
	('ci_session:9a06ac92525789b72b77a87f788b8ce4', '145.223.58.235', 4294967295, _binary 0x5f5f63695f6c6173745f726567656e65726174657c693a313737303430373436383b637372665f746573745f6e616d657c733a33323a226463373962373064643636386633363431653534363038366663643564326437223b5f63695f70726576696f75735f75726c7c733a32333a2268747470733a2f2f726f6c657362722e636f6d2e62722f223b),
	('ci_session:9b2c7eceef6bbbe9128aabd0d89d34d1', '54.39.6.65', 4294967295, _binary 0x5f5f63695f6c6173745f726567656e65726174657c693a313737303936353633393b637372665f746573745f6e616d657c733a33323a223733363265323338373165303066323635313235623162373932326165666162223b72656469726563745f75726c7c733a33323a2268747470733a2f2f726f6c657362722e636f6d2e62722f64617368626f617264223b6572726f727c733a35333a22566f63c3aa2070726563697361206573746172206c6f6761646f2070617261206163657373617220657374612070c3a167696e612e223b5f5f63695f766172737c613a313a7b733a353a226572726f72223b733a333a226e6577223b7d),
	('ci_session:9b448b0d3356c5114d8bccc9fe973dd2', '66.249.66.167', 4294967295, _binary 0x5f5f63695f6c6173745f726567656e65726174657c693a313737303534303131393b637372665f746573745f6e616d657c733a33323a223938633435666437356633386231633330396333313333366361383364313934223b),
	('ci_session:9b4a31edc19c3713366629056d24b73e', '::1', 4294967295, _binary 0x5f5f63695f6c6173745f726567656e65726174657c693a313737313234373538323b637372665f746573745f6e616d657c733a33323a226435376134383666633062356134376333656263633563306566633736353062223b5f63695f70726576696f75735f75726c7c733a33333a2268747470733a2f2f726f6c65732e746573742f6576656e746f2f372d7465737465223b),
	('ci_session:9b8dfb4b68a05b05da81d764a0c03c1c', '177.50.44.98', 4294967295, _binary 0x5f5f63695f6c6173745f726567656e65726174657c693a313737303934393535323b637372665f746573745f6e616d657c733a33323a223265353439356539656639343430616566386639643766646466346564653164223b5f63695f70726576696f75735f75726c7c733a3130393a2268747470733a2f2f726f6c657362722e636f6d2e62722f62757363613f713d53757368692b2665737461646f5f69643d3236266369646164655f69643d353236352662616972726f5f69643d35363032267469706f5f6576656e746f5f69643d267469706f5f6261725f69643d223b),
	('ci_session:9c587d3b220f0908a3f5bf521d173466', '173.252.127.19', 4294967295, _binary 0x5f5f63695f6c6173745f726567656e65726174657c693a313737303638383734323b637372665f746573745f6e616d657c733a33323a223638356130663739333931373762623661353239616430313637353831353438223b5f63695f70726576696f75735f75726c7c733a3137313a2268747470733a2f2f726f6c657362722e636f6d2e62722f3f6662636c69643d49775a58683062674e685a5730434d54454163334a3059775a68634842666157514d4d6a55324d6a67784d4451774e545534414145654c38563058536e6f586a755962544f337a3530474d746a76303838702d4947646f4e646b59315733724d693570347a576d36715a567931325f45385f61656d5f622d7244324f732d46535f5636464131454f325f3651223b),
	('ci_session:9cb77091aedd4025eec352d9ead51a78', '54.39.6.181', 4294967295, _binary 0x5f5f63695f6c6173745f726567656e65726174657c693a313737303934333631363b637372665f746573745f6e616d657c733a33323a226366626632326531343839366439663734363266626330363930396264326663223b5f63695f70726576696f75735f75726c7c733a32333a2268747470733a2f2f726f6c657362722e636f6d2e62722f223b),
	('ci_session:9d02ddeac1f30bc8db964925248ede68', '173.252.69.116', 4294967295, _binary 0x5f5f63695f6c6173745f726567656e65726174657c693a313737313037363739333b637372665f746573745f6e616d657c733a33323a223235613230363665306635656139313764396631363663613661326363333031223b5f63695f70726576696f75735f75726c7c733a35343a2268747470733a2f2f726f6c657362722e636f6d2e62722f6261722f33372d6b6172616f6b652d74657175696c61732d6f66696369616c223b),
	('ci_session:9d661cc0b6279047023948a2077d1bc5', '142.44.220.225', 4294967295, _binary 0x5f5f63695f6c6173745f726567656e65726174657c693a313737313231363535393b637372665f746573745f6e616d657c733a33323a223736313731313236663439396538326130386362623861303733636462626465223b),
	('ci_session:9d9c1597f20ddc77cb60969ce994aed2', '183.207.48.170', 4294967295, _binary 0x5f5f63695f6c6173745f726567656e65726174657c693a313737303938313235363b637372665f746573745f6e616d657c733a33323a226566386632653164366232396238623138313666313764303561626237373031223b5f63695f70726576696f75735f75726c7c733a32333a2268747470733a2f2f726f6c657362722e636f6d2e62722f223b),
	('ci_session:9e081dde68978b4c8d39ed140d0be4fa', '183.207.48.170', 4294967295, _binary 0x5f5f63695f6c6173745f726567656e65726174657c693a313737303938313234303b637372665f746573745f6e616d657c733a33323a223963613739333562663239613766323830643939343333633934333061353066223b5f63695f70726576696f75735f75726c7c733a32393a2268747470733a2f2f726f6c657362722e636f6d2e62722f616c62756e73223b),
	('ci_session:9e2f595a7726072b14776861e1775915', '183.207.48.170', 4294967295, _binary 0x5f5f63695f6c6173745f726567656e65726174657c693a313737303938313233343b637372665f746573745f6e616d657c733a33323a226161636365396566313762353232373230376333306534356661313939333031223b5f63695f70726576696f75735f75726c7c733a33323a2268747470733a2f2f726f6c657362722e636f6d2e62722f696e67726573736f73223b),
	('ci_session:9e504427d56530488b2bff43239853fb', '183.207.48.170', 4294967295, _binary 0x5f5f63695f6c6173745f726567656e65726174657c693a313737303938313233333b637372665f746573745f6e616d657c733a33323a226236393037313664336532613865306365393166626466303935336263623565223b5f63695f70726576696f75735f75726c7c733a33303a2268747470733a2f2f726f6c657362722e636f6d2e62722f73746f72696573223b),
	('ci_session:9e5e4add17b952cf36c979befda19341', '192.36.109.125', 4294967295, _binary 0x5f5f63695f6c6173745f726567656e65726174657c693a313737303831343639323b637372665f746573745f6e616d657c733a33323a223632353439353666343834643731313136393665353432613134666135643733223b5f63695f70726576696f75735f75726c7c733a32333a2268747470733a2f2f726f6c657362722e636f6d2e62722f223b),
	('ci_session:9ece2f3eeb7e04e968601b02e4b2c9bd', '66.249.88.160', 4294967295, _binary 0x5f5f63695f6c6173745f726567656e65726174657c693a313737303133393836313b637372665f746573745f6e616d657c733a33323a226661643537313330383332636535383864383962616231333032623531303933223b5f63695f70726576696f75735f75726c7c733a33333a2268747470733a2f2f726f6c657362722e636f6d2e62722f6261722f31372d6d2d73223b),
	('ci_session:9ef3d8aa1e50103e65adef33328b8004', '18.204.8.3', 4294967295, _binary 0x5f5f63695f6c6173745f726567656e65726174657c693a313737313137303232383b637372665f746573745f6e616d657c733a33323a223737373139393964623438386530633062326162666130656261356639356230223b5f63695f70726576696f75735f75726c7c733a32333a2268747470733a2f2f726f6c657362722e636f6d2e62722f223b),
	('ci_session:a0d6f719a2ac1a5391cc80ae9e9e9b7f', '159.203.45.187', 4294967295, _binary 0x5f5f63695f6c6173745f726567656e65726174657c693a313737303533303639303b637372665f746573745f6e616d657c733a33323a223662663264346664323962306265613330323962613539373731643333663465223b5f63695f70726576696f75735f75726c7c733a32373a2268747470733a2f2f7777772e726f6c657362722e636f6d2e62722f223b),
	('ci_session:a0fb73f2ade87260d468dfae0eb4d48e', '142.44.220.4', 4294967295, _binary 0x5f5f63695f6c6173745f726567656e65726174657c693a313737313232313032303b637372665f746573745f6e616d657c733a33323a223831346630313931393935356337623237613766363065306632666432353561223b5f63695f70726576696f75735f75726c7c733a34343a2268747470733a2f2f726f6c657362722e636f6d2e62722f6261722f31362d65737061636f2d6176656e696461223b),
	('ci_session:a13d57459ad4a9aeb2fc2bede8724adc', '::1', 4294967295, _binary 0x5f5f63695f6c6173745f726567656e65726174657c693a313737303331303739373b637372665f746573745f6e616d657c733a33323a226330343565326163643562373665663033623731353638356664336435356435223b5f63695f70726576696f75735f75726c7c733a31393a2268747470733a2f2f726f6c65732e746573742f223b),
	('ci_session:a200c5077b3d1d11f14139950af1cb62', '177.26.241.4', 4294967295, _binary 0x5f5f63695f6c6173745f726567656e65726174657c693a313737303734323739363b637372665f746573745f6e616d657c733a33323a223965313835303637353865353263313165373831383465366533353237323662223b5f63695f70726576696f75735f75726c7c733a3236353a2268747470733a2f2f726f6c657362722e636f6d2e62722f616c62756d2f312d73657274616e656a6f2d7072696d653f75746d5f736f757263653d69672675746d5f6d656469756d3d736f6369616c2675746d5f636f6e74656e743d6c696e6b5f696e5f62696f266662636c69643d50416232316a6341506b79516c6c654852754132466c625149784d51427a636e526a426d4677634639705a4138314e6a63774e6a637a4e444d7a4e5449304d6a634141616463787651386f6f4e703174344c51554e51763271517178376f584b43457658494378547a71302d34775872744b455848426d7a41624434494979415f61656d5f496a50625637356c6a69453931517830536d6e523177223b),
	('ci_session:a202fb71bcbccc0429c4d6950a4cbcb0', '3.93.178.87', 4294967295, _binary 0x5f5f63695f6c6173745f726567656e65726174657c693a313737303437363336373b637372665f746573745f6e616d657c733a33323a223531656431343933373839323636393939353331646432306162653631313536223b5f63695f70726576696f75735f75726c7c733a32333a2268747470733a2f2f726f6c657362722e636f6d2e62722f223b),
	('ci_session:a3948a46797636b345f07b2b6d5fc2a7', '217.113.194.220', 4294967295, _binary 0x5f5f63695f6c6173745f726567656e65726174657c693a313737303530383936323b637372665f746573745f6e616d657c733a33323a226330383934363462313361663763393937333966356266326332666362386631223b5f63695f70726576696f75735f75726c7c733a33393a2268747470733a2f2f726f6c657362722e636f6d2e62722f6573746162656c6563696d656e746f73223b),
	('ci_session:a407f3b28a9faef2277980ead6d6a7ad', '167.94.138.194', 4294967295, _binary 0x5f5f63695f6c6173745f726567656e65726174657c693a313737303234343832333b637372665f746573745f6e616d657c733a33323a226166393133383364323731306561383237303031316330666363616364643065223b5f63695f70726576696f75735f75726c7c733a32333a2268747470733a2f2f726f6c657362722e636f6d2e62722f223b),
	('ci_session:a47925ca8e893540eac921acef218cce', '51.222.95.72', 4294967295, _binary 0x5f5f63695f6c6173745f726567656e65726174657c693a313737313231333135373b637372665f746573745f6e616d657c733a33323a226237646639363063663435396634356233343434353839346434306565643837223b5f63695f70726576696f75735f75726c7c733a33343a2268747470733a2f2f726f6c657362722e636f6d2e62722f7469706f732d6261722f34223b),
	('ci_session:a4cef9a7ff75260fff5e0939d421d699', '187.70.54.109', 4294967295, _binary 0x5f5f63695f6c6173745f726567656e65726174657c693a313737303438373436343b637372665f746573745f6e616d657c733a33323a223636666438333636653230663462326137303062306662383166616133333239223b5f63695f70726576696f75735f75726c7c733a32373a2268747470733a2f2f7777772e726f6c657362722e636f6d2e62722f223b),
	('ci_session:a538350f81c453484994b805f4e35f40', '74.7.243.44', 4294967295, _binary 0x5f5f63695f6c6173745f726567656e65726174657c693a313737303833393038393b637372665f746573745f6e616d657c733a33323a223761373666616535323039356238636331663338373139383334313465626630223b5f63695f70726576696f75735f75726c7c733a32383a2268747470733a2f2f726f6c657362722e636f6d2e62722f6275736361223b),
	('ci_session:a5c3cef455ed1756ecb2cbc6c120ee96', '205.169.39.31', 4294967295, _binary 0x637372665f746573745f6e616d657c733a33323a226332623032653733623861666166666336383863383064336530393237663264223b),
	('ci_session:a5fbf10dd02ccc7409f93a63073c1b1b', '106.75.191.153', 4294967295, _binary 0x5f5f63695f6c6173745f726567656e65726174657c693a313737313232333031373b637372665f746573745f6e616d657c733a33323a226263356239616665306234633466666431383264303863616238353534366232223b5f63695f70726576696f75735f75726c7c733a32333a2268747470733a2f2f726f6c657362722e636f6d2e62722f223b),
	('ci_session:a71bce2e741fc4ec809eab2428ac6c5e', '100.31.6.120', 4294967295, _binary 0x5f5f63695f6c6173745f726567656e65726174657c693a313737303831343537393b637372665f746573745f6e616d657c733a33323a226232616536343432303936653135313933303063613062333664323532313766223b5f63695f70726576696f75735f75726c7c733a32333a2268747470733a2f2f726f6c657362722e636f6d2e62722f223b),
	('ci_session:a7ab59329838ea25b7a5424b1858aa5d', '66.249.85.99', 4294967295, _binary 0x5f5f63695f6c6173745f726567656e65726174657c693a313737303137323436333b5f5f63695f766172737c613a303a7b7d637372665f746573745f6e616d657c733a33323a226131663365626338646333643565373133323135306333643838313736323266223b5f63695f70726576696f75735f75726c7c733a33333a2268747470733a2f2f726f6c657362722e636f6d2e62722f617574682f6c6f67696e223b),
	('ci_session:a91fb183e9be75e13c8cc6bd1e8689a4', '74.7.227.167', 4294967295, _binary 0x5f5f63695f6c6173745f726567656e65726174657c693a313737313137303835343b637372665f746573745f6e616d657c733a33323a226662323166326336356537333064363034653639333935386563633937333138223b),
	('ci_session:a93dbd2c30aac47c4655f5b6a1c30642', '34.201.58.60', 4294967295, _binary 0x5f5f63695f6c6173745f726567656e65726174657c693a313737303536333134363b637372665f746573745f6e616d657c733a33323a223962363265636139643766653330303438353363613563323135316130613530223b5f63695f70726576696f75735f75726c7c733a32333a2268747470733a2f2f726f6c657362722e636f6d2e62722f223b),
	('ci_session:a96f50e7c06f3889667c27c13df5ed41', '66.249.66.167', 4294967295, _binary 0x5f5f63695f6c6173745f726567656e65726174657c693a313737303534313233343b637372665f746573745f6e616d657c733a33323a223137323464333239383133336162343739666532363364646333663537313036223b5f63695f70726576696f75735f75726c7c733a32333a2268747470733a2f2f726f6c657362722e636f6d2e62722f223b),
	('ci_session:aa03f0006cd9db2ee3b7227d0652552d', '15.235.27.177', 4294967295, _binary 0x5f5f63695f6c6173745f726567656e65726174657c693a313737313230393937373b637372665f746573745f6e616d657c733a33323a223539626630636564643130643138356263616438623066356134636335643035223b),
	('ci_session:aa0a9c356930e79a5b2735d7829fb538', '66.249.66.169', 4294967295, _binary 0x5f5f63695f6c6173745f726567656e65726174657c693a313737303233353733313b637372665f746573745f6e616d657c733a33323a226662386663336436316437343037616639633934336231626534306334306234223b5f63695f70726576696f75735f75726c7c733a32373a2268747470733a2f2f7777772e726f6c657362722e636f6d2e62722f223b),
	('ci_session:ab26714d52827d44d8fb8a61e3cff10c', '141.138.208.43', 4294967295, _binary 0x5f5f63695f6c6173745f726567656e65726174657c693a313737303039393430313b637372665f746573745f6e616d657c733a33323a223761346234383234613864343035353630376339343130336138343636623462223b),
	('ci_session:abd0b203bbd3396e090ff8c55b04831c', '192.36.109.75', 4294967295, _binary 0x5f5f63695f6c6173745f726567656e65726174657c693a313737303939313532373b637372665f746573745f6e616d657c733a33323a223864386230333638346363303538353465663939313863343930656265363461223b5f63695f70726576696f75735f75726c7c733a32333a2268747470733a2f2f726f6c657362722e636f6d2e62722f223b),
	('ci_session:acae3ddb83b15cb7a08f9558786a3e3a', '193.123.113.221', 4294967295, _binary 0x5f5f63695f6c6173745f726567656e65726174657c693a313737303136393432313b637372665f746573745f6e616d657c733a33323a223566323030303866383737643237306663396563626430663264313931323266223b5f63695f70726576696f75735f75726c7c733a32333a2268747470733a2f2f726f6c657362722e636f6d2e62722f223b),
	('ci_session:ace4418d0f5bd45e024bc8a797dd522a', '54.210.146.249', 4294967295, _binary 0x5f5f63695f6c6173745f726567656e65726174657c693a313737303836373137343b637372665f746573745f6e616d657c733a33323a226161373330363564363734393762636133383534306637386364353232343263223b5f63695f70726576696f75735f75726c7c733a32333a2268747470733a2f2f726f6c657362722e636f6d2e62722f223b),
	('ci_session:ad0798d5dcfea39a01b25ccd88ee2b2b', '66.249.85.97', 4294967295, _binary 0x5f5f63695f6c6173745f726567656e65726174657c693a313737303133383535303b637372665f746573745f6e616d657c733a33323a226365666137656336633534646330396662633931383739313532306133623662223b72656469726563745f75726c7c733a33323a2268747470733a2f2f726f6c657362722e636f6d2e62722f64617368626f617264223b6572726f727c733a35333a22566f63c3aa2070726563697361206573746172206c6f6761646f2070617261206163657373617220657374612070c3a167696e612e223b5f5f63695f766172737c613a313a7b733a353a226572726f72223b733a333a226e6577223b7d),
	('ci_session:ad9bb6b6e2b81829496f09220d967930', '66.249.85.99', 4294967295, _binary 0x5f5f63695f6c6173745f726567656e65726174657c693a313737303037333633393b637372665f746573745f6e616d657c733a33323a223132376162626466643934376263323338613536633636353334643636313839223b5f63695f70726576696f75735f75726c7c733a35343a2268747470733a2f2f726f6c657362722e636f6d2e62722f6261722f33372d6b6172616f6b652d74657175696c61732d6f66696369616c223b),
	('ci_session:ae7ed952288c3c941f8e443da44de868', '183.207.48.170', 4294967295, _binary 0x5f5f63695f6c6173745f726567656e65726174657c693a313737303938313233313b637372665f746573745f6e616d657c733a33323a223934623635383566356366303539373866356639613839303236313730626466223b5f63695f70726576696f75735f75726c7c733a32333a2268747470733a2f2f726f6c657362722e636f6d2e62722f223b),
	('ci_session:aed499de3fa6711d19f3e96ad8bddc8a', '186.220.199.23', 4294967295, _binary 0x5f5f63695f6c6173745f726567656e65726174657c693a313737303837323735373b637372665f746573745f6e616d657c733a33323a226538653364393265643835323433333965336430323538303664306433623662223b5f63695f70726576696f75735f75726c7c733a32333a2268747470733a2f2f726f6c657362722e636f6d2e62722f223b),
	('ci_session:afb5febfae24ed6bdd934a69e9618ba6', '217.113.196.35', 4294967295, _binary 0x5f5f63695f6c6173745f726567656e65726174657c693a313737303631313831303b637372665f746573745f6e616d657c733a33323a223663346132656262616335356533323063333037626234666332336237346236223b5f63695f70726576696f75735f75726c7c733a32383a2268747470733a2f2f726f6c657362722e636f6d2e62722f6275736361223b),
	('ci_session:afe55b8c4947e153c3c409190450ce49', '177.62.235.222', 4294967295, _binary 0x5f5f63695f6c6173745f726567656e65726174657c693a313737303431363431393b637372665f746573745f6e616d657c733a33323a223032303332633261323634643435346634336565373539616435356265623562223b5f63695f70726576696f75735f75726c7c733a3236353a2268747470733a2f2f726f6c657362722e636f6d2e62722f616c62756d2f312d73657274616e656a6f2d7072696d653f75746d5f736f757263653d69672675746d5f6d656469756d3d736f6369616c2675746d5f636f6e74656e743d6c696e6b5f696e5f62696f266662636c69643d50416232316a6341506b79516c6c654852754132466c625149784d51427a636e526a426d4677634639705a4138314e6a63774e6a637a4e444d7a4e5449304d6a634141616463787651386f6f4e703174344c51554e51763271517178376f584b43457658494378547a71302d34775872744b455848426d7a41624434494979415f61656d5f496a50625637356c6a69453931517830536d6e523177223b),
	('ci_session:b035f249fe7747c0ca8a1702f64b0261', '93.158.90.70', 4294967295, _binary 0x5f5f63695f6c6173745f726567656e65726174657c693a313737303139383335333b637372665f746573745f6e616d657c733a33323a226635363838663363623139363034653964663764353831323264353639346538223b5f63695f70726576696f75735f75726c7c733a32333a2268747470733a2f2f726f6c657362722e636f6d2e62722f223b),
	('ci_session:b068aa6437cc91663ff066188be07a1d', '127.0.0.1', 4294967295, _binary 0x5f5f63695f6c6173745f726567656e65726174657c693a313737303035363031303b637372665f746573745f6e616d657c733a33323a226239303039353264656136336266633664346132663363613933313833326530223b5f63695f70726576696f75735f75726c7c733a32373a2268747470733a2f2f726f6c65732e746573742f62757363613f713d223b757365725f69647c733a323a223235223b6e616d657c733a31383a22416c6578616e647265204c65747469657265223b656d61696c7c733a32323a22616c652e6c6574746965726540676d61696c2e636f6d223b726f6c657c733a363a22636c69656e74223b747970655f757365727c693a323b6c6f676765647c623a313b6c6f67696e5f74696d657c693a313737303035363031303b),
	('ci_session:b15e7b7b04025748d354afe35bd8c70a', '177.196.38.25', 4294967295, _binary 0x5f5f63695f6c6173745f726567656e65726174657c693a313737303436303035303b637372665f746573745f6e616d657c733a33323a223461653839353063386465363063336634663434653434646130643031353361223b5f63695f70726576696f75735f75726c7c733a33333a2268747470733a2f2f7777772e726f6c657362722e636f6d2e62722f616c62756e73223b),
	('ci_session:b1745e646ce1ed3b4407b7fd064d99c0', '191.233.1.116', 4294967295, _binary 0x5f5f63695f6c6173745f726567656e65726174657c693a313737313139343239373b637372665f746573745f6e616d657c733a33323a223037663338326538343434336531623262393264666565666466636363376439223b5f63695f70726576696f75735f75726c7c733a32333a2268747470733a2f2f726f6c657362722e636f6d2e62722f223b),
	('ci_session:b17996f92df9ce714361bca3f16ff941', '44.236.207.248', 4294967295, _binary 0x5f5f63695f6c6173745f726567656e65726174657c693a313737303230393031373b637372665f746573745f6e616d657c733a33323a226133663066396537623230313330616639393530666532626431646437643931223b5f63695f70726576696f75735f75726c7c733a32333a2268747470733a2f2f726f6c657362722e636f6d2e62722f223b),
	('ci_session:b1fa2e6d7355d084a472f9549420c649', '69.63.189.3', 4294967295, _binary 0x5f5f63695f6c6173745f726567656e65726174657c693a313737303039313830353b637372665f746573745f6e616d657c733a33323a223832366533373534393664366539383937303530353137373037326538326135223b),
	('ci_session:b22cd346ca4c832a3761798b9e91cc1d', '217.113.194.84', 4294967295, _binary 0x5f5f63695f6c6173745f726567656e65726174657c693a313737303530383934393b637372665f746573745f6e616d657c733a33323a223661333035646330316236303364623032306166383261336162376434613366223b5f63695f70726576696f75735f75726c7c733a33323a2268747470733a2f2f726f6c657362722e636f6d2e62722f636172646170696f73223b),
	('ci_session:b26f0ee7d73fd23ffe1a3e5e2868e02a', '148.113.130.93', 4294967295, _binary 0x5f5f63695f6c6173745f726567656e65726174657c693a313737303439343332333b637372665f746573745f6e616d657c733a33323a223964613238396364613237346264386437363165613934373463376131666332223b5f63695f70726576696f75735f75726c7c733a33303a2268747470733a2f2f726f6c657362722e636f6d2e62722f73746f72696573223b),
	('ci_session:b28f8262ccad0c7fa90662926dc30f78', '54.39.6.247', 4294967295, _binary 0x5f5f63695f6c6173745f726567656e65726174657c693a313737303939313931353b637372665f746573745f6e616d657c733a33323a226337353737343130636339333132366536643865323364396566666466356630223b5f63695f70726576696f75735f75726c7c733a32333a2268747470733a2f2f726f6c657362722e636f6d2e62722f223b),
	('ci_session:b41c7be4d1e2293377345073882f0bb3', '193.123.113.221', 4294967295, _binary 0x5f5f63695f6c6173745f726567656e65726174657c693a313737303334333733323b637372665f746573745f6e616d657c733a33323a223639383134333734346230313931646266636630363661333831636464363963223b5f63695f70726576696f75735f75726c7c733a32333a2268747470733a2f2f726f6c657362722e636f6d2e62722f223b),
	('ci_session:b503b16e2c50bc51584724830c34c494', '183.207.48.170', 4294967295, _binary 0x5f5f63695f6c6173745f726567656e65726174657c693a313737303938313235343b5f5f63695f766172737c613a303a7b7d637372665f746573745f6e616d657c733a33323a223531656661336562663133333334656462316432623331363637323938636462223b5f63695f70726576696f75735f75726c7c733a33333a2268747470733a2f2f726f6c657362722e636f6d2e62722f617574682f6c6f67696e223b),
	('ci_session:b55d44de9876f2cda16e86c130d35356', '66.249.85.99', 4294967295, _binary 0x5f5f63695f6c6173745f726567656e65726174657c693a313737303134323239323b5f5f63695f766172737c613a303a7b7d637372665f746573745f6e616d657c733a33323a223961613038643763396334313263636335626130663239646537363230336436223b5f63695f70726576696f75735f75726c7c733a33333a2268747470733a2f2f726f6c657362722e636f6d2e62722f617574682f6c6f67696e223b),
	('ci_session:b7f24411b490fa72799783117cade76b', '66.249.85.97', 4294967295, _binary 0x5f5f63695f6c6173745f726567656e65726174657c693a313737303134323239323b637372665f746573745f6e616d657c733a33323a226236373838333539623536653265343836356664646364306639303463653532223b72656469726563745f75726c7c733a34323a2268747470733a2f2f726f6c657362722e636f6d2e62722f64617368626f6172642f696e67726573736f73223b6572726f727c733a35333a22566f63c3aa2070726563697361206573746172206c6f6761646f2070617261206163657373617220657374612070c3a167696e612e223b5f5f63695f766172737c613a313a7b733a353a226572726f72223b733a333a226e6577223b7d),
	('ci_session:bab500ef5307bf945532fbf59120508b', '36.99.136.143', 4294967295, _binary 0x5f5f63695f6c6173745f726567656e65726174657c693a313737303734303830393b637372665f746573745f6e616d657c733a33323a223734376636326235353763653466666431326133636339363265393061663834223b),
	('ci_session:bae714325b5ca313bd7d042aa37e4f4b', '51.161.37.30', 4294967295, _binary 0x5f5f63695f6c6173745f726567656e65726174657c693a313737313232313735393b637372665f746573745f6e616d657c733a33323a226665326366343563346230626634353163393636653362666334666433333239223b),
	('ci_session:bb917bbfed2bb9e09bdc9c3f558f56a4', '3.254.209.134', 4294967295, _binary 0x5f5f63695f6c6173745f726567656e65726174657c693a313737303637333135393b637372665f746573745f6e616d657c733a33323a223132366533343137653463313534303164636631653032386233646163653534223b5f63695f70726576696f75735f75726c7c733a32373a2268747470733a2f2f7777772e726f6c657362722e636f6d2e62722f223b),
	('ci_session:be6923080e0dc49094bf8778e0bf9555', '148.113.130.27', 4294967295, _binary 0x5f5f63695f6c6173745f726567656e65726174657c693a313737313231353936383b637372665f746573745f6e616d657c733a33323a223164386638393730326435643762346666636639336534643430313866336635223b5f63695f70726576696f75735f75726c7c733a33353a2268747470733a2f2f726f6c657362722e636f6d2e62722f6261722f33302d74616e6b61223b),
	('ci_session:bfc46755e17449b370230608e55ee6fe', '177.50.37.123', 4294967295, _binary 0x5f5f63695f6c6173745f726567656e65726174657c693a313737303834323239343b637372665f746573745f6e616d657c733a33323a226534306631353339653830373465373638653262376531666436346434616233223b5f63695f70726576696f75735f75726c7c733a32333a2268747470733a2f2f726f6c657362722e636f6d2e62722f223b),
	('ci_session:bfd2dd4cf268e0f0e61acd21933a7a8a', '::1', 4294967295, _binary 0x5f5f63695f6c6173745f726567656e65726174657c693a313737303038393130333b637372665f746573745f6e616d657c733a33323a223737396238343835343039376438366130616138323538363430393462646437223b72656469726563745f75726c7c733a32383a2268747470733a2f2f726f6c65732e746573742f64617368626f617264223b6572726f727c733a35333a22566f63c3aa2070726563697361206573746172206c6f6761646f2070617261206163657373617220657374612070c3a167696e612e223b5f5f63695f766172737c613a313a7b733a353a226572726f72223b733a333a226e6577223b7d),
	('ci_session:c078d99ee7e120e18179edd17aa42a92', '66.249.85.98', 4294967295, _binary 0x5f5f63695f6c6173745f726567656e65726174657c693a313737303430363432383b5f5f63695f766172737c613a303a7b7d637372665f746573745f6e616d657c733a33323a223765643339386533666334313131393566653264636431373937646163343833223b5f63695f70726576696f75735f75726c7c733a33333a2268747470733a2f2f726f6c657362722e636f6d2e62722f617574682f6c6f67696e223b),
	('ci_session:c09a6d5e300237f4c3f4837ceda39b7e', '183.207.48.170', 4294967295, _binary 0x5f5f63695f6c6173745f726567656e65726174657c693a313737303938313231363b637372665f746573745f6e616d657c733a33323a223966363162336438653736313837653766383863636431316162616265393164223b5f63695f70726576696f75735f75726c7c733a33323a2268747470733a2f2f726f6c657362722e636f6d2e62722f696e67726573736f73223b),
	('ci_session:c0b600a4ca7a3f511ae7db2e43b79812', '189.46.34.31', 4294967295, _binary 0x5f5f63695f6c6173745f726567656e65726174657c693a313737313032323735333b637372665f746573745f6e616d657c733a33323a223636323037336437393833316262373136626639613237343237326539353361223b5f63695f70726576696f75735f75726c7c733a32333a2268747470733a2f2f726f6c657362722e636f6d2e62722f223b),
	('ci_session:c1c9ad4e2712817aa11c33c25e91d9d7', '15.235.27.198', 4294967295, _binary 0x5f5f63695f6c6173745f726567656e65726174657c693a313737313231323936323b637372665f746573745f6e616d657c733a33323a226362393533313830623236343863386234343466383535373332653830303231223b5f63695f70726576696f75735f75726c7c733a36383a2268747470733a2f2f726f6c657362722e636f6d2e62722f6261722f32302d68656c6c6f2d6b697474792d616e642d667269656e64732d32642d62792d6561742d61736961223b),
	('ci_session:c1f47aef27635c66ee2b1b4ba562402c', '74.7.227.141', 4294967295, _binary 0x5f5f63695f6c6173745f726567656e65726174657c693a313737303235383133323b637372665f746573745f6e616d657c733a33323a226433666231356631383763396232613064323732366535653537363131323661223b5f63695f70726576696f75735f75726c7c733a32393a2268747470733a2f2f62617265732e616368656973702e6f6e6c696e652f223b),
	('ci_session:c25d65473a2f46730d505667df8fe66f', '74.7.242.26', 4294967295, _binary 0x5f5f63695f6c6173745f726567656e65726174657c693a313737303539333339383b637372665f746573745f6e616d657c733a33323a226631303566316134373665336338626533616239376430623862373561376634223b5f63695f70726576696f75735f75726c7c733a32333a2268747470733a2f2f726f6c657362722e636f6d2e62722f223b),
	('ci_session:c2bb1680dde57abbdce61f640edc2fab', '74.7.228.179', 4294967295, _binary 0x5f5f63695f6c6173745f726567656e65726174657c693a313737303833393038343b637372665f746573745f6e616d657c733a33323a223231656266323532613031613762393732643637353436323963626339346262223b5f63695f70726576696f75735f75726c7c733a33393a2268747470733a2f2f726f6c657362722e636f6d2e62722f6573746162656c6563696d656e746f73223b),
	('ci_session:c3384f5593566e80aa9672482c207067', '138.197.123.89', 4294967295, _binary 0x5f5f63695f6c6173745f726567656e65726174657c693a313737313234393634353b637372665f746573745f6e616d657c733a33323a226631626532643337383166316433303564623730643138373738613266616135223b5f63695f70726576696f75735f75726c7c733a32333a2268747470733a2f2f726f6c657362722e636f6d2e62722f223b),
	('ci_session:c375d5e13a908feb065be3e45d89ecb6', '66.249.66.2', 4294967295, _binary 0x5f5f63695f6c6173745f726567656e65726174657c693a313737303435363439323b637372665f746573745f6e616d657c733a33323a226233316565373239323062623462613530393162306136643863323032396435223b5f63695f70726576696f75735f75726c7c733a32333a2268747470733a2f2f726f6c657362722e636f6d2e62722f223b),
	('ci_session:c430465f9dc21dd2088dd57f30e8a3cc', '179.153.26.120', 4294967295, _binary 0x5f5f63695f6c6173745f726567656e65726174657c693a313737303136373936383b637372665f746573745f6e616d657c733a33323a226466383966633833653235343664336430386239336465386638326230653834223b5f63695f70726576696f75735f75726c7c733a33333a2268747470733a2f2f726f6c657362722e636f6d2e62722f617574682f6c6f67696e223b72656469726563745f75726c7c733a36313a2268747470733a2f2f726f6c657362722e636f6d2e62722f64617368626f6172642f70657266696c2f666f746f732f3234382f636f6d656e746172696f73223b5f5f63695f766172737c613a303a7b7d),
	('ci_session:c44b3715097cd8cbd7ecd116233b4b82', '205.210.31.146', 4294967295, _binary 0x5f5f63695f6c6173745f726567656e65726174657c693a313737303138363831303b637372665f746573745f6e616d657c733a33323a226563396562653330353838393661356465333033303162616531663739376535223b5f63695f70726576696f75735f75726c7c733a32333a2268747470733a2f2f726f6c657362722e636f6d2e62722f223b),
	('ci_session:c57f467c44948588ff4baae84e0f2d77', '66.249.85.97', 4294967295, _binary 0x5f5f63695f6c6173745f726567656e65726174657c693a313737303137323436393b637372665f746573745f6e616d657c733a33323a223230353861316565363635366562643939306365623865303663616536383635223b72656469726563745f75726c7c733a35303a2268747470733a2f2f726f6c657362722e636f6d2e62722f64617368626f6172642f70657266696c2f73746f726965732f7569223b6572726f727c733a35333a22566f63c3aa2070726563697361206573746172206c6f6761646f2070617261206163657373617220657374612070c3a167696e612e223b5f5f63695f766172737c613a313a7b733a353a226572726f72223b733a333a226e6577223b7d),
	('ci_session:c6f02f3b56a39fc850a74b66206f7e7d', '100.53.169.106', 4294967295, _binary 0x5f5f63695f6c6173745f726567656e65726174657c693a313737303339373037303b637372665f746573745f6e616d657c733a33323a226530333066323139353862663463383263633462396133613339363165653331223b5f63695f70726576696f75735f75726c7c733a32333a2268747470733a2f2f726f6c657362722e636f6d2e62722f223b),
	('ci_session:c772c0638173d913eb8a4c7a7dbff94c', '66.249.66.67', 4294967295, _binary 0x5f5f63695f6c6173745f726567656e65726174657c693a313737303734313031343b637372665f746573745f6e616d657c733a33323a223833373638313265393335613866623435333461313562393138616138373931223b),
	('ci_session:c783a93adca0a3d801a90e51736d43c5', '66.249.88.167', 4294967295, _binary 0x5f5f63695f6c6173745f726567656e65726174657c693a313737303133393832383b637372665f746573745f6e616d657c733a33323a226339393166626338666662383562396166306163666533633863353736373831223b72656469726563745f75726c7c733a35343a2268747470733a2f2f726f6c657362722e636f6d2e62722f64617368626f6172642f757365722f6573746162656c6563696d656e746f73223b6572726f727c733a35333a22566f63c3aa2070726563697361206573746172206c6f6761646f2070617261206163657373617220657374612070c3a167696e612e223b5f5f63695f766172737c613a313a7b733a353a226572726f72223b733a333a226f6c64223b7d5f63695f70726576696f75735f75726c7c733a33333a2268747470733a2f2f726f6c657362722e636f6d2e62722f617574682f6c6f67696e223b),
	('ci_session:c89d701b0cc26096df4d9dccadd0fb11', '183.207.48.170', 4294967295, _binary 0x5f5f63695f6c6173745f726567656e65726174657c693a313737303938313234343b637372665f746573745f6e616d657c733a33323a226464666565633635323664353230366631353633623931303433633236356232223b5f63695f70726576696f75735f75726c7c733a33303a2268747470733a2f2f726f6c657362722e636f6d2e62722f6576656e746f73223b),
	('ci_session:c94a59d6133d6dfa0f0027e64a7a9926', '142.44.233.22', 4294967295, _binary 0x5f5f63695f6c6173745f726567656e65726174657c693a313737313033373530373b637372665f746573745f6e616d657c733a33323a223862373131396663653234383862366634653464343130616666643062653464223b5f63695f70726576696f75735f75726c7c733a32393a2268747470733a2f2f726f6c657362722e636f6d2e62722f616c62756e73223b),
	('ci_session:c98916e3fb0958c74b6e178160827dbe', '183.207.48.170', 4294967295, _binary 0x5f5f63695f6c6173745f726567656e65726174657c693a313737303938313231393b637372665f746573745f6e616d657c733a33323a226366353862343037653363313664333936643233623966613161333466663765223b5f63695f70726576696f75735f75726c7c733a33393a2268747470733a2f2f726f6c657362722e636f6d2e62722f6573746162656c6563696d656e746f73223b),
	('ci_session:c99aa544d43d5410181e09235e675728', '177.125.190.16', 4294967295, _binary 0x5f5f63695f6c6173745f726567656e65726174657c693a313737303530363434363b637372665f746573745f6e616d657c733a33323a226632646438663238303531343035663730656263656666643566633134376335223b5f63695f70726576696f75735f75726c7c733a36393a2268747470733a2f2f726f6c657362722e636f6d2e62722f617574682f6c6f67696e3f72656469726563743d25324662617225324631362d65737061636f2d6176656e696461223b636172745f73657373696f6e5f69647c733a33323a226331313438313938663334343733373434613738393434616630633337323564223b63757272656e745f636172745f69647c693a33303b5f5f63695f766172737c613a303a7b7d),
	('ci_session:c9c9bb3f05c758f219c068ba778eb596', '::1', 4294967295, _binary 0x5f5f63695f6c6173745f726567656e65726174657c693a313737303035353232343b637372665f746573745f6e616d657c733a33323a223963613632393131346332353238643336356366376465306461363363616165223b72656469726563745f75726c7c733a32383a2268747470733a2f2f726f6c65732e746573742f64617368626f617264223b6572726f727c733a35333a22566f63c3aa2070726563697361206573746172206c6f6761646f2070617261206163657373617220657374612070c3a167696e612e223b5f5f63695f766172737c613a313a7b733a353a226572726f72223b733a333a226e6577223b7d),
	('ci_session:ca283538411831e89019de94b835240c', '66.249.85.98', 4294967295, _binary 0x5f5f63695f6c6173745f726567656e65726174657c693a313737303333343439393b637372665f746573745f6e616d657c733a33323a226162303734623365643739653439653134333463366665663835306333303133223b5f63695f70726576696f75735f75726c7c733a34343a2268747470733a2f2f726f6c657362722e636f6d2e62722f6261722f31362d65737061636f2d6176656e696461223b),
	('ci_session:ca486fa394d9278aefa89582be9c2df2', '173.252.107.114', 4294967295, _binary 0x5f5f63695f6c6173745f726567656e65726174657c693a313737303337313733303b637372665f746573745f6e616d657c733a33323a223339326138343739646431333135303862656562306535653330623138326238223b),
	('ci_session:ca5befdf94685de9f27b965181d68d2b', '74.7.227.167', 4294967295, _binary 0x5f5f63695f6c6173745f726567656e65726174657c693a313737313235373432343b637372665f746573745f6e616d657c733a33323a226336393865663165653939393363626465393864626331313861313632313635223b),
	('ci_session:cb199e3538647fc7b134595bb7305a73', '148.113.128.227', 4294967295, _binary 0x5f5f63695f6c6173745f726567656e65726174657c693a313737313232353538303b637372665f746573745f6e616d657c733a33323a226637666338376366316339386133363937636564653639626133633834643533223b),
	('ci_session:cb1d5554576a93b59cf8f452aac64d58', '205.169.39.31', 4294967295, _binary 0x637372665f746573745f6e616d657c733a33323a223566376465643738366664316562383236633139663034656538313134376166223b),
	('ci_session:cc621370d07e2fabb49c21c2c3d2e71d', '::1', 4294967295, _binary 0x5f5f63695f6c6173745f726567656e65726174657c693a313737303035353232343b637372665f746573745f6e616d657c733a33323a223633656164393866353232356639653564643662643563363263393836363330223b72656469726563745f75726c7c733a32383a2268747470733a2f2f726f6c65732e746573742f64617368626f617264223b6572726f727c733a35333a22566f63c3aa2070726563697361206573746172206c6f6761646f2070617261206163657373617220657374612070c3a167696e612e223b5f5f63695f766172737c613a313a7b733a353a226572726f72223b733a333a226e6577223b7d),
	('ci_session:cd06bef2b2a8d62eef34fbca07b0b9cf', '66.249.85.99', 4294967295, _binary 0x5f5f63695f6c6173745f726567656e65726174657c693a313737303332313732373b5f5f63695f766172737c613a303a7b7d637372665f746573745f6e616d657c733a33323a226539383537383537396535633863313833613032613536326536326263393464223b5f63695f70726576696f75735f75726c7c733a33333a2268747470733a2f2f726f6c657362722e636f6d2e62722f617574682f6c6f67696e223b),
	('ci_session:cd085f544253a98b9d61474e3c8fba42', '54.39.210.244', 4294967295, _binary 0x5f5f63695f6c6173745f726567656e65726174657c693a313737313232373237353b637372665f746573745f6e616d657c733a33323a223732323563373632323666656364626666653637376661383639666634626364223b5f63695f70726576696f75735f75726c7c733a33373a2268747470733a2f2f726f6c657362722e636f6d2e62722f6576656e746f2f372d7465737465223b),
	('ci_session:cd9d59743e4dab9dd1fda28ef4b656ae', '5.255.231.158', 4294967295, _binary 0x5f5f63695f6c6173745f726567656e65726174657c693a313737303339353032323b637372665f746573745f6e616d657c733a33323a226235326462613536386134393238623964323066396433373531306534633630223b5f63695f70726576696f75735f75726c7c733a32333a2268747470733a2f2f616368656973702e6f6e6c696e652f223b),
	('ci_session:ce5a36b33a879c445647832dd5ff241a', '54.39.136.167', 4294967295, _binary 0x5f5f63695f6c6173745f726567656e65726174657c693a313737303937353134343b637372665f746573745f6e616d657c733a33323a226461313137356664326539313361616262666664656436386132323937646238223b5f63695f70726576696f75735f75726c7c733a33303a2268747470733a2f2f726f6c657362722e636f6d2e62722f73746f72696573223b),
	('ci_session:ce6911513da823bdfa33a2935153d978', '205.169.39.31', 4294967295, _binary 0x637372665f746573745f6e616d657c733a33323a226532373561623564373030636364616465323338386437626536333330313662223b),
	('ci_session:cea042d21932461d875327557b77f9da', '191.235.66.29', 4294967295, _binary 0x5f5f63695f6c6173745f726567656e65726174657c693a313737303834303930333b637372665f746573745f6e616d657c733a33323a223364316433316561663832636166303464663563646663316536616337383631223b5f63695f70726576696f75735f75726c7c733a32333a2268747470733a2f2f726f6c657362722e636f6d2e62722f223b),
	('ci_session:ced755b6f63eaeca8c52324debc67cbb', '34.86.177.154', 4294967295, _binary 0x5f5f63695f6c6173745f726567656e65726174657c693a313737303333343239313b637372665f746573745f6e616d657c733a33323a223431353530326361626236393836316135383864643038343135336261666330223b5f63695f70726576696f75735f75726c7c733a32333a2268747470733a2f2f726f6c657362722e636f6d2e62722f223b),
	('ci_session:cee43a88fccf20c689698fb1539ebfce', '31.13.103.1', 4294967295, _binary 0x5f5f63695f6c6173745f726567656e65726174657c693a313737303037333838363b637372665f746573745f6e616d657c733a33323a223466656638663637383663633933643732356566333566363563373136636166223b5f63695f70726576696f75735f75726c7c733a35343a2268747470733a2f2f726f6c657362722e636f6d2e62722f6261722f33372d6b6172616f6b652d74657175696c61732d6f66696369616c223b),
	('ci_session:cf09b215be37dedf3895fb74b0b83934', '15.235.96.150', 4294967295, _binary 0x5f5f63695f6c6173745f726567656e65726174657c693a313737313231383336313b637372665f746573745f6e616d657c733a33323a223766333962376533363034393366306539326665356236346363346230613839223b5f63695f70726576696f75735f75726c7c733a34313a2268747470733a2f2f726f6c657362722e636f6d2e62722f6261722f32322d62656e746f2d686f757365223b),
	('ci_session:cffbf4b67f7ec2216e9945a49b6951aa', '173.252.87.13', 4294967295, _binary 0x5f5f63695f6c6173745f726567656e65726174657c693a313737303037333839343b637372665f746573745f6e616d657c733a33323a226131663739313864613936353064373866326239623336326361346666646136223b5f63695f70726576696f75735f75726c7c733a35343a2268747470733a2f2f726f6c657362722e636f6d2e62722f6261722f33372d6b6172616f6b652d74657175696c61732d6f66696369616c223b),
	('ci_session:d018bc16d820cfe99ec1ef03934717b1', '193.123.113.221', 4294967295, _binary 0x5f5f63695f6c6173745f726567656e65726174657c693a313737303235363134353b637372665f746573745f6e616d657c733a33323a226336663630383435316335323263383435633332663932623539643039393430223b5f63695f70726576696f75735f75726c7c733a32333a2268747470733a2f2f726f6c657362722e636f6d2e62722f223b),
	('ci_session:d0ace2773207d487672e3655fc49b0d6', '173.252.107.114', 4294967295, _binary 0x5f5f63695f6c6173745f726567656e65726174657c693a313737303037333839313b637372665f746573745f6e616d657c733a33323a226566663836373636303138613662366333613433356163633634623732326563223b5f63695f70726576696f75735f75726c7c733a35343a2268747470733a2f2f726f6c657362722e636f6d2e62722f6261722f33372d6b6172616f6b652d74657175696c61732d6f66696369616c223b),
	('ci_session:d16e2d4d78cf10de787d3e8c221fe66e', '54.39.210.246', 4294967295, _binary 0x5f5f63695f6c6173745f726567656e65726174657c693a313737313235313333303b637372665f746573745f6e616d657c733a33323a226537333666616265666531396137313632633063623339613261396562653931223b5f63695f70726576696f75735f75726c7c733a32333a2268747470733a2f2f726f6c657362722e636f6d2e62722f223b),
	('ci_session:d177be762893b0b3ed977b3fa1e7607a', '198.235.24.179', 4294967295, _binary 0x5f5f63695f6c6173745f726567656e65726174657c693a313737303233303537313b637372665f746573745f6e616d657c733a33323a226336323133616235663464373238366435383465343166616639636531306436223b5f63695f70726576696f75735f75726c7c733a32333a2268747470733a2f2f726f6c657362722e636f6d2e62722f223b),
	('ci_session:d18bbccb55b2c90747cf913eadef3245', '2804:7f0:bb42:be58:89b:724b:b666:3cc3', 4294967295, _binary 0x5f5f63695f6c6173745f726567656e65726174657c693a313737303034393334393b637372665f746573745f6e616d657c733a33323a223766303539656263386463363265366262633165343334333561663536363464223b5f63695f70726576696f75735f75726c7c733a33333a2268747470733a2f2f726f6c657362722e636f6d2e62722f617574682f6c6f67696e223b72656469726563745f75726c7c733a33383a2268747470733a2f2f726f6c657362722e636f6d2e62722f64617368626f6172642f61646d696e223b5f5f63695f766172737c613a303a7b7d),
	('ci_session:d2b4b43e471db3ed47f4881bd09667b3', '54.209.66.161', 4294967295, _binary 0x5f5f63695f6c6173745f726567656e65726174657c693a313737303330333233333b637372665f746573745f6e616d657c733a33323a223337393337356565343137376139356333353830326434656239633864666639223b5f63695f70726576696f75735f75726c7c733a32333a2268747470733a2f2f726f6c657362722e636f6d2e62722f223b),
	('ci_session:d320bf9157bc3ecf8b1245cfc03443e5', '192.36.109.70', 4294967295, _binary 0x5f5f63695f6c6173745f726567656e65726174657c693a313737303237383536313b637372665f746573745f6e616d657c733a33323a226434656432383266323562316231326637666563613561393963633336316364223b5f63695f70726576696f75735f75726c7c733a32333a2268747470733a2f2f726f6c657362722e636f6d2e62722f223b),
	('ci_session:d3595e31feeedaa17e726454296daf40', '15.235.98.249', 4294967295, _binary 0x5f5f63695f6c6173745f726567656e65726174657c693a313737313232353537383b637372665f746573745f6e616d657c733a33323a223031356332383666306166306465376535376137366636663335393234653762223b),
	('ci_session:d412ca528fde0138191fbd0f25419bf7', '36.99.136.139', 4294967295, _binary 0x5f5f63695f6c6173745f726567656e65726174657c693a313737303330393039373b637372665f746573745f6e616d657c733a33323a226338363031383133353031336432623366373633633137353961656337376330223b5f63695f70726576696f75735f75726c7c733a34313a2268747470733a2f2f726f6c657362722e636f6d2e62722f6261722f32382d73757368692d6b656e7a6f223b),
	('ci_session:d44d5129bea460932e65fdf3c2638e1a', '183.207.48.170', 4294967295, _binary 0x5f5f63695f6c6173745f726567656e65726174657c693a313737303938313232313b637372665f746573745f6e616d657c733a33323a226330316564343631303638356637363831343135613738303534343634373738223b5f63695f70726576696f75735f75726c7c733a32383a2268747470733a2f2f726f6c657362722e636f6d2e62722f6275736361223b),
	('ci_session:d5d32c864c5d64bc614d90b555c64cc7', '66.249.85.97', 4294967295, _binary 0x5f5f63695f6c6173745f726567656e65726174657c693a313737303430363432383b637372665f746573745f6e616d657c733a33323a226135636632303864383164653431386331626533323632303437323163353637223b72656469726563745f75726c7c733a35343a2268747470733a2f2f726f6c657362722e636f6d2e62722f64617368626f6172642f757365722f6573746162656c6563696d656e746f73223b6572726f727c733a35333a22566f63c3aa2070726563697361206573746172206c6f6761646f2070617261206163657373617220657374612070c3a167696e612e223b5f5f63695f766172737c613a313a7b733a353a226572726f72223b733a333a226e6577223b7d),
	('ci_session:d6b93a131c3f3f4e29b39e1ec23d7a38', '18.207.176.254', 4294967295, _binary 0x5f5f63695f6c6173745f726567656e65726174657c693a313737303939363035333b637372665f746573745f6e616d657c733a33323a226264316462633330656564623236326633396131356561383736616534326565223b5f63695f70726576696f75735f75726c7c733a32333a2268747470733a2f2f726f6c657362722e636f6d2e62722f223b),
	('ci_session:d6c6db1b2051fbe19733ca128f15e7b1', '51.161.65.113', 4294967295, _binary 0x5f5f63695f6c6173745f726567656e65726174657c693a313737303631353632323b637372665f746573745f6e616d657c733a33323a223361346634643431386463393439663830353535336631326264323034386665223b5f63695f70726576696f75735f75726c7c733a32333a2268747470733a2f2f726f6c657362722e636f6d2e62722f223b),
	('ci_session:d72ae0ec50c37850ec6d9f5aba78846b', '66.23.227.62', 4294967295, _binary 0x5f5f63695f6c6173745f726567656e65726174657c693a313737303432353731303b637372665f746573745f6e616d657c733a33323a223962643130376432373463383135336331396363303162353833623130616432223b5f63695f70726576696f75735f75726c7c733a32333a2268747470733a2f2f726f6c657362722e636f6d2e62722f223b),
	('ci_session:d7ddaf76dfbbd14a3a7e0464ad1396b0', '::1', 4294967295, _binary 0x5f5f63695f6c6173745f726567656e65726174657c693a313737303035323936393b637372665f746573745f6e616d657c733a33323a223238653432383631363163616238333765303036653936353863633130323934223b72656469726563745f75726c7c733a33333a2268747470733a2f2f726f6c65732e746573742f64617368626f6172642f75736572223b6572726f727c733a35333a22566f63c3aa2070726563697361206573746172206c6f6761646f2070617261206163657373617220657374612070c3a167696e612e223b5f5f63695f766172737c613a313a7b733a353a226572726f72223b733a333a226e6577223b7d),
	('ci_session:d87cc952130040410b86fd80eeea9192', '66.249.66.198', 4294967295, _binary 0x5f5f63695f6c6173745f726567656e65726174657c693a313737303334303334383b637372665f746573745f6e616d657c733a33323a223839326337353665626165323963316637366132613632383039663533656331223b),
	('ci_session:d8c78435011e469adfe2ce22793371e1', '173.252.87.113', 4294967295, _binary 0x5f5f63695f6c6173745f726567656e65726174657c693a313737303037333834383b637372665f746573745f6e616d657c733a33323a226334313938343936613763396334356266336337643938396261646363646464223b5f63695f70726576696f75735f75726c7c733a3230323a2268747470733a2f2f726f6c657362722e636f6d2e62722f6261722f33372d6b6172616f6b652d74657175696c61732d6f66696369616c3f6662636c69643d49775a58683062674e685a5730434d54454163334a3059775a68634842666157514d4d6a55324d6a67784d4451774e54553441414565334f744d4532715859594f53556c527044456d6c4e4e347a715a5a777039554e4a48596c5a546854423134645f597830654a4743577474655f5f635f61656d5f784e4c7448514e78542d47543449396e6d475f343941223b),
	('ci_session:da67ba6074bc9e5a81c7fbc119fda9c3', '183.207.48.170', 4294967295, _binary 0x5f5f63695f6c6173745f726567656e65726174657c693a313737303938313234323b637372665f746573745f6e616d657c733a33323a223339316537633230623762333962663834626436346535346436363835666431223b5f63695f70726576696f75735f75726c7c733a33323a2268747470733a2f2f726f6c657362722e636f6d2e62722f696e67726573736f73223b),
	('ci_session:da6c3c60f2cecf2a9f229199bfd0a555', '69.171.231.27', 4294967295, _binary 0x5f5f63695f6c6173745f726567656e65726174657c693a313737303930323734393b637372665f746573745f6e616d657c733a33323a226638623537333235306163373532323262353935623761313135313666373364223b5f63695f70726576696f75735f75726c7c733a35343a2268747470733a2f2f726f6c657362722e636f6d2e62722f6261722f33372d6b6172616f6b652d74657175696c61732d6f66696369616c223b),
	('ci_session:daa9bcaf7d44ca9b42ceaed279342113', '183.207.48.170', 4294967295, _binary 0x5f5f63695f6c6173745f726567656e65726174657c693a313737303938313233373b5f5f63695f766172737c613a303a7b7d637372665f746573745f6e616d657c733a33323a223838633234633831373661303931633138646438323264373335333364346665223b5f63695f70726576696f75735f75726c7c733a33333a2268747470733a2f2f726f6c657362722e636f6d2e62722f617574682f6c6f67696e223b),
	('ci_session:db124dd8e66c9075f734c4d515e7ac68', '189.46.34.31', 4294967295, _binary 0x5f5f63695f6c6173745f726567656e65726174657c693a313737313235393835393b637372665f746573745f6e616d657c733a33323a223935333731343761633532633737656237666261333539356335396439316264223b5f63695f70726576696f75735f75726c7c733a33313a2268747470733a2f2f726f6c657362722e636f6d2e62722f62757363613f713d223b),
	('ci_session:db7a08c01324f482fecb78e9ea23c93e', '142.44.220.84', 4294967295, _binary 0x5f5f63695f6c6173745f726567656e65726174657c693a313737313232303335313b637372665f746573745f6e616d657c733a33323a223739616431383538386266343239373538626666373937373363313661623137223b5f63695f70726576696f75735f75726c7c733a35393a2268747470733a2f2f726f6c657362722e636f6d2e62722f6261722f31392d63686179656e6e2d6368612d636f6d2d616c6d612d6f7269656e74616c223b),
	('ci_session:db7ea592f074f6aee92a1d715dca4b2f', '74.7.227.167', 4294967295, _binary 0x5f5f63695f6c6173745f726567656e65726174657c693a313737303931313133393b637372665f746573745f6e616d657c733a33323a223933643632353637656531653939666562383164383236393764643234343734223b),
	('ci_session:dc5f95899f67c50b894b7e068bef17f3', '54.216.45.225', 4294967295, _binary 0x5f5f63695f6c6173745f726567656e65726174657c693a313737303937393633303b637372665f746573745f6e616d657c733a33323a223531663465313565363764373239643066343738643231613938353839313263223b5f63695f70726576696f75735f75726c7c733a32333a2268747470733a2f2f726f6c657362722e636f6d2e62722f223b),
	('ci_session:dc68a4babd416960ecc84a97681ad371', '74.7.241.53', 4294967295, _binary 0x5f5f63695f6c6173745f726567656e65726174657c693a313737303231383630303b637372665f746573745f6e616d657c733a33323a226230376431393930636262616562636534383935623166663763323064666231223b),
	('ci_session:dc89903953bdd92b8d9314827d963bd4', '173.252.83.3', 4294967295, _binary 0x5f5f63695f6c6173745f726567656e65726174657c693a313737303037333833353b637372665f746573745f6e616d657c733a33323a223866656162353631653435353736653364656239613233643235623637343366223b5f63695f70726576696f75735f75726c7c733a35343a2268747470733a2f2f726f6c657362722e636f6d2e62722f6261722f33372d6b6172616f6b652d74657175696c61732d6f66696369616c223b),
	('ci_session:dcaec5b9b31abb164316a63a482fce73', '173.252.83.7', 4294967295, _binary 0x5f5f63695f6c6173745f726567656e65726174657c693a313737303037333834323b637372665f746573745f6e616d657c733a33323a223739353237653334373265366136306530383636336261396330336664363532223b5f63695f70726576696f75735f75726c7c733a35343a2268747470733a2f2f726f6c657362722e636f6d2e62722f6261722f33372d6b6172616f6b652d74657175696c61732d6f66696369616c223b),
	('ci_session:dcd1b7c7f6dbd6f06ff704927fa44652', '34.68.215.13', 4294967295, _binary 0x5f5f63695f6c6173745f726567656e65726174657c693a313737303833343934323b637372665f746573745f6e616d657c733a33323a226634643234393965663535636365353432373133313138386266643430653961223b5f63695f70726576696f75735f75726c7c733a32333a2268747470733a2f2f726f6c657362722e636f6d2e62722f223b),
	('ci_session:dd11052dbb393a31e27aa63bdadae94d', '::1', 4294967295, _binary 0x5f5f63695f6c6173745f726567656e65726174657c693a313737303339373430373b637372665f746573745f6e616d657c733a33323a223365393231633134636363333562373535343965326130336134313330353865223b5f63695f70726576696f75735f75726c7c733a31393a2268747470733a2f2f726f6c65732e746573742f223b),
	('ci_session:dd9f15d67d688f808b78453da03b2b1c', '51.8.155.79', 4294967295, _binary 0x5f5f63695f6c6173745f726567656e65726174657c693a313737303933333937313b637372665f746573745f6e616d657c733a33323a223466646666333264333461643837333764663437313130303839666533343236223b5f63695f70726576696f75735f75726c7c733a32333a2268747470733a2f2f726f6c657362722e636f6d2e62722f223b),
	('ci_session:ddf93b6f11f4a065a8de700c3a1289c1', '189.46.34.31', 4294967295, _binary 0x5f5f63695f6c6173745f726567656e65726174657c693a313737303931303832393b637372665f746573745f6e616d657c733a33323a223632323865373937323539376165346436393731373435366362366461316631223b5f63695f70726576696f75735f75726c7c733a32333a2268747470733a2f2f726f6c657362722e636f6d2e62722f223b),
	('ci_session:df008ec31b5d360fd5142b90f59e71c7', '69.171.231.10', 4294967295, _binary 0x5f5f63695f6c6173745f726567656e65726174657c693a313737303930323735303b637372665f746573745f6e616d657c733a33323a223731306662336636373862306461623434393930396162663937356636323065223b5f63695f70726576696f75735f75726c7c733a35343a2268747470733a2f2f726f6c657362722e636f6d2e62722f6261722f33372d6b6172616f6b652d74657175696c61732d6f66696369616c223b),
	('ci_session:df3fd1d46e0c9782d379e146288bba33', '189.40.73.199', 4294967295, _binary 0x5f5f63695f6c6173745f726567656e65726174657c693a313737303430363434383b5f5f63695f766172737c613a303a7b7d637372665f746573745f6e616d657c733a33323a223932373735343033346231313336633463643662333761353939333665333731223b5f63695f70726576696f75735f75726c7c733a33333a2268747470733a2f2f726f6c657362722e636f6d2e62722f617574682f6c6f67696e223b),
	('ci_session:df7e54373057f6af6ecd6ba8f3c6a49c', '51.222.168.218', 4294967295, _binary 0x5f5f63695f6c6173745f726567656e65726174657c693a313737313231343534383b637372665f746573745f6e616d657c733a33323a223862636137383039303039643165653538383364393962323965346365333239223b),
	('ci_session:e0b1a9812e7708b296c02e63d46c67c4', '167.114.139.212', 4294967295, _binary 0x5f5f63695f6c6173745f726567656e65726174657c693a313737303935393933353b637372665f746573745f6e616d657c733a33323a223435316533663439636433396565353237343831386534323238363034613965223b5f63695f70726576696f75735f75726c7c733a32383a2268747470733a2f2f726f6c657362722e636f6d2e62722f6275736361223b),
	('ci_session:e1454a7f608bfcb6f35bf01fd446ff72', '177.26.229.161', 4294967295, _binary 0x5f5f63695f6c6173745f726567656e65726174657c693a313737313130363236353b637372665f746573745f6e616d657c733a33323a223563343938623634663934616233346265646465376337346462313432623039223b5f63695f70726576696f75735f75726c7c733a3236353a2268747470733a2f2f726f6c657362722e636f6d2e62722f616c62756d2f312d73657274616e656a6f2d7072696d653f75746d5f736f757263653d69672675746d5f6d656469756d3d736f6369616c2675746d5f636f6e74656e743d6c696e6b5f696e5f62696f266662636c69643d50416232316a6341506b79516c6c654852754132466c625149784d51427a636e526a426d4677634639705a4138314e6a63774e6a637a4e444d7a4e5449304d6a634141616463787651386f6f4e703174344c51554e51763271517178376f584b43457658494378547a71302d34775872744b455848426d7a41624434494979415f61656d5f496a50625637356c6a69453931517830536d6e523177223b),
	('ci_session:e17f3ddebb4f7dbeb208bc3ad1ff6e3a', '66.249.66.3', 4294967295, _binary 0x5f5f63695f6c6173745f726567656e65726174657c693a313737303435363439323b637372665f746573745f6e616d657c733a33323a223537316339633132623734636336643933303333616234653662646438383131223b5f63695f70726576696f75735f75726c7c733a32333a2268747470733a2f2f726f6c657362722e636f6d2e62722f223b),
	('ci_session:e1e5c7dc44457413d353da6d5b7fae1f', '191.239.245.28', 4294967295, _binary 0x5f5f63695f6c6173745f726567656e65726174657c693a313737313034373436353b637372665f746573745f6e616d657c733a33323a223133643337386263396461343766646135313665353739616462396531313261223b5f63695f70726576696f75735f75726c7c733a32333a2268747470733a2f2f726f6c657362722e636f6d2e62722f223b),
	('ci_session:e2606dce92bcc38bb26eb31a5b048e63', '183.207.48.170', 4294967295, _binary 0x5f5f63695f6c6173745f726567656e65726174657c693a313737303938313232333b637372665f746573745f6e616d657c733a33323a223239653761333435663565353862613964353261353036663838383639393536223b5f63695f70726576696f75735f75726c7c733a32333a2268747470733a2f2f726f6c657362722e636f6d2e62722f223b),
	('ci_session:e3c25f47fa1e7525583a1c386d9c2ffb', '193.123.113.221', 4294967295, _binary 0x5f5f63695f6c6173745f726567656e65726174657c693a313737303038333031343b637372665f746573745f6e616d657c733a33323a226234346165313631356165356330393331616333336662633262393538613734223b5f63695f70726576696f75735f75726c7c733a32333a2268747470733a2f2f726f6c657362722e636f6d2e62722f223b),
	('ci_session:e539f6de7d03eb8844166e819c453699', '66.249.66.67', 4294967295, _binary 0x5f5f63695f6c6173745f726567656e65726174657c693a313737303435373039323b637372665f746573745f6e616d657c733a33323a226134643137363836656262326638303137346331343639653733613961666333223b5f63695f70726576696f75735f75726c7c733a35393a2268747470733a2f2f726f6c657362722e636f6d2e62722f6261722f31392d63686179656e6e2d6368612d636f6d2d616c6d612d6f7269656e74616c223b),
	('ci_session:e545b0da08e5f5d2cf29f3d4c3f6a58f', '189.62.149.9', 4294967295, _binary 0x5f5f63695f6c6173745f726567656e65726174657c693a313737303137323333323b637372665f746573745f6e616d657c733a33323a226463333565643836333261343733653362313839306431393061663434373361223b5f63695f70726576696f75735f75726c7c733a33333a2268747470733a2f2f726f6c657362722e636f6d2e62722f617574682f6c6f67696e223b72656469726563745f75726c7c733a36313a2268747470733a2f2f726f6c657362722e636f6d2e62722f64617368626f6172642f70657266696c2f666f746f732f3236342f636f6d656e746172696f73223b5f5f63695f766172737c613a303a7b7d),
	('ci_session:e5540fa236bc4b30e8743a1262432547', '173.252.127.115', 4294967295, _binary 0x5f5f63695f6c6173745f726567656e65726174657c693a313737303037333839353b637372665f746573745f6e616d657c733a33323a223262383561333432396539336266653231353662626364626637643164306334223b5f63695f70726576696f75735f75726c7c733a35343a2268747470733a2f2f726f6c657362722e636f6d2e62722f6261722f33372d6b6172616f6b652d74657175696c61732d6f66696369616c223b),
	('ci_session:e6e9a1f4845b99b356b2186d014de201', '66.249.66.37', 4294967295, _binary 0x5f5f63695f6c6173745f726567656e65726174657c693a313737303335303438343b637372665f746573745f6e616d657c733a33323a226462646131643736633161346334306262626563626439313034343334663439223b5f63695f70726576696f75735f75726c7c733a36383a2268747470733a2f2f726f6c657362722e636f6d2e62722f6261722f32302d68656c6c6f2d6b697474792d616e642d667269656e64732d32642d62792d6561742d61736961223b),
	('ci_session:e894187b2d5beafb981e572a2e0d75ff', '148.113.130.216', 4294967295, _binary 0x5f5f63695f6c6173745f726567656e65726174657c693a313737313232323938313b637372665f746573745f6e616d657c733a33323a226436306534616662343964383835343435396461333166366138623636366131223b5f63695f70726576696f75735f75726c7c733a34373a2268747470733a2f2f726f6c657362722e636f6d2e62722f6576656e746f2f312d74657263612d646f2d70617472616f223b),
	('ci_session:e8f92336fb4b5a7e3809b11127ffe9ca', '193.123.113.221', 4294967295, _binary 0x5f5f63695f6c6173745f726567656e65726174657c693a313737303737353834313b637372665f746573745f6e616d657c733a33323a223237326261646239396666666230643830336631643839303236343664666136223b5f63695f70726576696f75735f75726c7c733a32333a2268747470733a2f2f726f6c657362722e636f6d2e62722f223b),
	('ci_session:ea992c3071c540843d5b0fd47b77443c', '44.243.248.49', 4294967295, _binary 0x5f5f63695f6c6173745f726567656e65726174657c693a313737303930353835393b637372665f746573745f6e616d657c733a33323a223335303139373866633263623264616665313934346635656464616162346539223b5f63695f70726576696f75735f75726c7c733a32333a2268747470733a2f2f726f6c657362722e636f6d2e62722f223b),
	('ci_session:ead41b273419c8f630da81e3a722c346', '148.113.128.130', 4294967295, _binary 0x5f5f63695f6c6173745f726567656e65726174657c693a313737313231343134353b637372665f746573745f6e616d657c733a33323a223162626538336632343635616532646134313861303263376164303763353333223b),
	('ci_session:eb6ed64a15c3e68590cc039575f77328', '51.222.95.139', 4294967295, _binary 0x5f5f63695f6c6173745f726567656e65726174657c693a313737313231383230303b637372665f746573745f6e616d657c733a33323a223430613433373233336536666165343639393438366638333933653836616432223b5f63695f70726576696f75735f75726c7c733a34313a2268747470733a2f2f726f6c657362722e636f6d2e62722f6261722f32322d62656e746f2d686f757365223b),
	('ci_session:ebace24ea86c3b37bf21d0e2e2ba504d', '200.39.53.202', 4294967295, _binary 0x5f5f63695f6c6173745f726567656e65726174657c693a313737303732343431323b637372665f746573745f6e616d657c733a33323a223562316662336532373230313939613835623663386237356465616565643961223b5f63695f70726576696f75735f75726c7c733a32333a2268747470733a2f2f726f6c657362722e636f6d2e62722f223b),
	('ci_session:ebad4419a3efa61578fc208c451f4e33', '173.252.107.8', 4294967295, _binary 0x5f5f63695f6c6173745f726567656e65726174657c693a313737303136323534323b637372665f746573745f6e616d657c733a33323a223934333935613439346232323061626163373530346662613831373162323063223b5f63695f70726576696f75735f75726c7c733a32333a2268747470733a2f2f726f6c657362722e636f6d2e62722f223b),
	('ci_session:ed6349ac98f403aa7a90279978fec0eb', '167.114.139.117', 4294967295, _binary 0x5f5f63695f6c6173745f726567656e65726174657c693a313737313231383839393b637372665f746573745f6e616d657c733a33323a223834383435353932646561643361306136626631613535356533613961653566223b5f63695f70726576696f75735f75726c7c733a34303a2268747470733a2f2f726f6c657362722e636f6d2e62722f6261722f32312d617369612d686f757365223b),
	('ci_session:ed89083919b1a984782daf8663a73e97', '54.39.6.17', 4294967295, _binary 0x5f5f63695f6c6173745f726567656e65726174657c693a313737313231343138373b637372665f746573745f6e616d657c733a33323a226139303030323237616661373763353930646366313530626134343237326239223b5f63695f70726576696f75735f75726c7c733a36373a2268747470733a2f2f726f6c657362722e636f6d2e62722f6576656e746f2f352d626c6f636f2d76656d2d636f6d2d6f2d676967616e74652d6c656f2d73616e74616e61223b),
	('ci_session:ee1f357e109cd263dded1532868cbffe', '66.249.85.98', 4294967295, _binary 0x5f5f63695f6c6173745f726567656e65726174657c693a313737303133383536343b5f5f63695f766172737c613a303a7b7d637372665f746573745f6e616d657c733a33323a226636656632633139373735313635633935373737613031303537363165363339223b5f63695f70726576696f75735f75726c7c733a33333a2268747470733a2f2f726f6c657362722e636f6d2e62722f617574682f6c6f67696e223b),
	('ci_session:ee9a210eab36db3f99df8695fe19d3ca', '173.252.69.1', 4294967295, _binary 0x5f5f63695f6c6173745f726567656e65726174657c693a313737313039353331363b637372665f746573745f6e616d657c733a33323a226634616532343664316532623233616161613538303231303963323830623539223b5f63695f70726576696f75735f75726c7c733a35343a2268747470733a2f2f726f6c657362722e636f6d2e62722f6261722f33372d6b6172616f6b652d74657175696c61732d6f66696369616c223b),
	('ci_session:f18a723c8ce48f2c543cd22bdb06c982', '183.207.48.170', 4294967295, _binary 0x5f5f63695f6c6173745f726567656e65726174657c693a313737303938313235323b637372665f746573745f6e616d657c733a33323a226266363838333737643764643661393939346535666664633062323338383666223b5f63695f70726576696f75735f75726c7c733a33313a2268747470733a2f2f726f6c657362722e636f6d2e62722f70726f6475746f73223b),
	('ci_session:f218dfc0f2d5d31765ed94dacf6c37b7', '193.123.113.221', 4294967295, _binary 0x5f5f63695f6c6173745f726567656e65726174657c693a313737303137303839343b637372665f746573745f6e616d657c733a33323a223733343437326530633538343662646431633638623632383535323863626361223b5f63695f70726576696f75735f75726c7c733a32333a2268747470733a2f2f726f6c657362722e636f6d2e62722f223b),
	('ci_session:f21ec336e3db9db467c581ab5ba66bff', '91.231.89.20', 4294967295, _binary 0x5f5f63695f6c6173745f726567656e65726174657c693a313737313234383439383b637372665f746573745f6e616d657c733a33323a223433616263333231623564663665306636623163336636646466643438646464223b5f63695f70726576696f75735f75726c7c733a32333a2268747470733a2f2f726f6c657362722e636f6d2e62722f223b),
	('ci_session:f2e295264e6070489c4dab324ab9be91', '54.39.136.222', 4294967295, _binary 0x5f5f63695f6c6173745f726567656e65726174657c693a313737313232373730343b637372665f746573745f6e616d657c733a33323a223439616130626463393332393261373638386661306565636563343537386134223b5f63695f70726576696f75735f75726c7c733a33343a2268747470733a2f2f726f6c657362722e636f6d2e62722f7469706f732d6261722f34223b),
	('ci_session:f2e919a50d23277000a31920aa2b4a82', '173.252.79.113', 4294967295, _binary 0x5f5f63695f6c6173745f726567656e65726174657c693a313737303037333839323b637372665f746573745f6e616d657c733a33323a223838653633396164663032353536643534373637343132393633633739313831223b5f63695f70726576696f75735f75726c7c733a35343a2268747470733a2f2f726f6c657362722e636f6d2e62722f6261722f33372d6b6172616f6b652d74657175696c61732d6f66696369616c223b),
	('ci_session:f3ab6800fe9b9d3125ac85fc1c110b8d', '74.7.228.190', 4294967295, _binary 0x5f5f63695f6c6173745f726567656e65726174657c693a313737303833393038313b5f5f63695f766172737c613a303a7b7d637372665f746573745f6e616d657c733a33323a226535633564376633303633353861343931326434656436396266323061383464223b5f63695f70726576696f75735f75726c7c733a33333a2268747470733a2f2f726f6c657362722e636f6d2e62722f617574682f6c6f67696e223b),
	('ci_session:f41290fef2064bfe1216b4fe4d35d494', '74.7.227.171', 4294967295, _binary 0x5f5f63695f6c6173745f726567656e65726174657c693a313737303737343634333b637372665f746573745f6e616d657c733a33323a226436336563333766633932623739336334386432316432613665653430316338223b5f63695f70726576696f75735f75726c7c733a32333a2268747470733a2f2f726f6c657362722e636f6d2e62722f223b),
	('ci_session:f436dd1d1739f81c759b677246dd8161', '34.58.61.39', 4294967295, _binary 0x5f5f63695f6c6173745f726567656e65726174657c693a313737303035363737333b637372665f746573745f6e616d657c733a33323a226361336134326433303862393463333339646639636633333135633465396264223b5f63695f70726576696f75735f75726c7c733a32333a2268747470733a2f2f726f6c657362722e636f6d2e62722f223b),
	('ci_session:f57d1f7fd68cd43d4bf8cd042e7d865b', '213.180.203.244', 4294967295, _binary 0x5f5f63695f6c6173745f726567656e65726174657c693a313737303339343932323b637372665f746573745f6e616d657c733a33323a223761623539383436626239326465633635383965353965383330643535316263223b5f63695f70726576696f75735f75726c7c733a32333a2268747470733a2f2f616368656973702e6f6e6c696e652f223b),
	('ci_session:f5cf20b190f5e26bad2ffd48deeec315', '66.249.83.37', 4294967295, _binary 0x5f5f63695f6c6173745f726567656e65726174657c693a313737303333343434333b637372665f746573745f6e616d657c733a33323a226161336663383466373738643762613835363564633661393939326534646264223b5f63695f70726576696f75735f75726c7c733a32383a2268747470733a2f2f726f6c657362722e636f6d2e62722f6275736361223b),
	('ci_session:f60d06b19dbe76b731d023595ae6a8d8', '23.27.145.224', 4294967295, _binary 0x5f5f63695f6c6173745f726567656e65726174657c693a313737303933313031343b637372665f746573745f6e616d657c733a33323a226433383839343662333363643033633365353337653737333063366333353835223b5f63695f70726576696f75735f75726c7c733a32373a2268747470733a2f2f7777772e726f6c657362722e636f6d2e62722f223b),
	('ci_session:f634792140ce14d087a24137fedac70c', '74.7.242.138', 4294967295, _binary 0x5f5f63695f6c6173745f726567656e65726174657c693a313737303833393038363b637372665f746573745f6e616d657c733a33323a223439303764653733656263623935306435616164626266316566376636326433223b5f63695f70726576696f75735f75726c7c733a33303a2268747470733a2f2f726f6c657362722e636f6d2e62722f6576656e746f73223b),
	('ci_session:f65ac8761d8b734b99c576c9b39e5016', '91.231.89.99', 4294967295, _binary 0x5f5f63695f6c6173745f726567656e65726174657c693a313737313234383933353b637372665f746573745f6e616d657c733a33323a223165313162383037623334343531613162636335326236616663333232616262223b5f63695f70726576696f75735f75726c7c733a32333a2268747470733a2f2f726f6c657362722e636f6d2e62722f223b),
	('ci_session:f87bf670757fbbd39174986126338fef', '191.239.245.20', 4294967295, _binary 0x5f5f63695f6c6173745f726567656e65726174657c693a313737313231383331393b637372665f746573745f6e616d657c733a33323a223237383838313363616435366536663933653938626137313931613034323136223b5f63695f70726576696f75735f75726c7c733a32333a2268747470733a2f2f726f6c657362722e636f6d2e62722f223b),
	('ci_session:f9027992362cdad9766486c41e06ddb4', '66.102.8.226', 4294967295, _binary 0x5f5f63695f6c6173745f726567656e65726174657c693a313737303133393832383b637372665f746573745f6e616d657c733a33323a223139393066366437633838616233646235626135343965653239383466663637223b72656469726563745f75726c7c733a35343a2268747470733a2f2f726f6c657362722e636f6d2e62722f64617368626f6172642f757365722f6573746162656c6563696d656e746f73223b6572726f727c733a35333a22566f63c3aa2070726563697361206573746172206c6f6761646f2070617261206163657373617220657374612070c3a167696e612e223b5f5f63695f766172737c613a313a7b733a353a226572726f72223b733a333a226f6c64223b7d5f63695f70726576696f75735f75726c7c733a33333a2268747470733a2f2f726f6c657362722e636f6d2e62722f617574682f6c6f67696e223b),
	('ci_session:f914225ec08d3557216bb05177b3d3ff', '141.51.110.126', 4294967295, _binary 0x5f5f63695f6c6173745f726567656e65726174657c693a313737303436313737353b637372665f746573745f6e616d657c733a33323a226464366463343037313466313730353439636536303631663030356532633061223b5f63695f70726576696f75735f75726c7c733a32333a2268747470733a2f2f726f6c657362722e636f6d2e62722f223b),
	('ci_session:f929abb5c9de9a766e9cf0e98a3bc9e2', '66.249.85.97', 4294967295, _binary 0x5f5f63695f6c6173745f726567656e65726174657c693a313737303133383536343b637372665f746573745f6e616d657c733a33323a223139386537396435613738343836353466343237663535376136666331653439223b72656469726563745f75726c7c733a35343a2268747470733a2f2f726f6c657362722e636f6d2e62722f64617368626f6172642f757365722f6573746162656c6563696d656e746f73223b6572726f727c733a35333a22566f63c3aa2070726563697361206573746172206c6f6761646f2070617261206163657373617220657374612070c3a167696e612e223b5f5f63695f766172737c613a313a7b733a353a226572726f72223b733a333a226e6577223b7d),
	('ci_session:fa3ad7e0165a09034320ab931723b4b5', '191.235.99.82', 4294967295, _binary 0x5f5f63695f6c6173745f726567656e65726174657c693a313737313137393230323b637372665f746573745f6e616d657c733a33323a223433633566373561653963613537343531333032303236336335336162383962223b5f63695f70726576696f75735f75726c7c733a32333a2268747470733a2f2f726f6c657362722e636f6d2e62722f223b),
	('ci_session:facf28dae184ffd103e3a0cd0a6c81d1', '189.40.89.139', 4294967295, _binary 0x5f5f63695f6c6173745f726567656e65726174657c693a313737303036333839353b637372665f746573745f6e616d657c733a33323a226565383739626630613365336430343633326536316138323165386239656262223b5f63695f70726576696f75735f75726c7c733a34323a2268747470733a2f2f726f6c657362722e636f6d2e62722f64617368626f6172642f696e67726573736f73223b636172745f73657373696f6e5f69647c733a33323a223361306436323339333261623932623865373264333064623634363961613533223b63757272656e745f636172745f69647c693a32393b72656469726563745f75726c7c733a36313a2268747470733a2f2f726f6c657362722e636f6d2e62722f64617368626f6172642f70657266696c2f666f746f732f3237362f636f6d656e746172696f73223b757365725f69647c733a323a223235223b6e616d657c733a31383a22416c6578616e647265204c65747469657265223b656d61696c7c733a32323a22616c652e6c6574746965726540676d61696c2e636f6d223b726f6c657c733a363a22636c69656e74223b747970655f757365727c693a323b6c6f676765647c623a313b6c6f67696e5f74696d657c693a313737303036333932303b),
	('ci_session:fb672f853fc26bfdfbdfa35476b1b391', '74.7.228.207', 4294967295, _binary 0x5f5f63695f6c6173745f726567656e65726174657c693a313737303833393037333b637372665f746573745f6e616d657c733a33323a223831636361356331323635383337393839666561653561316131306139666438223b5f63695f70726576696f75735f75726c7c733a33323a2268747470733a2f2f726f6c657362722e636f6d2e62722f696e67726573736f73223b),
	('ci_session:fc1acd3c2be26948e7ae7ae20df05510', '69.171.231.25', 4294967295, _binary 0x5f5f63695f6c6173745f726567656e65726174657c693a313737303930323735313b637372665f746573745f6e616d657c733a33323a223862356661376661353738306264356262633963366335373933313230363438223b5f63695f70726576696f75735f75726c7c733a35343a2268747470733a2f2f726f6c657362722e636f6d2e62722f6261722f33372d6b6172616f6b652d74657175696c61732d6f66696369616c223b),
	('ci_session:fd265d3870266ae77c2563ee88da6c9e', '127.0.0.1', 4294967295, _binary 0x5f5f63695f6c6173745f726567656e65726174657c693a313737313236363638313b637372665f746573745f6e616d657c733a33323a226466333030363938626632343138376565393636346463633731326137383538223b5f63695f70726576696f75735f75726c7c733a33393a2268747470733a2f2f726f6c65732e746573742f6261722f362d626f7465636f2d646f2d6a6f686e223b),
	('ci_session:fd8701283ff47c2c7ef7be0dd0b5dfe8', '51.222.168.4', 4294967295, _binary 0x5f5f63695f6c6173745f726567656e65726174657c693a313737313231393836343b637372665f746573745f6e616d657c733a33323a223332633137663862633262663364613166316165363539646638623166633632223b5f63695f70726576696f75735f75726c7c733a35303a2268747470733a2f2f726f6c657362722e636f6d2e62722f6261722f31382d6c657474696572652d646976756c6761636f6573223b),
	('ci_session:fd9a7e2faa0337383e0ab7e7a1197de0', '189.40.89.171', 4294967295, _binary 0x5f5f63695f6c6173745f726567656e65726174657c693a313737303334323131383b637372665f746573745f6e616d657c733a33323a226134316331396231393637643632393935626563306664363764323736636334223b5f63695f70726576696f75735f75726c7c733a32333a2268747470733a2f2f726f6c657362722e636f6d2e62722f223b),
	('ci_session:fdb3e5b1ecef2483d73606e7e70de22f', '54.39.89.76', 4294967295, _binary 0x5f5f63695f6c6173745f726567656e65726174657c693a313737313231353531303b637372665f746573745f6e616d657c733a33323a226239376464373034323339313238373831633731633438633539336265616138223b),
	('ci_session:fe07adb1da73b12e11ac912bed13ae21', '54.39.6.31', 4294967295, _binary 0x5f5f63695f6c6173745f726567656e65726174657c693a313737303039393438373b637372665f746573745f6e616d657c733a33323a226364343262396263366432343463376263313066373036366537386133616566223b),
	('ci_session:ffe5106922ba0246ec9c549cd4e9e025', '5.133.192.184', 4294967295, _binary 0x5f5f63695f6c6173745f726567656e65726174657c693a313737303435353634333b637372665f746573745f6e616d657c733a33323a223938306439336666333332303336353836666338363361393064366465653338223b5f63695f70726576696f75735f75726c7c733a32333a2268747470733a2f2f726f6c657362722e636f6d2e62722f223b);

-- Copiando estrutura para tabela u690128405_role.establishment_facilities
CREATE TABLE IF NOT EXISTS `establishment_facilities` (
  `id` bigint(20) unsigned NOT NULL AUTO_INCREMENT,
  `slug` varchar(100) NOT NULL,
  `nome` varchar(150) NOT NULL,
  `descricao` varchar(255) DEFAULT NULL,
  `ativo` tinyint(1) NOT NULL DEFAULT 1,
  `ordem` int(10) unsigned NOT NULL DEFAULT 0,
  `created_at` timestamp NULL DEFAULT NULL,
  `updated_at` timestamp NULL DEFAULT NULL,
  PRIMARY KEY (`id`),
  UNIQUE KEY `establishment_facilities_slug_unique` (`slug`)
) ENGINE=InnoDB DEFAULT CHARSET=utf8mb4 COLLATE=utf8mb4_unicode_ci;

-- Copiando dados para a tabela u690128405_role.establishment_facilities: ~0 rows (aproximadamente)

-- Copiando estrutura para tabela u690128405_role.establishment_facility_pivot
CREATE TABLE IF NOT EXISTS `establishment_facility_pivot` (
  `id` bigint(20) unsigned NOT NULL AUTO_INCREMENT,
  `bares_id` bigint(20) unsigned NOT NULL,
  `facility_id` bigint(20) unsigned NOT NULL,
  `created_at` timestamp NULL DEFAULT NULL,
  `updated_at` timestamp NULL DEFAULT NULL,
  PRIMARY KEY (`id`),
  UNIQUE KEY `establishment_facility_pivot_bares_id_facility_id_unique` (`bares_id`,`facility_id`),
  KEY `establishment_facility_pivot_facility_id_index` (`facility_id`)
) ENGINE=InnoDB DEFAULT CHARSET=utf8mb4 COLLATE=utf8mb4_unicode_ci;

-- Copiando dados para a tabela u690128405_role.establishment_facility_pivot: ~0 rows (aproximadamente)

-- Copiando estrutura para tabela u690128405_role.establishment_social_links
CREATE TABLE IF NOT EXISTS `establishment_social_links` (
  `id` bigint(20) unsigned NOT NULL AUTO_INCREMENT,
  `bares_id` bigint(20) unsigned NOT NULL,
  `network` varchar(50) NOT NULL,
  `handle` varchar(255) NOT NULL,
  `created_at` timestamp NULL DEFAULT NULL,
  `updated_at` timestamp NULL DEFAULT NULL,
  PRIMARY KEY (`id`),
  KEY `establishment_social_links_bares_id_network_index` (`bares_id`,`network`)
) ENGINE=InnoDB DEFAULT CHARSET=utf8mb4 COLLATE=utf8mb4_unicode_ci;

-- Copiando dados para a tabela u690128405_role.establishment_social_links: ~0 rows (aproximadamente)

-- Copiando estrutura para tabela u690128405_role.evt_album_fotos_tb
CREATE TABLE IF NOT EXISTS `evt_album_fotos_tb` (
  `foto_id` int(10) unsigned NOT NULL AUTO_INCREMENT,
  `album_id` int(10) unsigned NOT NULL,
  `nome_arquivo` varchar(255) NOT NULL,
  `titulo` varchar(150) DEFAULT NULL,
  `descricao` text DEFAULT NULL,
  `ordem` int(11) NOT NULL DEFAULT 0,
  `eh_thumbnail` tinyint(1) NOT NULL DEFAULT 0,
  `created_at` datetime DEFAULT NULL,
  PRIMARY KEY (`foto_id`),
  KEY `album_id` (`album_id`)
) ENGINE=InnoDB AUTO_INCREMENT=305 DEFAULT CHARSET=utf8mb4 COLLATE=utf8mb4_general_ci;

-- Copiando dados para a tabela u690128405_role.evt_album_fotos_tb: ~90 rows (aproximadamente)
INSERT INTO `evt_album_fotos_tb` (`foto_id`, `album_id`, `nome_arquivo`, `titulo`, `descricao`, `ordem`, `eh_thumbnail`, `created_at`) VALUES
	(200, 1, 'uploads/eventos/albuns/1/1769372762_ca1a6171de068bd22eb1.jpg', NULL, NULL, 0, 1, '2026-01-25 17:26:02'),
	(201, 1, 'uploads/eventos/albuns/1/1769372762_190da3e17592ea399d0a.jpg', NULL, NULL, 0, 0, '2026-01-25 17:26:03'),
	(202, 1, 'uploads/eventos/albuns/1/1769372763_1561d671b7d337051880.jpg', NULL, NULL, 0, 0, '2026-01-25 17:26:03'),
	(203, 1, 'uploads/eventos/albuns/1/1769372763_0784b333a87553455451.jpg', NULL, NULL, 0, 0, '2026-01-25 17:26:03'),
	(204, 1, 'uploads/eventos/albuns/1/1769372763_e50f2770063ed615c0e1.jpg', NULL, NULL, 0, 0, '2026-01-25 17:26:03'),
	(205, 1, 'uploads/eventos/albuns/1/1769372763_03708706c0858c3c9550.jpg', NULL, NULL, 0, 0, '2026-01-25 17:26:03'),
	(206, 1, 'uploads/eventos/albuns/1/1769372788_c9db4f01bb4385e302cb.jpg', NULL, NULL, 0, 0, '2026-01-25 17:26:28'),
	(207, 1, 'uploads/eventos/albuns/1/1769372788_db6364055e4cacdce485.jpg', NULL, NULL, 0, 0, '2026-01-25 17:26:28'),
	(208, 1, 'uploads/eventos/albuns/1/1769372788_23a2ec90820f432ebbad.jpg', NULL, NULL, 0, 0, '2026-01-25 17:26:28'),
	(209, 1, 'uploads/eventos/albuns/1/1769372788_62dc16ee6d57995bcc11.jpg', NULL, NULL, 0, 0, '2026-01-25 17:26:29'),
	(210, 1, 'uploads/eventos/albuns/1/1769372789_a181b32e058ddfc7b6db.jpg', NULL, NULL, 0, 0, '2026-01-25 17:26:29'),
	(211, 1, 'uploads/eventos/albuns/1/1769372789_a2a3ae8f3b53c8f6f919.jpg', NULL, NULL, 0, 0, '2026-01-25 17:26:29'),
	(212, 1, 'uploads/eventos/albuns/1/1769372789_e04b121a6fd1eb5ea6b1.jpg', NULL, NULL, 0, 0, '2026-01-25 17:26:29'),
	(213, 1, 'uploads/eventos/albuns/1/1769372789_a82dd9ee4a0d410adfbf.jpg', NULL, NULL, 0, 0, '2026-01-25 17:26:29'),
	(214, 1, 'uploads/eventos/albuns/1/1769372789_b2902a46cca031d11067.jpg', NULL, NULL, 0, 0, '2026-01-25 17:26:29'),
	(215, 1, 'uploads/eventos/albuns/1/1769372789_392beb9426fd01e81623.jpg', NULL, NULL, 0, 0, '2026-01-25 17:26:29'),
	(216, 1, 'uploads/eventos/albuns/1/1769372789_ae9244a764e62ba98dfa.jpg', NULL, NULL, 0, 0, '2026-01-25 17:26:29'),
	(217, 1, 'uploads/eventos/albuns/1/1769372789_711b9b106e40ed766e69.jpg', NULL, NULL, 0, 0, '2026-01-25 17:26:29'),
	(218, 1, 'uploads/eventos/albuns/1/1769372789_ecfb7c9db993f683f404.jpg', NULL, NULL, 0, 0, '2026-01-25 17:26:29'),
	(219, 1, 'uploads/eventos/albuns/1/1769372789_cd194bb474263cea9d83.jpg', NULL, NULL, 0, 0, '2026-01-25 17:26:29'),
	(220, 1, 'uploads/eventos/albuns/1/1769372789_787c1a0569834e7b35d9.jpg', NULL, NULL, 0, 0, '2026-01-25 17:26:30'),
	(221, 1, 'uploads/eventos/albuns/1/1769372790_688e3979dc62ccf7b637.jpg', NULL, NULL, 0, 0, '2026-01-25 17:26:30'),
	(222, 1, 'uploads/eventos/albuns/1/1769372790_ecee19a7c76827ee96f4.jpg', NULL, NULL, 0, 0, '2026-01-25 17:26:30'),
	(223, 1, 'uploads/eventos/albuns/1/1769372810_5b6862425241475b0757.jpg', NULL, NULL, 0, 0, '2026-01-25 17:26:50'),
	(224, 1, 'uploads/eventos/albuns/1/1769372810_7589628dbfcadaaceb14.jpg', NULL, NULL, 0, 0, '2026-01-25 17:26:50'),
	(227, 1, 'uploads/eventos/albuns/1/1769372810_e3b7800babcc74b2fcb9.jpg', NULL, NULL, 0, 0, '2026-01-25 17:26:50'),
	(228, 1, 'uploads/eventos/albuns/1/1769372810_04a322fd68dd20a0e793.jpg', NULL, NULL, 0, 0, '2026-01-25 17:26:50'),
	(230, 1, 'uploads/eventos/albuns/1/1769372810_0baf3950c056955a6594.jpg', NULL, NULL, 0, 0, '2026-01-25 17:26:51'),
	(232, 1, 'uploads/eventos/albuns/1/1769372811_2030a516d7526a0d0b5b.jpg', NULL, NULL, 0, 0, '2026-01-25 17:26:51'),
	(233, 1, 'uploads/eventos/albuns/1/1769372811_f9bbf0b6fdf4e825ad69.jpg', NULL, NULL, 0, 0, '2026-01-25 17:26:51'),
	(234, 1, 'uploads/eventos/albuns/1/1769372811_bea6453b3f0f4d3d0f86.jpg', NULL, NULL, 0, 0, '2026-01-25 17:26:51'),
	(235, 1, 'uploads/eventos/albuns/1/1769372811_4258dc1a4e3732ac6533.jpg', NULL, NULL, 0, 0, '2026-01-25 17:26:51'),
	(236, 1, 'uploads/eventos/albuns/1/1769372811_aa033e961e8fe91061a6.jpg', NULL, NULL, 0, 0, '2026-01-25 17:26:51'),
	(237, 1, 'uploads/eventos/albuns/1/1769372811_0a6c0031fb2543ffbc06.jpg', NULL, NULL, 0, 0, '2026-01-25 17:26:51'),
	(238, 1, 'uploads/eventos/albuns/1/1769372811_43bc43093b20e7dead6a.jpg', NULL, NULL, 0, 0, '2026-01-25 17:26:51'),
	(239, 1, 'uploads/eventos/albuns/1/1769372811_c0ec1701b836afa36e38.jpg', NULL, NULL, 0, 0, '2026-01-25 17:26:51'),
	(240, 1, 'uploads/eventos/albuns/1/1769372811_be044dcbc502ffb1f323.jpg', NULL, NULL, 0, 0, '2026-01-25 17:26:51'),
	(241, 1, 'uploads/eventos/albuns/1/1769372811_cad3eb76d78de461a353.jpg', NULL, NULL, 0, 0, '2026-01-25 17:26:52'),
	(242, 1, 'uploads/eventos/albuns/1/1769372812_a3b672ccf53adfb03cd8.jpg', NULL, NULL, 0, 0, '2026-01-25 17:26:52'),
	(243, 1, 'uploads/eventos/albuns/1/1769372812_ef3ce56c6fed67788675.jpg', NULL, NULL, 0, 0, '2026-01-25 17:26:52'),
	(244, 1, 'uploads/eventos/albuns/1/1769372812_81cba6f5184d2becbfbf.jpg', NULL, NULL, 0, 0, '2026-01-25 17:26:52'),
	(245, 1, 'uploads/eventos/albuns/1/1769372812_7b51d3db0edd287afe37.jpg', NULL, NULL, 0, 0, '2026-01-25 17:26:52'),
	(246, 1, 'uploads/eventos/albuns/1/1769372812_907ed2391ec81404a828.jpg', NULL, NULL, 0, 0, '2026-01-25 17:26:52'),
	(247, 1, 'uploads/eventos/albuns/1/1769372812_24dfb633330b10aaabc4.jpg', NULL, NULL, 0, 0, '2026-01-25 17:26:52'),
	(248, 1, 'uploads/eventos/albuns/1/1769372812_a8c4e9ed2edb986e64a8.jpg', NULL, NULL, 0, 0, '2026-01-25 17:26:52'),
	(249, 1, 'uploads/eventos/albuns/1/1769372812_83fa441c64e2d13910dc.jpg', NULL, NULL, 0, 0, '2026-01-25 17:26:52'),
	(250, 1, 'uploads/eventos/albuns/1/1769372812_89596ecef362c710ce47.jpg', NULL, NULL, 0, 0, '2026-01-25 17:26:52'),
	(251, 1, 'uploads/eventos/albuns/1/1769372812_a45b7ac69d261a6985e7.jpg', NULL, NULL, 0, 0, '2026-01-25 17:26:52'),
	(252, 1, 'uploads/eventos/albuns/1/1769372812_ed853f7ce7c9e717b5a1.jpg', NULL, NULL, 0, 0, '2026-01-25 17:26:53'),
	(253, 1, 'uploads/eventos/albuns/1/1769372813_ebce24ee90539082b70d.jpg', NULL, NULL, 0, 0, '2026-01-25 17:26:53'),
	(255, 1, 'uploads/eventos/albuns/1/1769372813_0a5fe302ed46eb3306fd.jpg', NULL, NULL, 0, 0, '2026-01-25 17:26:53'),
	(256, 1, 'uploads/eventos/albuns/1/1769372813_152259a7b8eca14bd4f9.jpg', NULL, NULL, 0, 0, '2026-01-25 17:26:53'),
	(258, 1, 'uploads/eventos/albuns/1/1769372813_2543639e3e16dc9d6834.jpg', NULL, NULL, 0, 0, '2026-01-25 17:26:53'),
	(260, 1, 'uploads/eventos/albuns/1/1769372839_a66af15b4937012de867.jpg', NULL, NULL, 0, 0, '2026-01-25 17:27:19'),
	(264, 1, 'uploads/eventos/albuns/1/1769372840_569ea117ddd761b7e374.jpg', NULL, NULL, 0, 0, '2026-01-25 17:27:20'),
	(265, 1, 'uploads/eventos/albuns/1/1769372840_873f79aa6c69167a06ff.jpg', NULL, NULL, 0, 0, '2026-01-25 17:27:20'),
	(266, 1, 'uploads/eventos/albuns/1/1769372840_dea905a56f537546c454.jpg', NULL, NULL, 0, 0, '2026-01-25 17:27:20'),
	(267, 1, 'uploads/eventos/albuns/1/1769372840_ad138746568c2717b7dd.jpg', NULL, NULL, 0, 0, '2026-01-25 17:27:20'),
	(268, 1, 'uploads/eventos/albuns/1/1769372840_bc7dc5f191988c337a64.jpg', NULL, NULL, 0, 0, '2026-01-25 17:27:20'),
	(269, 1, 'uploads/eventos/albuns/1/1769372840_9e97458ef01f6171502a.jpg', NULL, NULL, 0, 0, '2026-01-25 17:27:20'),
	(271, 1, 'uploads/eventos/albuns/1/1769372840_2ff20a92b06dfc6902e6.jpg', NULL, NULL, 0, 0, '2026-01-25 17:27:20'),
	(272, 1, 'uploads/eventos/albuns/1/1769372840_fea2766d943de43b1648.jpg', NULL, NULL, 0, 0, '2026-01-25 17:27:20'),
	(273, 1, 'uploads/eventos/albuns/1/1769372840_b5268d099a20078ca2a2.jpg', NULL, NULL, 0, 0, '2026-01-25 17:27:21'),
	(274, 1, 'uploads/eventos/albuns/1/1769372841_38ff9018ae5b59b9ede8.jpg', NULL, NULL, 0, 0, '2026-01-25 17:27:21'),
	(275, 1, 'uploads/eventos/albuns/1/1769372841_24367946a7ccf4ba3ecb.jpg', NULL, NULL, 0, 0, '2026-01-25 17:27:21'),
	(276, 1, 'uploads/eventos/albuns/1/1769372841_2c06eb63843c7f99bfcd.jpg', NULL, NULL, 0, 0, '2026-01-25 17:27:21'),
	(278, 1, 'uploads/eventos/albuns/1/1769372841_2835e7c40a764287fd6e.jpg', NULL, NULL, 0, 0, '2026-01-25 17:27:21'),
	(279, 1, 'uploads/eventos/albuns/1/1769372841_eeb270dd6874d21ea4d2.jpg', NULL, NULL, 0, 0, '2026-01-25 17:27:21'),
	(280, 1, 'uploads/eventos/albuns/1/1769372841_ed5e842d0cb01c83d4db.jpg', NULL, NULL, 0, 0, '2026-01-25 17:27:21'),
	(281, 1, 'uploads/eventos/albuns/1/1769372841_478392ef5cb50deead27.jpg', NULL, NULL, 0, 0, '2026-01-25 17:27:21'),
	(282, 1, 'uploads/eventos/albuns/1/1769372841_e8e5603b589634072ee7.jpg', NULL, NULL, 0, 0, '2026-01-25 17:27:21'),
	(283, 1, 'uploads/eventos/albuns/1/1769372841_2243d4e2969b73ee5576.jpg', NULL, NULL, 0, 0, '2026-01-25 17:27:21'),
	(284, 1, 'uploads/eventos/albuns/1/1769372841_ba0ee9886c8c77d62c87.jpg', NULL, NULL, 0, 0, '2026-01-25 17:27:22'),
	(285, 1, 'uploads/eventos/albuns/1/1769372842_d83283ce171ec6eb1c86.jpg', NULL, NULL, 0, 0, '2026-01-25 17:27:22'),
	(287, 1, 'uploads/eventos/albuns/1/1769372842_93a6f049275ea6a9518d.jpg', NULL, NULL, 0, 0, '2026-01-25 17:27:22'),
	(288, 1, 'uploads/eventos/albuns/1/1769372842_aef68cab76ce4427ab07.jpg', NULL, NULL, 0, 0, '2026-01-25 17:27:22'),
	(289, 1, 'uploads/eventos/albuns/1/1769372871_bc7822e818abf383a59d.jpg', NULL, NULL, 0, 0, '2026-01-25 17:27:51'),
	(290, 1, 'uploads/eventos/albuns/1/1769372871_24343b092e9c0284cce5.jpg', NULL, NULL, 0, 0, '2026-01-25 17:27:51'),
	(291, 1, 'uploads/eventos/albuns/1/1769372871_af5b603f1123454df702.jpg', NULL, NULL, 0, 0, '2026-01-25 17:27:51'),
	(294, 1, 'uploads/eventos/albuns/1/1769372872_f2b5b671fae99689be61.jpg', NULL, NULL, 0, 0, '2026-01-25 17:27:52'),
	(295, 1, 'uploads/eventos/albuns/1/1769372872_9819eabbd2c3cf2c18fc.jpg', NULL, NULL, 0, 0, '2026-01-25 17:27:52'),
	(296, 1, 'uploads/eventos/albuns/1/1769372872_57bfe0def96aacf6e3c3.jpg', NULL, NULL, 0, 0, '2026-01-25 17:27:52'),
	(297, 1, 'uploads/eventos/albuns/1/1769372872_0349f0220e93ab9006e8.jpg', NULL, NULL, 0, 0, '2026-01-25 17:27:52'),
	(298, 1, 'uploads/eventos/albuns/1/1769372872_2fbdfc04049990e2fb9e.jpg', NULL, NULL, 0, 0, '2026-01-25 17:27:52'),
	(299, 1, 'uploads/eventos/albuns/1/1769372872_60b8cb0f44e1ee9f3b09.jpg', NULL, NULL, 0, 0, '2026-01-25 17:27:52'),
	(300, 1, 'uploads/eventos/albuns/1/1769372872_1c0cad110a4eef367957.jpg', NULL, NULL, 0, 0, '2026-01-25 17:27:52'),
	(301, 1, 'uploads/eventos/albuns/1/1769372872_0721e188160b3c9b97ef.jpg', NULL, NULL, 0, 0, '2026-01-25 17:27:53'),
	(302, 1, 'uploads/eventos/albuns/1/1769372873_6576460ab88fe07d0254.jpg', NULL, NULL, 0, 0, '2026-01-25 17:27:53'),
	(303, 4, '/uploads/eventos/5_bloco-vem-com-o-gigante-leo-santana/albuns/4/foto_1_bloco-vem-com-o-gigante-leo-santana.jpg', NULL, NULL, 1, 0, '2026-02-14 18:58:10'),
	(304, 4, '/uploads/eventos/5_bloco-vem-com-o-gigante-leo-santana/albuns/4/foto_2_bloco-vem-com-o-gigante-leo-santana.jpg', NULL, NULL, 2, 0, '2026-02-14 18:58:10');

-- Copiando estrutura para tabela u690128405_role.evt_albuns_fotos_tb
CREATE TABLE IF NOT EXISTS `evt_albuns_fotos_tb` (
  `album_id` int(10) unsigned NOT NULL AUTO_INCREMENT,
  `evento_id` int(10) unsigned NOT NULL,
  `fotografo_id` int(10) unsigned NOT NULL,
  `titulo` varchar(150) NOT NULL,
  `descricao` text DEFAULT NULL,
  `data_fotografia` date NOT NULL,
  `status` enum('rascunho','publico','privado') NOT NULL DEFAULT 'rascunho',
  `thumbnail_id` int(10) unsigned DEFAULT NULL,
  `created_at` datetime DEFAULT NULL,
  `updated_at` datetime DEFAULT NULL,
  PRIMARY KEY (`album_id`),
  KEY `evento_id` (`evento_id`),
  KEY `fotografo_id` (`fotografo_id`)
) ENGINE=InnoDB AUTO_INCREMENT=5 DEFAULT CHARSET=utf8mb4 COLLATE=utf8mb4_general_ci;

-- Copiando dados para a tabela u690128405_role.evt_albuns_fotos_tb: ~4 rows (aproximadamente)
INSERT INTO `evt_albuns_fotos_tb` (`album_id`, `evento_id`, `fotografo_id`, `titulo`, `descricao`, `data_fotografia`, `status`, `thumbnail_id`, `created_at`, `updated_at`) VALUES
	(1, 4, 10, 'Sertanejo Prime', 'Um novo capítulo do sertanejo universitário chega com o evento Sertanejo Prime, no dia 24 de janeiro de 2026, comandado pelo professor Junior Arruda ao lado de Suzzy Hernandes. Será uma noite inteira dedicada à dança a dois, com foco no sertanejo moderno, reunindo quem gosta de aprender, treinar e se divertir na pista em um ambiente descontraído e acolhedor.\r\n​\r\n​A proposta é oferecer uma experiência completa: som sertanejo selecionado, pista liberada para dançar, momentos conduzidos pelos professores com dicas e intervenções na pista e clima de baile para todos os níveis, do iniciante ao avançado. É o tipo de evento pensado para quem quer viver o sertanejo de verdade, com técnica, harmonia e muita interação social ao longo da noite.', '2026-01-24', 'publico', 200, '2026-01-25 10:39:17', '2026-01-25 17:30:48'),
	(2, 5, 10, 'Ibirapuera', 'odisodi´psodis das´dposidóps', '2026-02-22', 'rascunho', NULL, '2026-02-14 15:14:24', '2026-02-14 15:14:24'),
	(3, 5, 10, 'Bloco vem com o Gigante - Leo Santana ', '', '2026-02-22', 'rascunho', NULL, '2026-02-14 17:33:37', '2026-02-14 17:33:37'),
	(4, 5, 10, 'Bloco vem com o Gigante - Leo Santana ', '', '2026-02-22', 'rascunho', NULL, '2026-02-14 18:38:32', '2026-02-14 18:38:32');

-- Copiando estrutura para tabela u690128405_role.evt_atracao_estilos_tb
CREATE TABLE IF NOT EXISTS `evt_atracao_estilos_tb` (
  `estilo_id` int(10) unsigned NOT NULL AUTO_INCREMENT,
  `nome` varchar(100) NOT NULL,
  `categoria` varchar(50) DEFAULT NULL,
  `descricao` text DEFAULT NULL,
  `ativo` tinyint(1) NOT NULL DEFAULT 1,
  PRIMARY KEY (`estilo_id`)
) ENGINE=InnoDB AUTO_INCREMENT=29 DEFAULT CHARSET=utf8mb4 COLLATE=utf8mb4_general_ci;

-- Copiando dados para a tabela u690128405_role.evt_atracao_estilos_tb: ~28 rows (aproximadamente)
INSERT INTO `evt_atracao_estilos_tb` (`estilo_id`, `nome`, `categoria`, `descricao`, `ativo`) VALUES
	(1, 'Sertanejo Universitário', 'musica', 'Maiara & Maraisa', 1),
	(2, 'Pagode Raiz', 'musica', 'Exaltasamba', 1),
	(3, 'House EDM', 'dj', 'Eletrônica dançante', 1),
	(4, 'Karaokê', 'interativo', 'Hits populares', 1),
	(5, 'Stand-up', 'humor', 'Comédia brasileira', 1),
	(6, 'Trilha Leve', 'ecoturismo', 'Caminhada fácil', 1),
	(7, 'Yoga Vinyasa', 'bem-estar', 'Fluxo dinâmico', 1),
	(8, 'Sertanejo Caipira', 'musica', 'Sertanejo Raíz', 1),
	(9, 'Futebol na TV', 'esporte', 'Transmissões de jogos ao vivo', 1),
	(10, 'Pagode Moderno', 'musica', 'Pagode romântico atual', 1),
	(11, 'Funk Carioca', 'dj', 'Funk brasileiro animado', 1),
	(12, 'Forró Universitário', 'musica', 'Dança nordestina jovem', 1),
	(13, 'Quiz Night', 'interativo', 'Jogos de perguntas e prêmios', 1),
	(14, 'Show de Pixote', 'humor', 'Comédia stand-up irreverente', 1),
	(15, 'Filme Cult', 'cultura', 'Sessões temáticas de cinema', 1),
	(16, 'Peça de Teatro', 'cultura', 'Espetáculos teatrais locais', 1),
	(17, 'Cerveja Artesanal', 'bebidas', 'Degustação de chopes especiais', 1),
	(18, 'Pizza ao Forno', 'comida', 'Pizzas artesanais quentes', 1),
	(19, 'Hambúrguer Gourmet', 'comida', 'Burgers premium com acompanhamentos', 1),
	(20, 'Petiscos Nordestinos', 'comida', 'Acerte de bar tradicional', 1),
	(21, 'DJ Lounge', 'dj', 'Música ambiente sofisticada', 1),
	(22, 'Karaokê Temático', 'interativo', 'Noites de karaokê por décadas', 1),
	(23, 'Samba ao Vivo', 'musica', 'Rodas de samba autêntico', 1),
	(24, 'Eventos Temáticos', 'diversao', 'Festas com decorações especiais', 1),
	(25, 'Yoga na Praia', 'bem-estar', 'Aulas ao ar livre relaxantes', 1),
	(26, 'Caminhada Rooftop', 'ecoturismo', 'Trilhas urbanas com vista', 1),
	(27, 'Boteco Game', 'diversao', 'Pé-de-sala e sinuca', 1),
	(28, 'Chope Gelado', 'bebidas', 'Happy hour com chope fresco', 1);

-- Copiando estrutura para tabela u690128405_role.evt_atracao_estilo_rel_tb
CREATE TABLE IF NOT EXISTS `evt_atracao_estilo_rel_tb` (
  `atracao_id` int(10) unsigned NOT NULL,
  `estilo_id` int(10) unsigned NOT NULL,
  PRIMARY KEY (`atracao_id`,`estilo_id`),
  KEY `evt_atracao_estilo_rel_tb_estilo_id_foreign` (`estilo_id`)
) ENGINE=InnoDB DEFAULT CHARSET=utf8mb4 COLLATE=utf8mb4_general_ci;

-- Copiando dados para a tabela u690128405_role.evt_atracao_estilo_rel_tb: ~0 rows (aproximadamente)

-- Copiando estrutura para tabela u690128405_role.evt_atracoes_tb
CREATE TABLE IF NOT EXISTS `evt_atracoes_tb` (
  `atracao_id` int(10) unsigned NOT NULL AUTO_INCREMENT,
  `nome` varchar(150) NOT NULL,
  `tipo` enum('banda','dj','artista','guia','chefe','outro') NOT NULL DEFAULT 'banda',
  `estilo` varchar(100) DEFAULT NULL,
  `descricao` text DEFAULT NULL,
  `rede_social` varchar(255) DEFAULT NULL,
  `created_at` datetime DEFAULT NULL,
  `updated_at` datetime DEFAULT NULL,
  `deleted_at` datetime DEFAULT NULL,
  PRIMARY KEY (`atracao_id`)
) ENGINE=InnoDB DEFAULT CHARSET=utf8mb4 COLLATE=utf8mb4_general_ci;

-- Copiando dados para a tabela u690128405_role.evt_atracoes_tb: ~0 rows (aproximadamente)

-- Copiando estrutura para tabela u690128405_role.evt_eventos_tb
CREATE TABLE IF NOT EXISTS `evt_eventos_tb` (
  `evento_id` int(10) unsigned NOT NULL AUTO_INCREMENT,
  `bares_id` int(10) unsigned DEFAULT NULL,
  `tipo_evento_id` int(10) unsigned DEFAULT NULL,
  `nome` varchar(150) NOT NULL,
  `slug` varchar(150) DEFAULT NULL,
  `descricao` text DEFAULT NULL,
  `local_customizado` varchar(255) DEFAULT NULL,
  `endereco_evento` varchar(255) DEFAULT NULL,
  `latitude_evento` decimal(10,7) DEFAULT NULL,
  `longitude_evento` decimal(10,7) DEFAULT NULL,
  `data_inicio` datetime NOT NULL,
  `data_fim` datetime DEFAULT NULL,
  `hora_abertura_portas` time DEFAULT NULL,
  `lotacao_maxima` int(11) DEFAULT NULL,
  `idade_minima` int(11) DEFAULT NULL,
  `status` enum('rascunho','publicado','encerrado','cancelado') NOT NULL DEFAULT 'rascunho',
  `visibilidade` enum('publico','privado','nao_listado') NOT NULL DEFAULT 'publico',
  `imagem_capa` varchar(255) DEFAULT NULL,
  `logo_img_1` varchar(255) DEFAULT NULL,
  `logo_img_2` varchar(255) DEFAULT NULL,
  `logo_img_3` varchar(255) DEFAULT NULL,
  `logo_img_4` varchar(255) DEFAULT NULL,
  `video_youtube_url` varchar(255) DEFAULT NULL,
  `created_at` datetime DEFAULT NULL,
  `updated_at` datetime DEFAULT NULL,
  `deleted_at` datetime DEFAULT NULL,
  PRIMARY KEY (`evento_id`),
  KEY `evt_eventos_tb_bares_id_foreign` (`bares_id`),
  KEY `evt_eventos_tb_tipo_evento_id_foreign` (`tipo_evento_id`)
) ENGINE=InnoDB AUTO_INCREMENT=8 DEFAULT CHARSET=utf8mb4 COLLATE=utf8mb4_general_ci;

-- Copiando dados para a tabela u690128405_role.evt_eventos_tb: ~5 rows (aproximadamente)
INSERT INTO `evt_eventos_tb` (`evento_id`, `bares_id`, `tipo_evento_id`, `nome`, `slug`, `descricao`, `local_customizado`, `endereco_evento`, `latitude_evento`, `longitude_evento`, `data_inicio`, `data_fim`, `hora_abertura_portas`, `lotacao_maxima`, `idade_minima`, `status`, `visibilidade`, `imagem_capa`, `logo_img_1`, `logo_img_2`, `logo_img_3`, `logo_img_4`, `video_youtube_url`, `created_at`, `updated_at`, `deleted_at`) VALUES
	(1, 6, 1, 'Terça do Patrão ', 'terça-do-patrão', 'Terça do Patrão é a noite do sertanejo universitário no comando: hits atuais, clima de balada de interior e muita sofrência para cantar alto até último gole. ', NULL, NULL, NULL, NULL, '2026-01-20 20:00:00', '2026-01-21 01:30:00', '12:00:00', 200, 18, 'publicado', 'publico', 'uploads/eventos/6/1768319095_f53ae5778a291b5431f3.jpg', NULL, NULL, NULL, NULL, '', '2026-01-13 15:44:55', '2026-01-14 02:51:41', NULL),
	(4, 18, 1, 'Sertanejo Prime', 'sertanejo-prime', 'Um novo capítulo do sertanejo universitário chega com o evento Sertanejo Prime, no dia 24 de janeiro de 2026, comandado pelo professor Junior Arruda ao lado de Suzzy Hernandes. Será uma noite inteira dedicada à dança a dois, com foco no sertanejo moderno, reunindo quem gosta de aprender, treinar e se divertir na pista em um ambiente descontraído e acolhedor.\r\n​\r\n​A proposta é oferecer uma experiência completa: som sertanejo selecionado, pista liberada para dançar, momentos conduzidos pelos professores com dicas e intervenções na pista e clima de baile para todos os níveis, do iniciante ao avançado. É o tipo de evento pensado para quem quer viver o sertanejo de verdade, com técnica, harmonia e muita interação social ao longo da noite.', NULL, NULL, NULL, NULL, '2026-01-24 20:00:00', '2026-02-25 05:00:00', '20:00:00', 300, 18, 'publicado', 'publico', 'uploads/eventos/18/1768768112_0043c4d6b9a1c449a930.png', NULL, NULL, NULL, NULL, '', '2026-01-17 20:56:17', '2026-01-27 10:02:06', '2026-01-27 10:02:06'),
	(5, 18, 11, 'Bloco vem com o Gigante - Leo Santana ', 'bloco-vem-com-o-gigante-leo-santana', '', NULL, NULL, NULL, NULL, '2026-02-22 10:03:00', '2026-01-23 17:00:00', '10:00:00', 10000, 18, 'publicado', 'publico', 'uploads/eventos/18/1768939516_4bcbb8d50eab2a86c88e.png', '/uploads/eventos/5_bloco-vem-com-o-gigante-leo-santana/logos/logo1.jpeg', '/uploads/eventos/5_bloco-vem-com-o-gigante-leo-santana/logos/logo2.png', '/uploads/eventos/5_bloco-vem-com-o-gigante-leo-santana/logos/logo3.jpeg', '/uploads/eventos/5_bloco-vem-com-o-gigante-leo-santana/logos/logo4.jpeg', '', '2026-01-20 17:05:16', '2026-02-14 17:34:11', NULL),
	(6, 18, 11, 'Baile dos sertanejo', 'alexandre-lettiere', 'A imagem do evento deve estar em 16:9 ou 9:16.\r\nA imagem do evento deve estar em 16:9 ou 9:16.\r\nA imagem do evento deve estar em 16:9 ou 9:16.\r\nA imagem do evento deve estar em 16:9 ou 9:16.', 'Avenida Domingos Dias', '36', -23.5304680, -46.6816030, '2026-02-20 22:02:00', '2026-02-22 22:02:00', '22:02:00', NULL, 23, 'publicado', 'publico', '/uploads/eventos/6_alexandre-lettiere/capa.jpg', NULL, NULL, NULL, NULL, NULL, '2026-02-14 21:59:51', '2026-02-15 00:13:39', NULL),
	(7, 18, 132, 'teste', 'teste', NULL, 'santos', 'rua santos', -23.5469930, -46.6343880, '2027-03-14 20:40:00', '2027-03-15 20:40:00', '20:41:00', NULL, 18, 'publicado', 'publico', '/uploads/eventos/7_teste/capa.jpeg', NULL, NULL, NULL, NULL, NULL, '2026-02-14 22:39:56', '2026-02-16 17:52:31', NULL);

-- Copiando estrutura para tabela u690128405_role.evt_evento_atracoes_tb
CREATE TABLE IF NOT EXISTS `evt_evento_atracoes_tb` (
  `evento_id` int(10) unsigned NOT NULL,
  `atracao_id` int(10) unsigned NOT NULL,
  `ordem` int(11) NOT NULL DEFAULT 0,
  `horario_previsto` time DEFAULT NULL,
  PRIMARY KEY (`evento_id`,`atracao_id`),
  KEY `evt_evento_atracoes_tb_atracao_id_foreign` (`atracao_id`)
) ENGINE=InnoDB DEFAULT CHARSET=utf8mb4 COLLATE=utf8mb4_general_ci;

-- Copiando dados para a tabela u690128405_role.evt_evento_atracoes_tb: ~0 rows (aproximadamente)

-- Copiando estrutura para tabela u690128405_role.evt_foto_comentarios_tb
CREATE TABLE IF NOT EXISTS `evt_foto_comentarios_tb` (
  `comentario_id` int(10) unsigned NOT NULL AUTO_INCREMENT,
  `foto_id` int(10) unsigned NOT NULL,
  `user_id` int(10) unsigned NOT NULL,
  `parent_id` int(10) unsigned DEFAULT NULL,
  `comentario` text NOT NULL,
  `status` enum('aprovado','pendente','removido') NOT NULL DEFAULT 'aprovado',
  `created_at` datetime DEFAULT NULL,
  `updated_at` datetime DEFAULT NULL,
  PRIMARY KEY (`comentario_id`),
  KEY `foto_id` (`foto_id`),
  KEY `user_id` (`user_id`)
) ENGINE=InnoDB AUTO_INCREMENT=2 DEFAULT CHARSET=utf8mb4 COLLATE=utf8mb4_general_ci;

-- Copiando dados para a tabela u690128405_role.evt_foto_comentarios_tb: ~1 rows (aproximadamente)
INSERT INTO `evt_foto_comentarios_tb` (`comentario_id`, `foto_id`, `user_id`, `parent_id`, `comentario`, `status`, `created_at`, `updated_at`) VALUES
	(1, 3, 10, NULL, 'Essa Mulher é Top!', 'aprovado', '2026-01-25 16:27:49', NULL);

-- Copiando estrutura para tabela u690128405_role.evt_foto_compartilhamentos_tb
CREATE TABLE IF NOT EXISTS `evt_foto_compartilhamentos_tb` (
  `id` int(10) unsigned NOT NULL AUTO_INCREMENT,
  `foto_id` int(10) unsigned NOT NULL,
  `user_id` int(10) unsigned DEFAULT NULL,
  `canal` enum('whatsapp','instagram','facebook','link','outro') NOT NULL,
  `created_at` datetime DEFAULT NULL,
  PRIMARY KEY (`id`),
  KEY `foto_id` (`foto_id`),
  KEY `user_id` (`user_id`)
) ENGINE=InnoDB AUTO_INCREMENT=2 DEFAULT CHARSET=utf8mb4 COLLATE=utf8mb4_general_ci;

-- Copiando dados para a tabela u690128405_role.evt_foto_compartilhamentos_tb: ~1 rows (aproximadamente)
INSERT INTO `evt_foto_compartilhamentos_tb` (`id`, `foto_id`, `user_id`, `canal`, `created_at`) VALUES
	(1, 275, 10, 'link', '2026-01-26 17:23:02');

-- Copiando estrutura para tabela u690128405_role.evt_foto_likes_tb
CREATE TABLE IF NOT EXISTS `evt_foto_likes_tb` (
  `id` int(10) unsigned NOT NULL AUTO_INCREMENT,
  `foto_id` int(10) unsigned NOT NULL,
  `user_id` int(10) unsigned NOT NULL,
  `created_at` datetime DEFAULT NULL,
  PRIMARY KEY (`id`),
  UNIQUE KEY `foto_id_user_id` (`foto_id`,`user_id`),
  KEY `foto_id` (`foto_id`),
  KEY `user_id` (`user_id`)
) ENGINE=MyISAM AUTO_INCREMENT=3 DEFAULT CHARSET=utf8mb4 COLLATE=utf8mb4_general_ci;

-- Copiando dados para a tabela u690128405_role.evt_foto_likes_tb: 2 rows
/*!40000 ALTER TABLE `evt_foto_likes_tb` DISABLE KEYS */;
INSERT INTO `evt_foto_likes_tb` (`id`, `foto_id`, `user_id`, `created_at`) VALUES
	(1, 3, 10, '2026-01-25 16:27:58'),
	(2, 258, 10, '2026-01-26 17:22:03');
/*!40000 ALTER TABLE `evt_foto_likes_tb` ENABLE KEYS */;

-- Copiando estrutura para tabela u690128405_role.evt_ingressos_convidados_tb
CREATE TABLE IF NOT EXISTS `evt_ingressos_convidados_tb` (
  `id` bigint(20) unsigned NOT NULL AUTO_INCREMENT,
  `evento_id` bigint(20) unsigned NOT NULL,
  `lote_id` bigint(20) unsigned NOT NULL,
  `codigo_unico` varchar(32) NOT NULL,
  `is_titular` tinyint(1) NOT NULL DEFAULT 0,
  `titular_nome` varchar(255) DEFAULT NULL,
  `titular_cpf` varchar(20) DEFAULT NULL,
  `nome` varchar(255) NOT NULL,
  `cpf` varchar(20) DEFAULT NULL,
  `data_nascimento` date DEFAULT NULL,
  `email` varchar(255) DEFAULT NULL,
  `whatsapp` varchar(30) DEFAULT NULL,
  `created_at` timestamp NULL DEFAULT NULL,
  `updated_at` timestamp NULL DEFAULT NULL,
  PRIMARY KEY (`id`),
  KEY `evt_ingressos_convidados_tb_evento_id_lote_id_index` (`evento_id`,`lote_id`),
  KEY `evt_ingressos_convidados_tb_evento_id_index` (`evento_id`),
  KEY `evt_ingressos_convidados_tb_lote_id_index` (`lote_id`),
  KEY `evt_ingressos_convidados_tb_codigo_unico_index` (`codigo_unico`),
  KEY `evt_ingressos_convidados_tb_is_titular_index` (`is_titular`)
) ENGINE=InnoDB AUTO_INCREMENT=10 DEFAULT CHARSET=utf8mb4 COLLATE=utf8mb4_unicode_ci;

-- Copiando dados para a tabela u690128405_role.evt_ingressos_convidados_tb: ~9 rows (aproximadamente)
INSERT INTO `evt_ingressos_convidados_tb` (`id`, `evento_id`, `lote_id`, `codigo_unico`, `is_titular`, `titular_nome`, `titular_cpf`, `nome`, `cpf`, `data_nascimento`, `email`, `whatsapp`, `created_at`, `updated_at`) VALUES
	(1, 6, 5, 'AE3EF37A', 1, 'Alexandre Lettiere', '01484840500', 'Alexandre Lettiere', '01484840500', NULL, 'alexandre.prtn@gmail.com', NULL, '2026-02-16 13:40:00', '2026-02-16 13:40:00'),
	(2, 6, 5, '33CEF026', 1, 'Alexandre Lettiere', '01484840500', 'Alexandre Lettiere', '01484840500', NULL, 'alexandre.prtn@gmail.com', NULL, '2026-02-16 13:40:11', '2026-02-16 13:40:11'),
	(3, 6, 5, 'B62B4294', 1, 'M&S Bar e Restaurante', '00000000000002', 'M&S Bar e Restaurante', '00000000000002', NULL, 'm&s@barerestaurante.com.br', NULL, '2026-02-16 13:40:22', '2026-02-16 13:40:22'),
	(4, 6, 5, 'FF536A14', 1, 'Espaço Avenida', '01484840501', 'Espaço Avenida', '01484840501', NULL, 'espacoavenida@gmail.com', NULL, '2026-02-16 13:40:33', '2026-02-16 13:40:33'),
	(5, 6, 5, '3D56C574', 1, 'Alexandre Lettiere', '000000', 'Alexandre Lettiere', '000000', NULL, 'al3.lettiere@gmail.com', NULL, '2026-02-16 13:41:29', '2026-02-16 13:41:29'),
	(6, 6, 5, 'C5D7C07F', 1, 'Alexandre Lettiere', '01484840500', 'Alexandre Lettiere', '01484840500', NULL, 'alexandre.prtn@gmail.com', '998263095', '2026-02-16 14:00:36', '2026-02-16 14:00:36'),
	(7, 6, 5, '042C8821', 1, 'Alexandre Lettiere', '01484840500', 'Alexandre Lettiere', '01484840500', NULL, 'alexandre.prtn@gmail.com', '11998263095', '2026-02-16 14:00:47', '2026-02-16 14:00:47'),
	(8, 6, 5, 'E14A9D6E', 1, 'Alexandre Lettiere', '01484840500', 'Alexandre Lettiere', '01484840500', NULL, 'alexandre.prtn@gmail.com', '11982301985', '2026-02-16 14:31:47', '2026-02-16 14:31:47'),
	(9, 6, 5, '86432C7E', 1, 'Alexandre Lettiere', '01484840500', 'Alexandre Lettiere', '01484840500', NULL, 'alexandre.prtn@gmail.com', '11982301985', '2026-02-16 15:35:02', '2026-02-16 15:35:02');

-- Copiando estrutura para tabela u690128405_role.evt_ingressos_vendidos_tb
CREATE TABLE IF NOT EXISTS `evt_ingressos_vendidos_tb` (
  `ingresso_id` int(10) unsigned NOT NULL AUTO_INCREMENT,
  `evento_id` int(10) unsigned NOT NULL,
  `lote_id` int(10) unsigned NOT NULL,
  `user_id` int(10) unsigned DEFAULT NULL,
  `nome_comprador` varchar(150) NOT NULL,
  `email_comprador` varchar(150) DEFAULT NULL,
  `codigo_unico` varchar(100) NOT NULL,
  `status` enum('pendente','pago','cancelado','utilizado') NOT NULL DEFAULT 'pendente',
  `valor_pago` decimal(10,2) NOT NULL,
  `data_compra` datetime DEFAULT NULL,
  `data_utilizacao` datetime DEFAULT NULL,
  `created_at` datetime DEFAULT NULL,
  `updated_at` datetime DEFAULT NULL,
  `deleted_at` datetime DEFAULT NULL,
  PRIMARY KEY (`ingresso_id`),
  UNIQUE KEY `codigo_unico` (`codigo_unico`),
  KEY `evt_ingressos_vendidos_tb_evento_id_foreign` (`evento_id`),
  KEY `evt_ingressos_vendidos_tb_lote_id_foreign` (`lote_id`),
  KEY `evt_ingressos_vendidos_tb_user_id_foreign` (`user_id`)
) ENGINE=MyISAM AUTO_INCREMENT=17 DEFAULT CHARSET=utf8mb4 COLLATE=utf8mb4_general_ci;

-- Copiando dados para a tabela u690128405_role.evt_ingressos_vendidos_tb: 16 rows
/*!40000 ALTER TABLE `evt_ingressos_vendidos_tb` DISABLE KEYS */;
INSERT INTO `evt_ingressos_vendidos_tb` (`ingresso_id`, `evento_id`, `lote_id`, `user_id`, `nome_comprador`, `email_comprador`, `codigo_unico`, `status`, `valor_pago`, `data_compra`, `data_utilizacao`, `created_at`, `updated_at`, `deleted_at`) VALUES
	(1, 1, 2, 10, 'Alexandre Lettiere ', 'alexandre.prtn@gmail.com', 'C8DB0690', 'pago', 80.00, '2026-01-15 16:49:20', NULL, '2026-01-15 16:49:20', '2026-01-15 16:49:20', NULL),
	(2, 1, 1, 10, 'ALEXANDRE LETTIERE', 'alexandre.prtn@gmail.com', '1F0D4896', 'pago', 0.00, '2026-01-16 12:32:34', NULL, NULL, NULL, NULL),
	(3, 4, 3, 20, '', 'alexandre.prtn@gmail.com', 'EFDA6BDC', 'pago', 0.00, '2026-01-18 07:23:46', NULL, NULL, NULL, NULL),
	(4, 6, 5, 10, 'Alexandre Lettiere', 'alexandre.prtn@gmail.com', '5EF6D34A', 'pago', 0.00, '2026-02-16 13:07:14', NULL, NULL, NULL, NULL),
	(5, 6, 5, 10, 'Alexandre Lettiere', 'alexandre.prtn@gmail.com', '9995F08E', 'pago', 0.00, '2026-02-16 13:23:10', NULL, NULL, NULL, NULL),
	(6, 6, 5, 10, 'Alexandre Lettiere', 'alexandre.prtn@gmail.com', 'AE3EF37A', 'pago', 0.00, '2026-02-16 13:40:00', NULL, NULL, NULL, NULL),
	(7, 6, 5, 10, 'Alexandre Lettiere', 'alexandre.prtn@gmail.com', '33CEF026', 'pago', 0.00, '2026-02-16 13:40:11', NULL, NULL, NULL, NULL),
	(8, 6, 5, 21, 'M&S Bar e Restaurante', 'm&s@barerestaurante.com.br', 'B62B4294', 'pago', 0.00, '2026-02-16 13:40:22', NULL, NULL, NULL, NULL),
	(9, 6, 5, 20, 'Espaço Avenida', 'espacoavenida@gmail.com', 'FF536A14', 'pago', 0.00, '2026-02-16 13:40:33', NULL, NULL, NULL, NULL),
	(10, 6, 5, 48, 'Alexandre Lettiere', 'al3.lettiere@gmail.com', '3D56C574', 'pago', 0.00, '2026-02-16 13:41:29', NULL, NULL, NULL, NULL),
	(11, 6, 5, 10, 'Alexandre Lettiere', 'alexandre.prtn@gmail.com', '3CCB6A0F', 'pago', 0.00, '2026-02-16 13:53:56', NULL, NULL, NULL, NULL),
	(12, 6, 5, 10, 'Alexandre Lettiere', 'alexandre.prtn@gmail.com', 'D0740BD9', 'pago', 0.00, '2026-02-16 13:55:53', NULL, NULL, NULL, NULL),
	(13, 6, 5, 10, 'Alexandre Lettiere', 'alexandre.prtn@gmail.com', 'C5D7C07F', 'pago', 0.00, '2026-02-16 14:00:36', NULL, NULL, NULL, NULL),
	(14, 6, 5, 10, 'Alexandre Lettiere', 'alexandre.prtn@gmail.com', '042C8821', 'pago', 0.00, '2026-02-16 14:00:47', NULL, NULL, NULL, NULL),
	(15, 6, 5, 10, 'Alexandre Lettiere', 'alexandre.prtn@gmail.com', 'E14A9D6E', 'pago', 0.00, '2026-02-16 14:31:47', NULL, NULL, NULL, NULL),
	(16, 6, 5, 10, 'Alexandre Lettiere', 'alexandre.prtn@gmail.com', '86432C7E', 'pago', 0.00, '2026-02-16 15:35:02', NULL, NULL, NULL, NULL);
/*!40000 ALTER TABLE `evt_ingressos_vendidos_tb` ENABLE KEYS */;

-- Copiando estrutura para tabela u690128405_role.evt_interesse_evento_tb
CREATE TABLE IF NOT EXISTS `evt_interesse_evento_tb` (
  `id` int(11) unsigned NOT NULL AUTO_INCREMENT,
  `evento_id` int(11) unsigned NOT NULL,
  `user_id` int(11) unsigned NOT NULL,
  `type` enum('like','going') DEFAULT 'like',
  `created_at` datetime DEFAULT NULL,
  `updated_at` datetime DEFAULT NULL,
  PRIMARY KEY (`id`),
  UNIQUE KEY `evento_user_type` (`evento_id`,`user_id`,`type`)
) ENGINE=InnoDB AUTO_INCREMENT=2 DEFAULT CHARSET=utf8mb4 COLLATE=utf8mb4_general_ci;

-- Copiando dados para a tabela u690128405_role.evt_interesse_evento_tb: ~1 rows (aproximadamente)
INSERT INTO `evt_interesse_evento_tb` (`id`, `evento_id`, `user_id`, `type`, `created_at`, `updated_at`) VALUES
	(1, 6, 10, 'going', '2026-02-16 14:01:51', '2026-02-16 14:01:51');

-- Copiando estrutura para tabela u690128405_role.evt_lotes_ingressos_tb
CREATE TABLE IF NOT EXISTS `evt_lotes_ingressos_tb` (
  `lote_id` int(10) unsigned NOT NULL AUTO_INCREMENT,
  `evento_id` int(10) unsigned NOT NULL,
  `nome` varchar(100) NOT NULL,
  `tipo` varchar(20) NOT NULL DEFAULT 'inteira',
  `descricao` text DEFAULT NULL,
  `preco` decimal(10,2) NOT NULL,
  `quantidade_total` int(11) NOT NULL,
  `quantidade_vendida` int(11) NOT NULL DEFAULT 0,
  `data_inicio_vendas` datetime DEFAULT NULL,
  `data_fim_vendas` datetime DEFAULT NULL,
  `ativo` tinyint(1) NOT NULL DEFAULT 1,
  `status` varchar(30) DEFAULT NULL,
  `created_at` datetime DEFAULT NULL,
  `updated_at` datetime DEFAULT NULL,
  `deleted_at` datetime DEFAULT NULL,
  PRIMARY KEY (`lote_id`),
  KEY `evt_lotes_ingressos_tb_evento_id_foreign` (`evento_id`)
) ENGINE=MyISAM AUTO_INCREMENT=6 DEFAULT CHARSET=utf8mb4 COLLATE=utf8mb4_general_ci;

-- Copiando dados para a tabela u690128405_role.evt_lotes_ingressos_tb: 5 rows
/*!40000 ALTER TABLE `evt_lotes_ingressos_tb` DISABLE KEYS */;
INSERT INTO `evt_lotes_ingressos_tb` (`lote_id`, `evento_id`, `nome`, `tipo`, `descricao`, `preco`, `quantidade_total`, `quantidade_vendida`, `data_inicio_vendas`, `data_fim_vendas`, `ativo`, `status`, `created_at`, `updated_at`, `deleted_at`) VALUES
	(1, 1, 'Entrada Vip', 'inteira', NULL, 0.00, 200, 0, '2026-01-13 20:00:00', '2026-01-14 01:00:00', 1, NULL, '2026-01-13 19:57:36', '2026-01-13 19:57:36', NULL),
	(2, 1, 'Lote dois  20%', 'inteira', NULL, 80.00, 25, 0, '2026-01-15 16:48:00', '2026-01-17 16:51:00', 1, NULL, '2026-01-15 16:48:51', '2026-01-15 16:48:51', NULL),
	(3, 4, 'Tenho interesse de ir... ', 'inteira', NULL, 0.00, 100, 0, '2026-01-18 19:27:00', '2026-01-22 19:27:00', 1, NULL, '2026-01-17 21:13:28', '2026-01-17 21:13:28', NULL),
	(4, 5, 'teste', 'gratis', NULL, 0.00, 0, 0, NULL, NULL, 1, NULL, '2026-02-14 20:35:09', '2026-02-14 20:44:34', NULL),
	(5, 6, 'Gratuito', 'gratis', NULL, 0.00, 100, 2, '2026-02-14 22:22:00', '2026-02-15 22:22:00', 1, NULL, '2026-02-14 22:00:48', '2026-02-14 22:00:48', NULL);
/*!40000 ALTER TABLE `evt_lotes_ingressos_tb` ENABLE KEYS */;

-- Copiando estrutura para tabela u690128405_role.evt_tipo_evento_tb
CREATE TABLE IF NOT EXISTS `evt_tipo_evento_tb` (
  `tipo_evento_id` int(10) unsigned NOT NULL AUTO_INCREMENT,
  `nome` varchar(100) NOT NULL,
  `categoria` varchar(50) DEFAULT NULL,
  `descricao` text DEFAULT NULL,
  `ativo` tinyint(1) NOT NULL DEFAULT 1,
  PRIMARY KEY (`tipo_evento_id`)
) ENGINE=InnoDB AUTO_INCREMENT=196 DEFAULT CHARSET=utf8mb4 COLLATE=utf8mb4_general_ci;

-- Copiando dados para a tabela u690128405_role.evt_tipo_evento_tb: ~81 rows (aproximadamente)
INSERT INTO `evt_tipo_evento_tb` (`tipo_evento_id`, `nome`, `categoria`, `descricao`, `ativo`) VALUES
	(1, 'Sertanejo Universitário', 'Música', 'Sertanejo universitário focado em hits atuais', 1),
	(2, 'Sertanejo Raiz', 'Música', 'Sertanejo clássico e modão', 1),
	(3, 'Pisadinha & Arrocha', 'Música', 'Forró eletrônico, pisadinha e arrocha', 1),
	(4, 'Samba de Raiz', 'Música', 'Samba tradicional e rodas de samba', 1),
	(5, 'Pagode', 'Música', 'Pagode em geral, anos 90 e atuais', 1),
	(6, 'Pagodão Baiano', 'Música', 'Pagodão e swingueira baiana (Pagodão/Pagodaum)', 1),
	(7, 'Funk Carioca', 'Música', 'Funk carioca e baile funk', 1),
	(8, 'Funk 150 & Trap Funk', 'Música', 'Funk 150 BPM, funk rave e trap funk', 1),
	(9, 'Forró Pé de Serra', 'Música', 'Forró tradicional com trio, sanfona e zabumba', 1),
	(10, 'Forró Universitário', 'Música', 'Forró universitário, xote e baião dançante', 1),
	(11, 'Axé', 'Música', 'Axé music de trio elétrico e verão', 1),
	(12, 'Carnaval & Marchinhas', 'Música', 'Marchinhas, frevo e clima de carnaval', 1),
	(13, 'Reggaeton', 'Música', 'Reggaeton e latin urbano', 1),
	(14, 'Salsa & Bachata', 'Música', 'Salsa, bachata e ritmos caribenhos', 1),
	(15, 'Zouk & Kizomba', 'Música', 'Zouk, kizomba e danças de casal latinas', 1),
	(16, 'Rock', 'Música', 'Rock nacional e internacional em geral', 1),
	(17, 'Rock Clássico', 'Música', 'Rock clássico dos anos 70, 80 e 90', 1),
	(18, 'Hard Rock & Metal', 'Música', 'Hard rock, metal e subgêneros pesados', 1),
	(19, 'Pop Internacional', 'Música', 'Pop internacional e hits mundiais', 1),
	(20, 'Pop Nacional', 'Música', 'Pop brasileiro e sucessos de rádio', 1),
	(21, 'Eletrônica / EDM', 'Música', 'EDM, big room e som de festivais', 1),
	(22, 'House & Tech House', 'Música', 'House, tech house e vertentes de pista', 1),
	(23, 'Techno', 'Música', 'Techno, minimal e som mais underground', 1),
	(24, 'Deep & Chill House', 'Música', 'Deep house e sonoridades chill', 1),
	(25, 'Hip Hop & Rap', 'Música', 'Hip hop, rap e boom bap', 1),
	(26, 'R&B', 'Música', 'R&B e soul contemporâneo', 1),
	(27, 'Jazz & Blues', 'Música', 'Jazz e blues tradicionais', 1),
	(28, 'Soul & Funk Soul', 'Música', 'Soul, funk soul e groove', 1),
	(29, 'MPB', 'Música', 'Música popular brasileira em geral', 1),
	(30, 'Bossa Nova', 'Música', 'Bossa nova e samba-jazz leve', 1),
	(31, 'Choro', 'Música', 'Choro e instrumental brasileiro', 1),
	(32, 'Flashback 80s & 90s', 'Música', 'Flashback com hits dos anos 80 e 90', 1),
	(33, 'Flashback 2000s', 'Música', 'Hits marcantes dos anos 2000', 1),
	(34, 'Lo-Fi & Chill Beats', 'Música', 'Lo-fi, chillhop e beats relax', 1),
	(35, 'Gospel', 'Música', 'Música gospel em geral', 1),
	(36, 'K-Pop & J-Pop', 'Música', 'K-Pop, J-Pop e cultura pop asiática', 1),
	(37, 'Trilhas de Filmes & Séries', 'Música', 'Trilhas sonoras de filmes, animes e séries', 1),
	(50, 'Noite de Petiscos & Boteco', 'Gastronomia', 'Degustação de petiscos, porções e boteco', 1),
	(51, 'Festival de Churrasco & Burgers', 'Gastronomia', 'Festival de carnes, churrasco e hambúrgueres', 1),
	(52, 'Festival de Comida Baiana', 'Gastronomia', 'Festival de pratos típicos baianos', 1),
	(53, 'Festival de Comida Mexicana', 'Gastronomia', 'Festival de tacos, burritos e comida mexicana', 1),
	(54, 'Noite da Pizza', 'Gastronomia', 'Rodízio ou noite temática de pizzas', 1),
	(55, 'Festival de Cervejas & Chopes', 'Gastronomia', 'Degustação de cervejas, chopes e harmonização', 1),
	(56, 'Festival de Vinhos & Queijos', 'Gastronomia', 'Vinhos, queijos e tábuas especiais', 1),
	(57, 'Festival de Drinks & Coquetelaria', 'Gastronomia', 'Drinks autorais e coquetelaria clássica', 1),
	(58, 'Noite de Sobremesas & Doces', 'Gastronomia', 'Sobremesas, doces e cafés especiais', 1),
	(70, 'Sessão de Cinema & Pré-estreia', 'Cultura', 'Sessões especiais de filmes e estreias', 1),
	(71, 'Mostra de Filmes & Maratona', 'Cultura', 'Maratona de filmes, animes ou séries', 1),
	(72, 'Espetáculo de Teatro', 'Cultura', 'Peças teatrais e performances', 1),
	(73, 'Musical & Show Teatral', 'Cultura', 'Musicais e grandes produções de palco', 1),
	(74, 'Sarau & Poesia', 'Cultura', 'Sarau, poesia e microfone aberto cultural', 1),
	(75, 'Exposição & Arte Visual', 'Cultura', 'Exposição de fotos, quadros e arte visual', 1),
	(76, 'Noite de Jazz & Piano Bar', 'Cultura', 'Clima de jazz, piano bar e coquetelaria', 1),
	(90, 'Transmissão de Jogos de Futebol', 'Esportes', 'Transmissão de partidas de futebol', 1),
	(91, 'Transmissão de Lutas & UFC', 'Esportes', 'Noite de lutas, UFC e artes marciais', 1),
	(92, 'Transmissão de Esportes em Geral', 'Esportes', 'Jogos variados: basquete, vôlei, NFL etc.', 1),
	(93, 'Campeonato Interno de Jogos', 'Esportes', 'Campeonatos internos de sinuca, dardo etc.', 1),
	(110, 'Dia em Família & Kids', 'Família', 'Programação para famílias com crianças', 1),
	(111, 'Tarde de Brincadeiras & Recreação', 'Família', 'Brincadeiras, recreadores e atividades infantis', 1),
	(112, 'Parque & Lazer ao Ar Livre', 'Família', 'Atividades em parque, praça e áreas abertas', 1),
	(113, 'Festa Infantil', 'Família', 'Aniversários e festas infantis', 1),
	(130, 'Sunset Party', 'Praia', 'Festa ao pôr do sol com DJs e drinks', 1),
	(131, 'Pool Party', 'Praia', 'Festa na piscina com som e animação', 1),
	(132, 'Beach Party', 'Praia', 'Festa na praia ou beach club', 1),
	(133, 'Luau', 'Praia', 'Luau com música, violão e clima praiano', 1),
	(150, 'Noite de Board Games & RPG', 'Games', 'Jogos de tabuleiro, RPG e cartas', 1),
	(151, 'Campeonato de eSports', 'Games', 'Torneios de jogos eletrônicos e eSports', 1),
	(152, 'Arcade & Fliperama Night', 'Games', 'Fliperamas, pinballs e jogos retrô', 1),
	(153, 'Noite Geek & Cosplay', 'Geek', 'Encontros geek, cosplay e cultura pop', 1),
	(154, 'Experiências em Realidade Virtual', 'Geek', 'Jogos e experiências em VR', 1),
	(155, 'Quiz Night', 'Geek', 'Noite de quiz, perguntas e respostas em grupo', 1),
	(170, 'Happy Hour Corporativo', 'Corporativo', 'Happy hour pós-expediente para empresas', 1),
	(171, 'Evento Corporativo & Networking', 'Corporativo', 'Eventos de networking e relacionamento', 1),
	(172, 'Lançamento de Produto & Marca', 'Corporativo', 'Eventos de lançamento e divulgação', 1),
	(173, 'Treinamento & Workshop', 'Corporativo', 'Workshops, treinamentos e palestras', 1),
	(190, 'Festa Junina & Julina', 'Temático', 'Festa junina/julina com comidas típicas e quadrilha', 1),
	(191, 'Festa de Halloween', 'Temático', 'Noite à fantasia temática de Halloween', 1),
	(192, 'Festa à Fantasia', 'Temático', 'Festa com fantasia livre e premiações', 1),
	(193, 'Réveillon & Ano Novo', 'Temático', 'Evento de virada de ano com música e ceia', 1),
	(194, 'Festa de Aniversário do Bar', 'Temático', 'Comemoração de aniversário da casa', 1),
	(195, 'Trap', 'Trap', 'trap', 1);

-- Copiando estrutura para tabela u690128405_role.failed_jobs
CREATE TABLE IF NOT EXISTS `failed_jobs` (
  `id` bigint(20) unsigned NOT NULL AUTO_INCREMENT,
  `uuid` varchar(255) NOT NULL,
  `connection` text NOT NULL,
  `queue` text NOT NULL,
  `payload` longtext NOT NULL,
  `exception` longtext NOT NULL,
  `failed_at` timestamp NOT NULL DEFAULT current_timestamp(),
  PRIMARY KEY (`id`),
  UNIQUE KEY `failed_jobs_uuid_unique` (`uuid`)
) ENGINE=InnoDB DEFAULT CHARSET=utf8mb4 COLLATE=utf8mb4_unicode_ci;

-- Copiando dados para a tabela u690128405_role.failed_jobs: ~0 rows (aproximadamente)

-- Copiando estrutura para tabela u690128405_role.follows_tb
CREATE TABLE IF NOT EXISTS `follows_tb` (
  `id` int(10) unsigned NOT NULL AUTO_INCREMENT,
  `follower_id` int(10) unsigned NOT NULL,
  `follower_type` varchar(10) NOT NULL,
  `target_id` int(10) unsigned NOT NULL,
  `target_type` varchar(10) NOT NULL,
  `status` varchar(10) NOT NULL DEFAULT 'approved',
  `created_at` datetime DEFAULT NULL,
  PRIMARY KEY (`id`),
  KEY `follower_id_target_id` (`follower_id`,`target_id`),
  KEY `idx_follows_status` (`status`)
) ENGINE=MyISAM DEFAULT CHARSET=utf8mb4 COLLATE=utf8mb4_general_ci;

-- Copiando dados para a tabela u690128405_role.follows_tb: 0 rows
/*!40000 ALTER TABLE `follows_tb` DISABLE KEYS */;
/*!40000 ALTER TABLE `follows_tb` ENABLE KEYS */;

-- Copiando estrutura para tabela u690128405_role.form_bares_comodidades_tb
CREATE TABLE IF NOT EXISTS `form_bares_comodidades_tb` (
  `comodidade_id` int(10) unsigned NOT NULL AUTO_INCREMENT,
  `bares_id` int(10) unsigned NOT NULL,
  `tipo` enum('estacionamento','wifi','ar_condicionado','area_externa','lounge','acessibilidade','outro') NOT NULL,
  `descricao` text DEFAULT NULL,
  `created_at` datetime DEFAULT NULL,
  `updated_at` datetime DEFAULT NULL,
  `deleted_at` datetime DEFAULT NULL,
  PRIMARY KEY (`comodidade_id`),
  KEY `fk_comodidade_bar` (`bares_id`),
  CONSTRAINT `fk_comodidade_bar` FOREIGN KEY (`bares_id`) REFERENCES `form_perfil_bares_tb` (`bares_id`) ON DELETE CASCADE ON UPDATE CASCADE
) ENGINE=InnoDB DEFAULT CHARSET=utf8mb4 COLLATE=utf8mb4_general_ci;

-- Copiando dados para a tabela u690128405_role.form_bares_comodidades_tb: ~0 rows (aproximadamente)

-- Copiando estrutura para tabela u690128405_role.form_bares_entretenimento_tb
CREATE TABLE IF NOT EXISTS `form_bares_entretenimento_tb` (
  `entretenimento_id` int(10) unsigned NOT NULL AUTO_INCREMENT,
  `bares_id` int(10) unsigned NOT NULL,
  `tipo` enum('musica_ao_vivo','karaoke','pista_danca','jogos','tv_esportes','evento_especial','outro') NOT NULL,
  `descricao` text DEFAULT NULL,
  `created_at` datetime DEFAULT NULL,
  `updated_at` datetime DEFAULT NULL,
  `deleted_at` datetime DEFAULT NULL,
  PRIMARY KEY (`entretenimento_id`),
  KEY `fk_entretenimento_bar` (`bares_id`),
  CONSTRAINT `fk_entretenimento_bar` FOREIGN KEY (`bares_id`) REFERENCES `form_perfil_bares_tb` (`bares_id`) ON DELETE CASCADE ON UPDATE CASCADE
) ENGINE=InnoDB DEFAULT CHARSET=utf8mb4 COLLATE=utf8mb4_general_ci;

-- Copiando dados para a tabela u690128405_role.form_bares_entretenimento_tb: ~0 rows (aproximadamente)

-- Copiando estrutura para tabela u690128405_role.form_bares_ofertas_tb
CREATE TABLE IF NOT EXISTS `form_bares_ofertas_tb` (
  `oferta_id` int(10) unsigned NOT NULL AUTO_INCREMENT,
  `bares_id` int(10) unsigned NOT NULL,
  `tipo` enum('bebida','comida','lanche','salgado','outro') NOT NULL,
  `nome` varchar(150) NOT NULL,
  `descricao` text DEFAULT NULL,
  `preco` decimal(10,2) DEFAULT NULL,
  `created_at` datetime DEFAULT NULL,
  `updated_at` datetime DEFAULT NULL,
  `deleted_at` datetime DEFAULT NULL,
  PRIMARY KEY (`oferta_id`),
  KEY `fk_oferta_bar` (`bares_id`),
  CONSTRAINT `fk_oferta_bar` FOREIGN KEY (`bares_id`) REFERENCES `form_perfil_bares_tb` (`bares_id`) ON DELETE CASCADE ON UPDATE CASCADE
) ENGINE=InnoDB DEFAULT CHARSET=utf8mb4 COLLATE=utf8mb4_general_ci;

-- Copiando dados para a tabela u690128405_role.form_bares_ofertas_tb: ~0 rows (aproximadamente)

-- Copiando estrutura para tabela u690128405_role.form_bares_servicos_tb
CREATE TABLE IF NOT EXISTS `form_bares_servicos_tb` (
  `servico_id` int(10) unsigned NOT NULL AUTO_INCREMENT,
  `bares_id` int(10) unsigned NOT NULL,
  `tipo` enum('reserva','delivery','pagamento','garcom','outro') NOT NULL,
  `descricao` text DEFAULT NULL,
  `created_at` datetime DEFAULT NULL,
  `updated_at` datetime DEFAULT NULL,
  `deleted_at` datetime DEFAULT NULL,
  PRIMARY KEY (`servico_id`),
  KEY `fk_servico_bar` (`bares_id`),
  CONSTRAINT `fk_servico_bar` FOREIGN KEY (`bares_id`) REFERENCES `form_perfil_bares_tb` (`bares_id`) ON DELETE CASCADE ON UPDATE CASCADE
) ENGINE=InnoDB DEFAULT CHARSET=utf8mb4 COLLATE=utf8mb4_general_ci;

-- Copiando dados para a tabela u690128405_role.form_bares_servicos_tb: ~0 rows (aproximadamente)

-- Copiando estrutura para tabela u690128405_role.form_perfil_bares_tb
CREATE TABLE IF NOT EXISTS `form_perfil_bares_tb` (
  `bares_id` int(10) unsigned NOT NULL AUTO_INCREMENT,
  `user_id` int(10) unsigned NOT NULL,
  `nome` varchar(150) NOT NULL,
  `endereco` varchar(255) NOT NULL,
  `telefone` varchar(50) DEFAULT NULL,
  `horario_inicio` varchar(50) DEFAULT NULL,
  `horario_final` varchar(50) DEFAULT NULL,
  `tipo_bar` int(10) unsigned NOT NULL,
  `estado_id` int(10) unsigned DEFAULT NULL,
  `cidade_id` int(10) unsigned DEFAULT NULL,
  `bairro_id` int(10) unsigned DEFAULT NULL,
  `bairro_nome` varchar(100) DEFAULT NULL,
  `povoado_id` int(10) unsigned DEFAULT NULL,
  `prefixo_rua_id` int(10) unsigned DEFAULT NULL,
  `latitude` decimal(10,8) DEFAULT NULL,
  `longitude` decimal(11,8) DEFAULT NULL,
  `bebidas` varchar(255) DEFAULT NULL,
  `beneficios` longtext DEFAULT NULL,
  `capacidade` int(11) DEFAULT NULL,
  `nome_na_lista` tinyint(1) NOT NULL DEFAULT 0,
  `descricao` text DEFAULT NULL,
  `site` varchar(255) DEFAULT NULL,
  `imagem` varchar(255) DEFAULT NULL,
  `status` enum('ativo','inativo') NOT NULL DEFAULT 'ativo',
  `created_at` datetime DEFAULT NULL,
  `updated_at` datetime DEFAULT NULL,
  `deleted_at` datetime DEFAULT NULL,
  `rua_id` int(10) unsigned DEFAULT NULL,
  PRIMARY KEY (`bares_id`),
  UNIQUE KEY `user_id` (`user_id`),
  KEY `form_perfil_bares_tb_tipo_bar_foreign` (`tipo_bar`),
  KEY `idx_bares_estado` (`estado_id`),
  KEY `idx_bares_cidade` (`cidade_id`),
  KEY `idx_bares_povoado` (`povoado_id`),
  KEY `idx_bares_prefixo` (`prefixo_rua_id`),
  KEY `idx_bares_geo` (`latitude`,`longitude`),
  KEY `idx_bares_bairro` (`bairro_id`),
  KEY `idx_bares_rua` (`rua_id`),
  CONSTRAINT `fk_bares_bairro_id` FOREIGN KEY (`bairro_id`) REFERENCES `base_bairros` (`id`) ON DELETE SET NULL ON UPDATE CASCADE,
  CONSTRAINT `fk_bares_cidade_id` FOREIGN KEY (`cidade_id`) REFERENCES `base_cidades` (`id`) ON DELETE SET NULL ON UPDATE CASCADE,
  CONSTRAINT `fk_bares_rua_id` FOREIGN KEY (`rua_id`) REFERENCES `base_ruas` (`id`) ON DELETE SET NULL,
  CONSTRAINT `fk_bares_user_id` FOREIGN KEY (`user_id`) REFERENCES `users` (`id`) ON DELETE CASCADE ON UPDATE CASCADE
) ENGINE=InnoDB AUTO_INCREMENT=38 DEFAULT CHARSET=utf8mb4 COLLATE=utf8mb4_general_ci;

-- Copiando dados para a tabela u690128405_role.form_perfil_bares_tb: ~17 rows (aproximadamente)
INSERT INTO `form_perfil_bares_tb` (`bares_id`, `user_id`, `nome`, `endereco`, `telefone`, `horario_inicio`, `horario_final`, `tipo_bar`, `estado_id`, `cidade_id`, `bairro_id`, `bairro_nome`, `povoado_id`, `prefixo_rua_id`, `latitude`, `longitude`, `bebidas`, `beneficios`, `capacidade`, `nome_na_lista`, `descricao`, `site`, `imagem`, `status`, `created_at`, `updated_at`, `deleted_at`, `rua_id`) VALUES
	(6, 8, 'Boteco do John', 'Baronese de Bela Vista, 728', '11 978951404', '11:00', '00:00', 4, 26, 5265, NULL, 'Campo Belo', NULL, 1, NULL, NULL, NULL, '{"comodidades":[],"entretenimento":[],"ofertas":[],"servicos":[]}', 100, 0, 'Melhor Bar da Região Aberto todos os dias!', NULL, 'uploads/bares/6_boteco-do-john/perfil/1771264904_01FId2U2hK.jpg', 'ativo', '2026-01-04 17:08:25', '2026-02-16 18:01:44', NULL, NULL),
	(16, 20, 'Espaço Avenida', 'Vitória da Conquista, 850', '73 999324376', '17:00', '01:00', 4, 1, 323, NULL, 'Cidade Nova', NULL, 2, NULL, NULL, NULL, '{"comodidades":[],"entretenimento":[],"ofertas":[],"servicos":[]}', 50, 0, '', NULL, 'uploads/bares/16/perfil/1768257350_7775dbae11ad3fbbfaf2.jpg', 'ativo', '2026-01-11 12:14:26', '2026-01-13 03:34:47', NULL, NULL),
	(17, 21, 'M&S', 'Do Glicério', '11 959670681', '11:00', '00:00', 26, 26, 5265, NULL, 'Glicério', NULL, 1, NULL, NULL, NULL, '{"comodidades":[],"entretenimento":[],"ofertas":[],"servicos":[]}', 30, 0, 'Bar e restaurante aconchegante, com bebidas geladas, pratos variados e ambiente ideal para encontros entre amigos e família.', NULL, 'uploads/bares/17/perfil/1768236490_51da51e366d22e7bae51.jpg', 'ativo', '2026-01-12 16:08:35', '2026-01-12 16:48:10', NULL, NULL),
	(18, 10, 'Lettiere Divulgações', 'Praça da Liberdade', '88', '00:00', '23:59', 5, 26, 5265, NULL, 'Glicério', NULL, 1, NULL, NULL, NULL, '{"comodidades":[],"entretenimento":[],"ofertas":[],"servicos":[]}', 1, 0, 'UDOAISUDPOSAIDU', 'HTTPS://WWW.ROLESBR.COM.BR', 'uploads/bares/18_lettiere-divulgacoes/perfil/1771066555_sxVqt8VRun.jpeg', 'ativo', '2026-01-16 20:23:34', '2026-02-14 10:59:11', NULL, NULL),
	(19, 29, 'Chayenn - Chá com Alma Oriental', 'Rua Barão de Iguape, 161', '11 999999999', '10:00', '17:30', 102, 26, 5265, NULL, 'Liberdade', NULL, 1, NULL, NULL, NULL, '{"comodidades":[],"entretenimento":[],"ofertas":[],"servicos":[]}', 40, 0, 'A Chayenn (茶隐澜山) é uma casa de chá chinesa moderna na Rua Barão de Iguape, 161, Liberdade, São Paulo.\r\n\r\nDecoração imersiva e acolhedora com temática chinesa.\r\n​Aberta seg-sex 10h-17h30; sáb-dom 11h30-19h30', NULL, 'uploads/bares/19/perfil/1768921245_dcb7d6c503fd361a1daf.jpg', 'ativo', '2026-01-20 12:00:45', '2026-01-20 12:06:46', NULL, NULL),
	(20, 30, 'Hello Kitty and Friends 2d by Eat Asia', 'Rua Americo de Campos, 118', '11 999999999', '12:00', '20:00', 95, 26, 5265, 5601, 'Liberdade', NULL, 1, NULL, NULL, NULL, '{"comodidades":[],"entretenimento":[],"ofertas":[],"servicos":[]}', 60, 0, 'No bairro da Liberdade, em São Paulo, o Hello Kitty and Friends 2D by Eat Asia é um restaurante temático asiático que faz o visitante se sentir dentro de um quadrinho em preto e branco. Com decoração inteira desenhada à mão e ambiente altamente instagramável, o local combina o universo fofo da Hello Kitty com um cardápio de lamen, yakisoba, bibimbap, sushis, pratos especiais e sobremesas temáticas que encantam tanto crianças quanto adultos.', NULL, 'uploads/bares/20/perfil/1768924804_aafac904e2520fe6a180.jpg', 'ativo', '2026-01-20 13:00:04', '2026-01-20 13:00:04', NULL, NULL),
	(21, 36, 'Asia House', 'Rua Gloria, 86', '11 3106.1159', '1100', '2300', 10, 26, 5265, 5601, 'Liberdade', NULL, 1, NULL, NULL, 'comodidades,entretenimento,ofertas,servicos', NULL, 80, 0, 'Buffet de comida japonesa focado em almoço na Liberdade.', NULL, NULL, 'ativo', '2026-01-22 17:05:56', '2026-01-22 17:05:56', NULL, NULL),
	(22, 37, 'Bento House', 'Endereço Bento House', '11 99000-0007', '1100', '2300', 10, 26, 5265, 5601, 'Liberdade', NULL, 1, NULL, NULL, 'comodidades,entretenimento,ofertas,servicos', NULL, 80, 0, 'Restaurante japonês em estilo bento e pratos feitos.', NULL, NULL, 'ativo', '2026-01-22 17:05:56', '2026-01-22 17:05:56', NULL, NULL),
	(23, 32, 'Hinodê', 'Rua Thomaz Gonzaga, 62', '11 99000-0002', '1100', '2300', 10, 26, 5265, 5601, 'Liberdade', NULL, 1, NULL, NULL, 'comodidades,entretenimento,ofertas,servicos', NULL, 80, 0, 'Casa japonesa clássica, conhecida pelos pratos quentes e combinados.', NULL, NULL, 'ativo', '2026-01-22 17:05:56', '2026-01-22 17:05:56', NULL, NULL),
	(24, 39, 'Itidai', 'Endereço Itidai', '11 99000-0009', '1100', '2300', 10, 26, 5265, 5601, 'Liberdade', NULL, 1, NULL, NULL, 'comodidades,entretenimento,ofertas,servicos', NULL, 80, 0, 'Restaurante japonês bem avaliado na Liberdade.', NULL, NULL, 'ativo', '2026-01-22 17:05:56', '2026-01-22 17:05:56', NULL, NULL),
	(25, 40, 'Rodízio Liberdade 258', 'Praça da Liberdade, 258', '11 99000-0010', '1100', '2300', 10, 26, 5265, 5601, 'Liberdade', NULL, 1, NULL, NULL, 'comodidades,entretenimento,ofertas,servicos', NULL, 100, 0, 'Rodízio japonês focado em combinados e pratos quentes.', NULL, NULL, 'ativo', '2026-01-22 17:05:56', '2026-01-22 17:05:56', NULL, NULL),
	(26, 33, 'Sushi Amigo', 'Av. da Liberdade, 607', '', '1100', '2300', 10, 26, 5265, 5601, 'Liberdade', NULL, 1, NULL, NULL, 'comodidades,entretenimento,ofertas,servicos', NULL, 80, 0, 'Restaurante de sushi com combinados e opções para grupos.', NULL, NULL, 'ativo', '2026-01-22 17:05:56', '2026-01-22 17:05:56', NULL, NULL),
	(27, 31, 'Sushi Isao', 'Rua da Glória, 111', '11977230150', '1100', '2300', 10, 26, 5265, 5601, 'Liberdade', NULL, 1, NULL, NULL, 'comodidades,entretenimento,ofertas,servicos', NULL, 80, 0, 'Restaurante japonês tradicional com foco em sushi e sashimi.', NULL, NULL, 'ativo', '2026-01-22 17:05:56', '2026-01-22 17:05:56', NULL, NULL),
	(28, 38, 'Sushi Kenzo', 'Rua Tomás Gonzaga, 45', '11999383777', '1100', '2300', 10, 26, 5265, 5601, 'Liberdade', NULL, 1, NULL, NULL, 'comodidades,entretenimento,ofertas,servicos', NULL, 80, 0, 'Casa de sushi à la carte, foco em peças especiais.', NULL, NULL, 'ativo', '2026-01-22 17:05:56', '2026-01-22 17:05:56', NULL, NULL),
	(29, 35, 'Sushi Yassu', 'Rua Tomás Gonzaga, 98', '', '1100', '2300', 10, 26, 5265, 5601, 'Liberdade', NULL, 1, NULL, NULL, 'comodidades,entretenimento,ofertas,servicos', NULL, 80, 0, 'Restaurante japonês tradicional com ambiente intimista.', NULL, NULL, 'ativo', '2026-01-22 17:05:56', '2026-01-22 17:05:56', NULL, NULL),
	(30, 34, 'Tanka', 'Praça da Liberdade, 149', '11 99000-0004', '1100', '2300', 10, 26, 5265, 5601, 'Liberdade', NULL, 1, NULL, NULL, 'comodidades,entretenimento,ofertas,servicos', NULL, 120, 0, 'Buffet japonês conhecido na região da Liberdade.', NULL, NULL, 'ativo', '2026-01-22 17:05:56', '2026-01-22 17:05:56', NULL, NULL),
	(37, 44, 'Karaoke Tequilas Oficial', 'Rua da Glória 543', '11 32072007', '19:00', '02:00', 16, 26, 5265, NULL, 'Liberdade', NULL, 1, NULL, NULL, NULL, '{"comodidades":[],"entretenimento":[],"ofertas":[],"servicos":[]}', 100, 0, 'TEQUILAS KARAOKÊ by Naomes\r\nO melhor karaokê da Liberdade! 🎤🎶\r\nGigantesco acervo de músicas, seg a sáb a partir das 19h.\r\nRua da Glória, 543 - São Paulo/SP (CEP 01510-001)\r\n📞 (11) 3207-2007 | Venha ser a estrela! ✨', NULL, 'uploads/bares/37/perfil/1770055823_8cf35759c9a9a3a56a7e.jpg', 'ativo', '2026-02-02 15:10:23', '2026-02-02 20:04:57', NULL, NULL);

-- Copiando estrutura para tabela u690128405_role.form_perfil_tipo_bar_tb
CREATE TABLE IF NOT EXISTS `form_perfil_tipo_bar_tb` (
  `tipo_bar_id` int(10) unsigned NOT NULL AUTO_INCREMENT,
  `nome` varchar(100) NOT NULL,
  `descricao` text DEFAULT NULL,
  `categoria` varchar(50) DEFAULT NULL,
  `ativo` tinyint(1) NOT NULL DEFAULT 1,
  `created_at` datetime DEFAULT NULL,
  `updated_at` datetime DEFAULT NULL,
  `deleted_at` datetime DEFAULT NULL,
  PRIMARY KEY (`tipo_bar_id`)
) ENGINE=InnoDB AUTO_INCREMENT=103 DEFAULT CHARSET=utf8mb4 COLLATE=utf8mb4_general_ci;

-- Copiando dados para a tabela u690128405_role.form_perfil_tipo_bar_tb: ~102 rows (aproximadamente)
INSERT INTO `form_perfil_tipo_bar_tb` (`tipo_bar_id`, `nome`, `descricao`, `categoria`, `ativo`, `created_at`, `updated_at`, `deleted_at`) VALUES
	(1, 'Temático', 'Estabelecimentos com temas específicos e decoração especial', 'Diversão', 1, '2025-12-28 03:49:07', '2025-12-28 03:49:07', NULL),
	(2, 'Esportivo', 'Bares e espaços com TVs para jogos e eventos esportivos', 'Esportes', 1, '2025-12-28 03:49:07', '2025-12-28 03:49:07', NULL),
	(3, 'Recreativo', 'Locais para lazer e entretenimento casual', 'Diversão', 1, '2025-12-28 03:49:07', '2025-12-28 03:49:07', NULL),
	(4, 'Bar Balada', 'Bares com pista de dança e ambiente noturno', 'Balada', 1, '2025-12-28 03:49:07', '2025-12-28 03:49:07', NULL),
	(5, 'Bar', 'Estabelecimentos focados em bebidas alcoólicas', 'Bebidas', 1, '2025-12-28 03:49:07', '2025-12-28 03:49:07', NULL),
	(6, 'Cafeteria', 'Espaços para café e lanches leves', 'Café', 1, '2025-12-28 03:49:07', '2025-12-28 03:49:07', NULL),
	(7, 'Café', 'Cafés tradicionais com ambiente acolhedor', 'Café', 1, '2025-12-28 03:49:07', '2025-12-28 03:49:07', NULL),
	(8, 'Casa Noturna', 'Baladas e clubes noturnos', 'Balada', 1, '2025-12-28 03:49:07', '2025-12-28 03:49:07', NULL),
	(9, 'Pizzaria', 'Especializada em pizzas e delivery', 'Comida', 1, '2025-12-28 03:49:07', '2025-12-28 03:49:07', NULL),
	(10, 'Restaurante', 'Estabelecimentos para refeições completas', 'Comida', 1, '2025-12-28 03:49:07', '2025-12-28 03:49:07', NULL),
	(11, 'Agência de Excursão', 'Organização de passeios e viagens', 'Turismo', 1, '2025-12-28 03:49:07', '2025-12-28 03:49:07', NULL),
	(12, 'Parque', 'Parques públicos ou temáticos', 'Lazer', 1, '2025-12-28 03:49:07', '2025-12-28 03:49:07', NULL),
	(13, 'Praça', 'Praças públicas para encontros', 'Lazer', 1, '2025-12-28 03:49:07', '2025-12-28 03:49:07', NULL),
	(14, 'Cinema', 'Salas de cinema e sessões', 'Cultura', 1, '2025-12-28 03:49:07', '2025-12-28 03:49:07', NULL),
	(15, 'Teatro', 'Espaços teatrais e espetáculos', 'Cultura', 1, '2025-12-28 03:49:07', '2025-12-28 03:49:07', NULL),
	(16, 'Karaokê', 'Locais para cantar karaokê', 'Diversão', 1, '2025-12-28 03:49:07', '2025-12-28 03:49:07', NULL),
	(17, 'Pub', 'Pubs tradicionais com cervejas especiais', 'Bebidas', 1, '2025-12-28 03:49:07', '2025-12-28 03:49:07', NULL),
	(18, 'Lounge', 'Ambientes sofisticados e relaxantes', 'Premium', 1, '2025-12-28 03:49:07', '2025-12-28 03:49:07', NULL),
	(19, 'Rooftop', 'Bares no topo de prédios com vista', 'Premium', 1, '2025-12-28 03:49:07', '2025-12-28 03:49:07', NULL),
	(20, 'Beach Club', 'Clubes de praia', 'Praia', 1, '2025-12-28 03:49:07', '2025-12-28 03:49:07', NULL),
	(21, 'Boteco', 'Botecos tradicionais brasileiros', 'Brasileiro', 1, '2025-12-28 03:49:07', '2025-12-28 03:49:07', NULL),
	(22, 'Choperia', 'Especializada em chope', 'Bebidas', 1, '2025-12-28 03:49:07', '2025-12-28 03:49:07', NULL),
	(23, 'Hamburgueria', 'Especializada em hambúrgueres', 'Comida', 1, '2025-12-28 03:49:07', '2025-12-28 03:49:07', NULL),
	(24, 'Food Truck', 'Food trucks e comida de rua', 'Comida', 1, '2025-12-28 03:49:07', '2025-12-28 03:49:07', NULL),
	(25, 'Petiscaria', 'Focada em petiscos e aperitivos', 'Comida', 1, '2025-12-28 03:49:07', '2025-12-28 03:49:07', NULL),
	(26, 'Bar Temático Geek', 'Bar com temática de filmes, séries e cultura nerd', 'Diversão', 1, '2026-01-12 19:05:52', '2026-01-12 19:05:52', NULL),
	(27, 'Bar Temático Medieval', 'Ambiente inspirado em tavernas medievais com decoração temática', 'Diversão', 1, '2026-01-12 19:05:52', '2026-01-12 19:05:52', NULL),
	(28, 'Bar de Jogos de Tabuleiro', 'Bar com foco em board games, RPG e jogos de cartas', 'Diversão', 1, '2026-01-12 19:05:52', '2026-01-12 19:05:52', NULL),
	(29, 'Bar de Karaokê', 'Bar com palco ou salas privativas para cantar', 'Diversão', 1, '2026-01-12 19:05:52', '2026-01-12 19:05:52', NULL),
	(30, 'Bar de Stand-up', 'Casa focada em shows de comédia ao vivo', 'Diversão', 1, '2026-01-12 19:05:52', '2026-01-12 19:05:52', NULL),
	(31, 'Bar com Música ao Vivo', 'Estabelecimento com bandas e artistas se apresentando', 'Diversão', 1, '2026-01-12 19:05:52', '2026-01-12 19:05:52', NULL),
	(32, 'Bar com DJ', 'Bar/balada com DJ residente e pista de dança', 'Balada', 1, '2026-01-12 19:05:52', '2026-01-12 19:05:52', NULL),
	(33, 'Bar de Jogos Eletrônicos', 'Ambiente com fliperamas, simuladores e consoles', 'Diversão', 1, '2026-01-12 19:05:52', '2026-01-12 19:05:52', NULL),
	(34, 'Bar de Esportes', 'Bar esportivo com telões para jogos e campeonatos', 'Esportes', 1, '2026-01-12 19:05:52', '2026-01-12 19:05:52', NULL),
	(35, 'Bar com Rooftop', 'Bar em cobertura com vista panorâmica e clima descontraído', 'Premium', 1, '2026-01-12 19:05:52', '2026-01-12 19:05:52', NULL),
	(36, 'Parque de Diversões', 'Parque com brinquedos, atrações radicais e familiares', 'Lazer', 1, '2026-01-12 19:05:52', '2026-01-12 19:05:52', NULL),
	(37, 'Parque Temático', 'Parque com temática específica e experiências imersivas', 'Lazer', 1, '2026-01-12 19:05:52', '2026-01-12 19:05:52', NULL),
	(38, 'Parque Aquático', 'Parque com toboáguas, piscinas e atrações de água', 'Lazer', 1, '2026-01-12 19:05:52', '2026-01-12 19:05:52', NULL),
	(39, 'Cinema Multiplex', 'Cinema com várias salas e programação variada', 'Cultura', 1, '2026-01-12 19:05:52', '2026-01-12 19:05:52', NULL),
	(40, 'Cinema de Arte', 'Salas focadas em filmes alternativos e independentes', 'Cultura', 1, '2026-01-12 19:05:52', '2026-01-12 19:05:52', NULL),
	(41, 'Teatro de Comédia', 'Teatro voltado para peças e stand-up humorístico', 'Cultura', 1, '2026-01-12 19:05:52', '2026-01-12 19:05:52', NULL),
	(42, 'Teatro Musical', 'Casa especializada em musicais e grandes produções', 'Cultura', 1, '2026-01-12 19:05:52', '2026-01-12 19:05:52', NULL),
	(43, 'Espaço para Festas', 'Casa de eventos para aniversários, festas temáticas e shows', 'Diversão', 1, '2026-01-12 19:05:52', '2026-01-12 19:05:52', NULL),
	(44, 'Casa de Shows', 'Grande espaço para shows de bandas e artistas', 'Balada', 1, '2026-01-12 19:05:52', '2026-01-12 19:05:52', NULL),
	(45, 'Arena de Karaokê', 'Prédio com várias salas de karaokê e bar integrado', 'Diversão', 1, '2026-01-12 19:05:52', '2026-01-12 19:05:52', NULL),
	(46, 'Pub com Jogos', 'Pub com sinuca, dardos e jogos de bar', 'Bebidas', 1, '2026-01-12 19:05:52', '2026-01-12 19:05:52', NULL),
	(47, 'Bar Praia & Música', 'Bar em área de praia artificial ou deck com música e lazer', 'Praia', 1, '2026-01-12 19:05:52', '2026-01-12 19:05:52', NULL),
	(48, 'Espaço Cultural & Bar', 'Mistura de bar com exposições, oficinas e eventos culturais', 'Cultura', 1, '2026-01-12 19:05:52', '2026-01-12 19:05:52', NULL),
	(49, 'Bar com Quiz Night', 'Bar que promove noites de quiz e jogos de perguntas', 'Diversão', 1, '2026-01-12 19:05:52', '2026-01-12 19:05:52', NULL),
	(50, 'Bar de Dança de Salão', 'Casa focada em dança (samba, forró, zouk, etc.)', 'Diversão', 1, '2026-01-12 19:05:52', '2026-01-12 19:05:52', NULL),
	(51, 'Bar Retrô', 'Bar com decoração e trilha sonora dos anos 70, 80 e 90', 'Diversão', 1, '2026-01-12 19:06:37', '2026-01-12 19:06:37', NULL),
	(52, 'Boteco Samba', 'Boteco tradicional com roda de samba ao vivo', 'Brasileiro', 1, '2026-01-12 19:06:37', '2026-01-12 19:06:37', NULL),
	(53, 'Bar de Pagode', 'Casa focada em pagode ao vivo e pista animada', 'Balada', 1, '2026-01-12 19:06:37', '2026-01-12 19:06:37', NULL),
	(54, 'Bar Sertanejo', 'Bar com shows sertanejos e pista de dança', 'Balada', 1, '2026-01-12 19:06:37', '2026-01-12 19:06:37', NULL),
	(55, 'Bar de Rock', 'Bar com bandas de rock e ambiente alternativo', 'Diversão', 1, '2026-01-12 19:06:37', '2026-01-12 19:06:37', NULL),
	(56, 'Pub Irlandês', 'Pub no estilo europeu com chopes e rock internacional', 'Bebidas', 1, '2026-01-12 19:06:37', '2026-01-12 19:06:37', NULL),
	(57, 'Sports Bar', 'Bar esportivo com telões para futebol, lutas e esportes em geral', 'Esportes', 1, '2026-01-12 19:06:37', '2026-01-12 19:06:37', NULL),
	(58, 'Bar de Sinuca', 'Bar com mesas de sinuca, dardos e jogos de bar', 'Diversão', 1, '2026-01-12 19:06:37', '2026-01-12 19:06:37', NULL),
	(59, 'Hookah Lounge', 'Lounge com narguilé, drinks e música ambiente', 'Premium', 1, '2026-01-12 19:06:37', '2026-01-12 19:06:37', NULL),
	(60, 'Karaokê Bar', 'Bar tradicional de karaokê com palco aberto ao público', 'Diversão', 1, '2026-01-12 19:06:37', '2026-01-12 19:06:37', NULL),
	(61, 'Beach Bar', 'Bar à beira-mar ou estilo praia, com drinks tropicais e música', 'Praia', 1, '2026-01-12 19:06:37', '2026-01-12 19:06:37', NULL),
	(62, 'Bar Universitário', 'Bar voltado para público jovem com promoções e música animada', 'Diversão', 1, '2026-01-12 19:06:37', '2026-01-12 19:06:37', NULL),
	(63, 'Bar Happy Hour', 'Bar de esquina focado em chope gelado e petiscos após o trabalho', 'Bebidas', 1, '2026-01-12 19:06:37', '2026-01-12 19:06:37', NULL),
	(64, 'Churrascaria & Bar', 'Casa que combina churrasco, chope e música ao vivo', 'Comida', 1, '2026-01-12 19:06:37', '2026-01-12 19:06:37', NULL),
	(65, 'Food Park', 'Praça de alimentação ao ar livre com vários food trucks e bar central', 'Lazer', 1, '2026-01-12 19:06:37', '2026-01-12 19:06:37', NULL),
	(66, 'Bar de Rock', 'Bar com bandas de rock, covers e clássicos do gênero', 'Diversão', 1, '2026-01-12 19:07:17', '2026-01-12 19:07:17', NULL),
	(67, 'Bar de MPB', 'Casa com música brasileira ao vivo em clima intimista', 'Cultura', 1, '2026-01-12 19:07:17', '2026-01-12 19:07:17', NULL),
	(68, 'Piano Bar', 'Ambiente sofisticado com piano ao vivo e drinks clássicos', 'Premium', 1, '2026-01-12 19:07:17', '2026-01-12 19:07:17', NULL),
	(69, 'Bar Sertanejo Universitário', 'Bar focado em sertanejo universitário e pista de dança', 'Balada', 1, '2026-01-12 19:07:17', '2026-01-12 19:07:17', NULL),
	(70, 'Bar de Forró', 'Casa de forró com aulas e bailes ao vivo', 'Diversão', 1, '2026-01-12 19:07:17', '2026-01-12 19:07:17', NULL),
	(71, 'Bar Latino', 'Bar com salsa, reggaeton e ritmos latinos para dançar', 'Balada', 1, '2026-01-12 19:07:17', '2026-01-12 19:07:17', NULL),
	(72, 'Wine Bar', 'Bar especializado em vinhos e tábuas de frios', 'Premium', 1, '2026-01-12 19:07:17', '2026-01-12 19:07:17', NULL),
	(73, 'Beer Bar', 'Bar especializado em chopes e cervejas especiais', 'Bebidas', 1, '2026-01-12 19:07:17', '2026-01-12 19:07:17', NULL),
	(74, 'Cyber Café', 'Café com computadores, games online e internet rápida', 'Diversão', 1, '2026-01-12 19:07:17', '2026-01-12 19:07:17', NULL),
	(75, 'Arcade Bar', 'Bar com fliperamas, pinballs e jogos retrô', 'Diversão', 1, '2026-01-12 19:07:17', '2026-01-12 19:07:17', NULL),
	(76, 'Bar Molhado', 'Bar dentro de piscina ou área molhada em clube/praia', 'Praia', 1, '2026-01-12 19:07:17', '2026-01-12 19:07:17', NULL),
	(77, 'Bar Rooftop Lounge', 'Rooftop com lounge, DJ e carta de drinks autorais', 'Premium', 1, '2026-01-12 19:07:17', '2026-01-12 19:07:17', NULL),
	(78, 'Bar de Jazz & Blues', 'Casa com programação de jazz e blues ao vivo', 'Cultura', 1, '2026-01-12 19:07:17', '2026-01-12 19:07:17', NULL),
	(79, 'Open Mic Bar', 'Bar com noite de microfone aberto para música e comédia', 'Diversão', 1, '2026-01-12 19:07:17', '2026-01-12 19:07:17', NULL),
	(80, 'Bar de Games & eSports', 'Bar com transmissão de eSports e estações de games', 'Esportes', 1, '2026-01-12 19:07:17', '2026-01-12 19:07:17', NULL),
	(81, 'Speakeasy', 'Bar escondido em estilo clandestino, com entrada discreta e coquetelaria autoral', 'Premium', 1, '2026-01-12 19:08:11', '2026-01-12 19:08:11', NULL),
	(82, 'Tiki Bar', 'Bar tropical com decoração polinésia, drinks exóticos e clima de férias', 'Diversão', 1, '2026-01-12 19:08:11', '2026-01-12 19:08:11', NULL),
	(83, 'Gastrobar', 'Bar com foco em alta coquetelaria e gastronomia elaborada', 'Premium', 1, '2026-01-12 19:08:11', '2026-01-12 19:08:11', NULL),
	(84, 'Bar Pop-up', 'Bar itinerante ou temporário em eventos, rooftops e praias', 'Lazer', 1, '2026-01-12 19:08:11', '2026-01-12 19:08:11', NULL),
	(85, 'Bar de Jogos & Atividades', 'Bar com dardos, shuffleboard, mini-golf, beer pong e outras atividades', 'Diversão', 1, '2026-01-12 19:08:11', '2026-01-12 19:08:11', NULL),
	(86, 'Escape Bar', 'Bar integrado a jogos de escape room e experiências imersivas', 'Diversão', 1, '2026-01-12 19:08:11', '2026-01-12 19:08:11', NULL),
	(87, 'Bar de Realidade Virtual', 'Espaço com óculos VR, simuladores e games imersivos', 'Diversão', 1, '2026-01-12 19:08:11', '2026-01-12 19:08:11', NULL),
	(88, 'Bar Subterrâneo', 'Bar localizado em porão ou galeria subterrânea com clima intimista', 'Premium', 1, '2026-01-12 19:08:11', '2026-01-12 19:08:11', NULL),
	(89, 'Bar Retrô Tiki', 'Mistura de bar retrô com temática tiki e música vintage', 'Diversão', 1, '2026-01-12 19:08:11', '2026-01-12 19:08:11', NULL),
	(90, 'Bar de Atiraria (Axe Bar)', 'Bar com pista de arremesso de machados e jogos de competição', 'Diversão', 1, '2026-01-12 19:08:11', '2026-01-12 19:08:11', NULL),
	(91, 'Bar LGBTQIAP+', 'Bar inclusivo voltado ao público LGBTQIAP+, com programação temática', 'Diversão', 1, '2026-01-12 19:12:00', '2026-01-12 19:12:00', NULL),
	(92, 'Bar Pet Friendly', 'Bar que aceita pets e oferece estrutura para animais de estimação', 'Lazer', 1, '2026-01-12 19:12:00', '2026-01-12 19:12:00', NULL),
	(93, 'Bar Família', 'Ambiente voltado para famílias, com área kids e atrações leves', 'Lazer', 1, '2026-01-12 19:12:00', '2026-01-12 19:12:00', NULL),
	(94, 'Bar ao Ar Livre', 'Bar em área externa, jardins ou praças, com clima informal', 'Lazer', 1, '2026-01-12 19:12:00', '2026-01-12 19:12:00', NULL),
	(95, 'Bar Instagramável', 'Bar pensado para fotos, com decoração cenográfica e drinks visuais', 'Premium', 1, '2026-01-12 19:12:00', '2026-01-12 19:12:00', NULL),
	(96, 'Bar de Rooftop com Piscina', 'Rooftop com piscina, festas e DJ', 'Premium', 1, '2026-01-12 19:12:00', '2026-01-12 19:12:00', NULL),
	(97, 'Bar Cultural', 'Programação de sarau, poesia, exposições e shows intimistas', 'Cultura', 1, '2026-01-12 19:12:00', '2026-01-12 19:12:00', NULL),
	(98, 'Bar Universitário Esportivo', 'Bar perto de faculdades com foco em jogos e festas de atlética', 'Esportes', 1, '2026-01-12 19:12:00', '2026-01-12 19:12:00', NULL),
	(99, 'Bar After Office', 'Bar focado em happy hour corporativo e networking', 'Bebidas', 1, '2026-01-12 19:12:00', '2026-01-12 19:12:00', NULL),
	(100, 'Bar de Temporada de Verão', 'Bar sazonal em praias ou orlas, ativo só em alta temporada', 'Praia', 1, '2026-01-12 19:12:00', '2026-01-12 19:12:00', NULL),
	(101, 'Produtor Cultural', 'Produdução de Eventos Culturais', 'Diversão', 1, '2026-01-19 05:56:22', '2026-01-19 05:56:24', '2026-01-19 05:56:25'),
	(102, 'Chá Bar', 'Casa de Chá ', 'Casa de Chá', 1, '2026-01-20 11:47:11', '2026-01-20 11:47:13', NULL);

-- Copiando estrutura para tabela u690128405_role.fto_produtos_tb
CREATE TABLE IF NOT EXISTS `fto_produtos_tb` (
  `foto_id` int(10) unsigned NOT NULL AUTO_INCREMENT,
  `prod_id` int(10) unsigned NOT NULL,
  `url` varchar(255) NOT NULL,
  `descricao` varchar(255) DEFAULT NULL,
  `ordem` int(11) NOT NULL DEFAULT 0,
  `created_at` datetime DEFAULT NULL,
  `updated_at` datetime DEFAULT NULL,
  `deleted_at` datetime DEFAULT NULL,
  PRIMARY KEY (`foto_id`),
  KEY `fto_produtos_tb_prod_id_foreign` (`prod_id`)
) ENGINE=MyISAM DEFAULT CHARSET=utf8mb4 COLLATE=utf8mb4_general_ci;

-- Copiando dados para a tabela u690128405_role.fto_produtos_tb: 0 rows
/*!40000 ALTER TABLE `fto_produtos_tb` DISABLE KEYS */;
/*!40000 ALTER TABLE `fto_produtos_tb` ENABLE KEYS */;

-- Copiando estrutura para tabela u690128405_role.ft_fotos_bar_tb
CREATE TABLE IF NOT EXISTS `ft_fotos_bar_tb` (
  `foto_id` int(10) unsigned NOT NULL AUTO_INCREMENT,
  `bares_id` int(10) unsigned NOT NULL,
  `url` varchar(255) NOT NULL,
  `descricao` varchar(255) DEFAULT NULL,
  `created_at` datetime DEFAULT NULL,
  `updated_at` datetime DEFAULT NULL,
  `deleted_at` datetime DEFAULT NULL,
  PRIMARY KEY (`foto_id`),
  KEY `ft_fotos_bar_tb_bares_id_foreign` (`bares_id`)
) ENGINE=MyISAM AUTO_INCREMENT=15 DEFAULT CHARSET=utf8mb4 COLLATE=utf8mb4_general_ci;

-- Copiando dados para a tabela u690128405_role.ft_fotos_bar_tb: 14 rows
/*!40000 ALTER TABLE `ft_fotos_bar_tb` DISABLE KEYS */;
INSERT INTO `ft_fotos_bar_tb` (`foto_id`, `bares_id`, `url`, `descricao`, `created_at`, `updated_at`, `deleted_at`) VALUES
	(1, 16, 'uploads/bares/16/galeria/1768257425_33d6575579c065475da6.jpg', 'Foto da galeria', '2026-01-12 22:37:05', '2026-01-12 22:37:05', NULL),
	(2, 6, 'uploads/bares/6/galeria/1768755447_071ccd906450b17a906a.png', 'Foto da galeria', '2026-01-18 13:57:27', '2026-01-18 13:57:27', NULL),
	(3, 6, 'uploads/bares/6/galeria/1768755447_bfabba9784b98e00b49d.png', 'Foto da galeria', '2026-01-18 13:57:27', '2026-01-18 13:57:27', NULL),
	(4, 6, 'uploads/bares/6/galeria/1768755447_afd2ad17138959582ace.png', 'Foto da galeria', '2026-01-18 13:57:27', '2026-01-18 13:57:27', NULL),
	(5, 6, 'uploads/bares/6/galeria/1768755447_0d3d16fd570a545406a0.png', 'Foto da galeria', '2026-01-18 13:57:27', '2026-01-18 13:57:27', NULL),
	(6, 6, 'uploads/bares/6/galeria/1768755447_f7e1713216c15b5d126a.png', 'Foto da galeria', '2026-01-18 13:57:27', '2026-01-18 13:57:27', NULL),
	(7, 6, 'uploads/bares/6/galeria/1768755447_4ccd566d8d5031d07911.png', 'Foto da galeria', '2026-01-18 13:57:27', '2026-01-18 13:57:27', NULL),
	(8, 6, 'uploads/bares/6/galeria/1768755447_2d849202207e5824e39d.png', 'Foto da galeria', '2026-01-18 13:57:27', '2026-01-18 13:57:27', NULL),
	(9, 6, 'uploads/bares/6/galeria/1768755447_2f45528b9e4bd56b6b95.png', 'Foto da galeria', '2026-01-18 13:57:27', '2026-01-18 13:57:27', NULL),
	(10, 19, 'uploads/bares/19/galeria/1768921606_e4219a291b9acc64c6b0.jpg', 'Foto da galeria', '2026-01-20 12:06:46', '2026-01-20 12:06:46', NULL),
	(11, 19, 'uploads/bares/19/galeria/1768921606_afc21b50e4653b60ce7f.jpg', 'Foto da galeria', '2026-01-20 12:06:46', '2026-01-20 12:06:46', NULL),
	(12, 19, 'uploads/bares/19/galeria/1768921606_ac11d0e6e23ef3c156a8.jpg', 'Foto da galeria', '2026-01-20 12:06:46', '2026-01-20 12:06:46', NULL),
	(13, 37, 'uploads/bares/37/galeria/1770073497_d6a5f0cddd609ec1480f.jpg', 'Foto da galeria', '2026-02-02 20:04:57', '2026-02-02 20:04:57', NULL),
	(14, 37, 'uploads/bares/37/galeria/1770073497_b0c6b0915d438d8ea444.jpg', 'Foto da galeria', '2026-02-02 20:04:57', '2026-02-02 20:04:57', NULL);
/*!40000 ALTER TABLE `ft_fotos_bar_tb` ENABLE KEYS */;

-- Copiando estrutura para tabela u690128405_role.interaction_log_tb
CREATE TABLE IF NOT EXISTS `interaction_log_tb` (
  `id` int(10) unsigned NOT NULL AUTO_INCREMENT,
  `actor_id` int(10) unsigned NOT NULL,
  `actor_type` varchar(10) NOT NULL,
  `target_type` varchar(20) NOT NULL,
  `target_id` int(10) unsigned NOT NULL,
  `action` varchar(30) NOT NULL,
  `metadata` text DEFAULT NULL,
  `created_at` datetime DEFAULT NULL,
  PRIMARY KEY (`id`),
  KEY `actor_id_target_id` (`actor_id`,`target_id`)
) ENGINE=MyISAM DEFAULT CHARSET=utf8mb4 COLLATE=utf8mb4_general_ci;

-- Copiando dados para a tabela u690128405_role.interaction_log_tb: 0 rows
/*!40000 ALTER TABLE `interaction_log_tb` DISABLE KEYS */;
/*!40000 ALTER TABLE `interaction_log_tb` ENABLE KEYS */;

-- Copiando estrutura para tabela u690128405_role.jobs
CREATE TABLE IF NOT EXISTS `jobs` (
  `id` bigint(20) unsigned NOT NULL AUTO_INCREMENT,
  `queue` varchar(255) NOT NULL,
  `payload` longtext NOT NULL,
  `attempts` tinyint(3) unsigned NOT NULL,
  `reserved_at` int(10) unsigned DEFAULT NULL,
  `available_at` int(10) unsigned NOT NULL,
  `created_at` int(10) unsigned NOT NULL,
  PRIMARY KEY (`id`),
  KEY `jobs_queue_index` (`queue`)
) ENGINE=InnoDB DEFAULT CHARSET=utf8mb4 COLLATE=utf8mb4_unicode_ci;

-- Copiando dados para a tabela u690128405_role.jobs: ~0 rows (aproximadamente)

-- Copiando estrutura para tabela u690128405_role.job_batches
CREATE TABLE IF NOT EXISTS `job_batches` (
  `id` varchar(255) NOT NULL,
  `name` varchar(255) NOT NULL,
  `total_jobs` int(11) NOT NULL,
  `pending_jobs` int(11) NOT NULL,
  `failed_jobs` int(11) NOT NULL,
  `failed_job_ids` longtext NOT NULL,
  `options` mediumtext DEFAULT NULL,
  `cancelled_at` int(11) DEFAULT NULL,
  `created_at` int(11) NOT NULL,
  `finished_at` int(11) DEFAULT NULL,
  PRIMARY KEY (`id`)
) ENGINE=InnoDB DEFAULT CHARSET=utf8mb4 COLLATE=utf8mb4_unicode_ci;

-- Copiando dados para a tabela u690128405_role.job_batches: ~0 rows (aproximadamente)

-- Copiando estrutura para tabela u690128405_role.laravel_migrations
CREATE TABLE IF NOT EXISTS `laravel_migrations` (
  `id` int(10) unsigned NOT NULL AUTO_INCREMENT,
  `migration` varchar(255) NOT NULL,
  `batch` int(11) NOT NULL,
  PRIMARY KEY (`id`)
) ENGINE=InnoDB DEFAULT CHARSET=utf8mb4 COLLATE=utf8mb4_unicode_ci;

-- Copiando dados para a tabela u690128405_role.laravel_migrations: ~0 rows (aproximadamente)

-- Copiando estrutura para tabela u690128405_role.locations_tb
CREATE TABLE IF NOT EXISTS `locations_tb` (
  `location_id` int(10) unsigned NOT NULL AUTO_INCREMENT,
  `name` varchar(255) DEFAULT NULL,
  `city` varchar(120) DEFAULT NULL,
  `state` varchar(60) DEFAULT NULL,
  `latitude` decimal(10,6) DEFAULT NULL,
  `longitude` decimal(10,6) DEFAULT NULL,
  `maps_url` varchar(255) DEFAULT NULL,
  `waze_url` varchar(255) DEFAULT NULL,
  `created_at` datetime DEFAULT NULL,
  `updated_at` datetime DEFAULT NULL,
  PRIMARY KEY (`location_id`)
) ENGINE=MyISAM DEFAULT CHARSET=utf8mb4 COLLATE=utf8mb4_general_ci;

-- Copiando dados para a tabela u690128405_role.locations_tb: 0 rows
/*!40000 ALTER TABLE `locations_tb` DISABLE KEYS */;
/*!40000 ALTER TABLE `locations_tb` ENABLE KEYS */;

-- Copiando estrutura para tabela u690128405_role.migrations
CREATE TABLE IF NOT EXISTS `migrations` (
  `id` int(10) unsigned NOT NULL AUTO_INCREMENT,
  `migration` varchar(255) NOT NULL,
  `batch` int(11) NOT NULL,
  PRIMARY KEY (`id`)
) ENGINE=InnoDB AUTO_INCREMENT=11 DEFAULT CHARSET=utf8mb4 COLLATE=utf8mb4_unicode_ci;

-- Copiando dados para a tabela u690128405_role.migrations: ~10 rows (aproximadamente)
INSERT INTO `migrations` (`id`, `migration`, `batch`) VALUES
	(1, '0001_01_01_000000_create_users_table', 1),
	(2, '0001_01_01_000001_create_cache_table', 1),
	(3, '0001_01_01_000002_create_jobs_table', 1),
	(4, '2026_02_14_000001_add_event_logo_columns', 2),
	(5, '2026_02_14_000200_create_establishment_socials_and_facilities_tables', 3),
	(6, '2026_02_14_000300_add_tipo_status_to_evt_lotes_ingressos_tb', 4),
	(7, '2026_02_14_000400_add_event_location_columns', 5),
	(8, '2026_02_14_000002_add_event_location_columns', 6),
	(9, '2026_02_16_000500_create_evt_ingressos_convidados_tb', 7),
	(10, '2026_02_16_000600_add_whatsapp_to_evt_ingressos_convidados_tb', 8);

-- Copiando estrutura para tabela u690128405_role.migrations_ci4
CREATE TABLE IF NOT EXISTS `migrations_ci4` (
  `id` bigint(20) unsigned NOT NULL AUTO_INCREMENT,
  `version` varchar(255) NOT NULL,
  `class` varchar(255) NOT NULL,
  `group` varchar(255) NOT NULL,
  `namespace` varchar(255) NOT NULL,
  `time` int(11) NOT NULL,
  `batch` int(10) unsigned NOT NULL,
  PRIMARY KEY (`id`)
) ENGINE=InnoDB AUTO_INCREMENT=58 DEFAULT CHARSET=utf8mb4 COLLATE=utf8mb4_general_ci;

-- Copiando dados para a tabela u690128405_role.migrations_ci4: ~55 rows (aproximadamente)
INSERT INTO `migrations_ci4` (`id`, `version`, `class`, `group`, `namespace`, `time`, `batch`) VALUES
	(1, '2025-12-22-025621', 'App\\Database\\Migrations\\CreateUsersTable', 'default', 'App', 1768681178, 1),
	(2, '2025-12-22-040644', 'App\\Database\\Migrations\\CreateCiSessionsTable', 'default', 'App', 1768681178, 1),
	(3, '2025-12-26-120001', 'App\\Database\\Migrations\\CreateFormPerfilTipoBarTb', 'default', 'App', 1768681178, 1),
	(4, '2025-12-26-120002', 'App\\Database\\Migrations\\CreateFormPerfilBaresTb', 'default', 'App', 1768681178, 1),
	(5, '2025-12-26-120003', 'App\\Database\\Migrations\\CreateProdFamiliaProdutosTb', 'default', 'App', 1768681178, 1),
	(6, '2025-12-26-120004', 'App\\Database\\Migrations\\CreateProdTipoProdutosTb', 'default', 'App', 1768681178, 1),
	(7, '2025-12-26-120005', 'App\\Database\\Migrations\\CreateProdBaseProdutoTb', 'default', 'App', 1768681178, 1),
	(8, '2025-12-26-120006', 'App\\Database\\Migrations\\CreateProdProdutosTb', 'default', 'App', 1768681178, 1),
	(9, '2025-12-26-120007', 'App\\Database\\Migrations\\CreateFtoProdutosTb', 'default', 'App', 1768681178, 1),
	(10, '2025-12-26-120008', 'App\\Database\\Migrations\\CreateProdCardapioTb', 'default', 'App', 1768681178, 1),
	(11, '2025-12-26-120009', 'App\\Database\\Migrations\\CreateProdCardapioItensTb', 'default', 'App', 1768681178, 1),
	(12, '2025-12-26-120010', 'App\\Database\\Migrations\\CreateFtFotosBarTb', 'default', 'App', 1768681178, 1),
	(13, '2025-12-26-120011', 'App\\Database\\Migrations\\CreateNlListasTb', 'default', 'App', 1768681178, 1),
	(14, '2025-12-26-120012', 'App\\Database\\Migrations\\CreateNlBeneficiosTb', 'default', 'App', 1768681178, 1),
	(15, '2025-12-26-120013', 'App\\Database\\Migrations\\CreateNlListaUsuariosTb', 'default', 'App', 1768681178, 1),
	(16, '2025-12-26-120014', 'App\\Database\\Migrations\\CreateNlBeneficioUsoTb', 'default', 'App', 1768681178, 1),
	(17, '2025-12-26-164050', 'App\\Database\\Migrations\\CreateEvtTipoEventoTb', 'default', 'App', 1768681178, 1),
	(18, '2025-12-26-164051', 'App\\Database\\Migrations\\CreateEvtEventosTb', 'default', 'App', 1768681178, 1),
	(19, '2025-12-26-164052', 'App\\Database\\Migrations\\CreateEvtAtracaoEstilosTb', 'default', 'App', 1768681178, 1),
	(20, '2025-12-26-164053', 'App\\Database\\Migrations\\CreateEvtAtracoesTb', 'default', 'App', 1768681178, 1),
	(21, '2025-12-26-164054', 'App\\Database\\Migrations\\CreateEvtAtracaoEstiloRelTb', 'default', 'App', 1768681178, 1),
	(22, '2025-12-26-164055', 'App\\Database\\Migrations\\CreateEvtEventoAtracoesTb', 'default', 'App', 1768681178, 1),
	(23, '2025-12-26-164056', 'App\\Database\\Migrations\\CreateEvtLotesIngressosTb', 'default', 'App', 1768681178, 1),
	(24, '2025-12-27-130000', 'App\\Database\\Migrations\\CreateEvtIngressosVendidosTb', 'default', 'App', 1768681296, 2),
	(25, '2025-12-27-140000', 'App\\Database\\Migrations\\CreatePerfilUsuariosTb', 'default', 'App', 1768681297, 2),
	(26, '2025-12-27-142000', 'App\\Database\\Migrations\\CreateBaseGeneroUsuarioTb', 'default', 'App', 1768681300, 2),
	(27, '2025-12-27-143000', 'App\\Database\\Migrations\\AddGeneroToPerfilUsuariosTb', 'default', 'App', 1768681367, 3),
	(28, '2025-12-27-173757', 'App\\Database\\Migrations\\ModifyBairroInPerfilUsuariosTb', 'default', 'App', 1768681396, 4),
	(29, '2025-12-28-120001', 'App\\Database\\Migrations\\AlterFormPerfilBaresAddGeoAndRefs', 'default', 'App', 1768681397, 4),
	(30, '2025-12-28-120001', 'App\\Database\\Migrations\\CreateUserMediaTb', 'default', 'App', 1768681397, 4),
	(31, '2025-12-28-120002', 'App\\Database\\Migrations\\AlterPerfilUsuariosAddLocationRefs', 'default', 'App', 1768681397, 4),
	(32, '2025-12-28-120002', 'App\\Database\\Migrations\\CreateUserPostsTb', 'default', 'App', 1768681397, 4),
	(33, '2025-12-28-120003', 'App\\Database\\Migrations\\CreateUserPostCommentsTb', 'default', 'App', 1768681398, 4),
	(34, '2025-12-28-120004', 'App\\Database\\Migrations\\AlterUserPostsAddLocation', 'default', 'App', 1768681434, 5),
	(35, '2025-12-28-120005', 'App\\Database\\Migrations\\CreateUserPostTextsTb', 'default', 'App', 1768681434, 5),
	(36, '2025-12-28-120006', 'App\\Database\\Migrations\\CreateUserPostTagsTb', 'default', 'App', 1768681434, 5),
	(37, '2025-12-28-120007', 'App\\Database\\Migrations\\CreateUserStoriesTb', 'default', 'App', 1768681434, 5),
	(38, '2025-12-30-120010', 'App\\Database\\Migrations\\AlterUserPostsAddOwnerVisibilityTb', 'default', 'App', 1768681562, 6),
	(39, '2025-12-30-120011', 'App\\Database\\Migrations\\CreateLocationsTb', 'default', 'App', 1768681562, 6),
	(40, '2025-12-30-120012', 'App\\Database\\Migrations\\CreateUserPostLikesTb', 'default', 'App', 1768681587, 7),
	(41, '2025-12-30-120013', 'App\\Database\\Migrations\\CreateFollowsTb', 'default', 'App', 1768681619, 8),
	(42, '2025-12-30-120014', 'App\\Database\\Migrations\\CreateInteractionLogTb', 'default', 'App', 1768681619, 8),
	(43, '2025-12-30-120015', 'App\\Database\\Migrations\\AlterUserPostCommentsAddEditedAtTb', 'default', 'App', 1768681690, 9),
	(44, '2026-01-01-120001', 'App\\Database\\Migrations\\CreateEvtAlbunsFotosTb', 'default', 'App', 1768681690, 9),
	(45, '2026-01-01-120002', 'App\\Database\\Migrations\\CreateEvtAlbumFotosTb', 'default', 'App', 1768681690, 9),
	(46, '2026-01-01-120003', 'App\\Database\\Migrations\\CreateEvtFotoLikesTb', 'default', 'App', 1768681690, 9),
	(47, '2026-01-01-120004', 'App\\Database\\Migrations\\CreateEvtFotoComentariosTb', 'default', 'App', 1768681690, 9),
	(48, '2026-01-01-120005', 'App\\Database\\Migrations\\CreateEvtFotoCompartilhamentosTb', 'default', 'App', 1768681690, 9),
	(49, '2026-01-02-120001', 'App\\Database\\Migrations\\AlterUserStoriesAddOverlay', 'default', 'App', 1768681749, 10),
	(50, '2026-01-02-120002', 'App\\Database\\Migrations\\CreateBarStoriesTb', 'default', 'App', 1768681749, 10),
	(51, '20260112130000', 'App\\Database\\Migrations\\CreateShopCarts', 'default', 'App', 1768681749, 10),
	(52, '20260112130010', 'App\\Database\\Migrations\\CreateShopCartItems', 'default', 'App', 1768681749, 10),
	(53, '2026-01-17-130900', 'App\\Database\\Migrations\\CreateSponsoredHighlightsTb', 'default', 'App', 1768681749, 10),
	(54, '2026-01-18-120000', 'App\\Database\\Migrations\\CreateEvtInteresseEventoTb', 'default', 'App', 1768732992, 11),
	(55, '2026-01-23-120001', 'App\\Database\\Migrations\\CreateAdsBannersTb', 'default', 'App', 1769178812, 12),
	(56, '2026-02-03-030934', 'App\\Database\\Migrations\\CreateNotificationsTb', 'default', 'App', 1770088211, 13),
	(57, '2026-02-03-100000', 'App\\Database\\Migrations\\AddTypeToInteresse', 'default', 'App', 1770134977, 14);

-- Copiando estrutura para tabela u690128405_role.nl_beneficios_tb
CREATE TABLE IF NOT EXISTS `nl_beneficios_tb` (
  `beneficio_id` int(10) unsigned NOT NULL AUTO_INCREMENT,
  `lista_id` int(10) unsigned NOT NULL,
  `tipo` enum('desconto_percentual','desconto_valor','ingresso_gratuito','desconto_comanda','cashback','outro') NOT NULL,
  `valor` decimal(10,2) DEFAULT NULL,
  `descricao` varchar(255) DEFAULT NULL,
  `limite_uso_total` int(11) DEFAULT NULL,
  `limite_uso_por_usuario` int(11) DEFAULT NULL,
  `ativo` tinyint(1) NOT NULL DEFAULT 1,
  `created_at` datetime DEFAULT NULL,
  `updated_at` datetime DEFAULT NULL,
  PRIMARY KEY (`beneficio_id`),
  KEY `nl_beneficios_tb_lista_id_foreign` (`lista_id`)
) ENGINE=MyISAM DEFAULT CHARSET=utf8mb4 COLLATE=utf8mb4_general_ci;

-- Copiando dados para a tabela u690128405_role.nl_beneficios_tb: 0 rows
/*!40000 ALTER TABLE `nl_beneficios_tb` DISABLE KEYS */;
/*!40000 ALTER TABLE `nl_beneficios_tb` ENABLE KEYS */;

-- Copiando estrutura para tabela u690128405_role.nl_beneficio_uso_tb
CREATE TABLE IF NOT EXISTS `nl_beneficio_uso_tb` (
  `uso_id` bigint(20) unsigned NOT NULL AUTO_INCREMENT,
  `beneficio_id` int(10) unsigned NOT NULL,
  `lista_usuario_id` int(10) unsigned NOT NULL,
  `referencia_tipo` enum('comanda','ingresso','reserva','outro') NOT NULL DEFAULT 'comanda',
  `referencia_id` varchar(50) DEFAULT NULL,
  `valor_aplicado` decimal(10,2) DEFAULT NULL,
  `data_uso` datetime NOT NULL,
  PRIMARY KEY (`uso_id`),
  KEY `nl_beneficio_uso_tb_beneficio_id_foreign` (`beneficio_id`),
  KEY `nl_beneficio_uso_tb_lista_usuario_id_foreign` (`lista_usuario_id`)
) ENGINE=MyISAM DEFAULT CHARSET=utf8mb4 COLLATE=utf8mb4_general_ci;

-- Copiando dados para a tabela u690128405_role.nl_beneficio_uso_tb: 0 rows
/*!40000 ALTER TABLE `nl_beneficio_uso_tb` DISABLE KEYS */;
/*!40000 ALTER TABLE `nl_beneficio_uso_tb` ENABLE KEYS */;

-- Copiando estrutura para tabela u690128405_role.nl_listas_tb
CREATE TABLE IF NOT EXISTS `nl_listas_tb` (
  `lista_id` int(10) unsigned NOT NULL AUTO_INCREMENT,
  `bares_id` int(10) unsigned DEFAULT NULL,
  `nome` varchar(150) NOT NULL,
  `descricao` text DEFAULT NULL,
  `tipo` enum('lista','evento','parceria') NOT NULL DEFAULT 'lista',
  `ativo` tinyint(1) NOT NULL DEFAULT 1,
  `data_inicio` datetime DEFAULT NULL,
  `data_fim` datetime DEFAULT NULL,
  `created_at` datetime DEFAULT NULL,
  `updated_at` datetime DEFAULT NULL,
  `deleted_at` datetime DEFAULT NULL,
  PRIMARY KEY (`lista_id`),
  KEY `nl_listas_tb_bares_id_foreign` (`bares_id`)
) ENGINE=MyISAM DEFAULT CHARSET=utf8mb4 COLLATE=utf8mb4_general_ci;

-- Copiando dados para a tabela u690128405_role.nl_listas_tb: 0 rows
/*!40000 ALTER TABLE `nl_listas_tb` DISABLE KEYS */;
/*!40000 ALTER TABLE `nl_listas_tb` ENABLE KEYS */;

-- Copiando estrutura para tabela u690128405_role.nl_lista_usuarios_tb
CREATE TABLE IF NOT EXISTS `nl_lista_usuarios_tb` (
  `lista_usuario_id` int(10) unsigned NOT NULL AUTO_INCREMENT,
  `lista_id` int(10) unsigned NOT NULL,
  `user_id` int(10) unsigned NOT NULL,
  `codigo_convite` varchar(50) DEFAULT NULL,
  `status` enum('pendente','confirmado','cancelado') NOT NULL DEFAULT 'confirmado',
  `origem` enum('app','site','convite','manual') NOT NULL DEFAULT 'app',
  `created_at` datetime DEFAULT NULL,
  `updated_at` datetime DEFAULT NULL,
  `deleted_at` datetime DEFAULT NULL,
  PRIMARY KEY (`lista_usuario_id`),
  UNIQUE KEY `lista_id_user_id` (`lista_id`,`user_id`),
  KEY `nl_lista_usuarios_tb_user_id_foreign` (`user_id`)
) ENGINE=MyISAM DEFAULT CHARSET=utf8mb4 COLLATE=utf8mb4_general_ci;

-- Copiando dados para a tabela u690128405_role.nl_lista_usuarios_tb: 0 rows
/*!40000 ALTER TABLE `nl_lista_usuarios_tb` DISABLE KEYS */;
/*!40000 ALTER TABLE `nl_lista_usuarios_tb` ENABLE KEYS */;

-- Copiando estrutura para tabela u690128405_role.notifications_tb
CREATE TABLE IF NOT EXISTS `notifications_tb` (
  `id` int(11) unsigned NOT NULL AUTO_INCREMENT,
  `user_id` int(11) unsigned NOT NULL,
  `from_user_id` int(11) unsigned DEFAULT NULL,
  `type` enum('like','comment','follow','system') NOT NULL DEFAULT 'system',
  `title` varchar(100) NOT NULL,
  `message` text DEFAULT NULL,
  `link` varchar(255) DEFAULT NULL,
  `is_read` tinyint(1) NOT NULL DEFAULT 0,
  `created_at` datetime DEFAULT NULL,
  PRIMARY KEY (`id`),
  KEY `user_id` (`user_id`),
  KEY `is_read` (`is_read`)
) ENGINE=InnoDB AUTO_INCREMENT=4 DEFAULT CHARSET=utf8mb4 COLLATE=utf8mb4_general_ci;

-- Copiando dados para a tabela u690128405_role.notifications_tb: ~3 rows (aproximadamente)
INSERT INTO `notifications_tb` (`id`, `user_id`, `from_user_id`, `type`, `title`, `message`, `link`, `is_read`, `created_at`) VALUES
	(1, 10, 25, 'like', 'Nova curtida', 'Alexandre Lettiere curtiu sua publicação.', '/dashboard/perfil/posts/12', 0, '2026-02-03 00:33:59'),
	(2, 10, 25, 'like', 'Nova curtida', 'Alexandre Lettiere curtiu sua publicação.', '/dashboard/perfil/posts/9', 0, '2026-02-03 00:34:28'),
	(3, 10, 25, 'like', 'Nova curtida', 'Alexandre Lettiere curtiu sua publicação.', '/dashboard/perfil/posts/14', 0, '2026-02-03 23:48:45');

-- Copiando estrutura para tabela u690128405_role.password_reset_tokens
CREATE TABLE IF NOT EXISTS `password_reset_tokens` (
  `email` varchar(255) NOT NULL,
  `token` varchar(255) NOT NULL,
  `created_at` timestamp NULL DEFAULT NULL,
  PRIMARY KEY (`email`)
) ENGINE=InnoDB DEFAULT CHARSET=utf8mb4 COLLATE=utf8mb4_unicode_ci;

-- Copiando dados para a tabela u690128405_role.password_reset_tokens: ~0 rows (aproximadamente)

-- Copiando estrutura para tabela u690128405_role.perfil_usuarios_tb
CREATE TABLE IF NOT EXISTS `perfil_usuarios_tb` (
  `perfil_id` int(10) unsigned NOT NULL AUTO_INCREMENT,
  `user_id` int(10) unsigned NOT NULL,
  `cpf` varchar(14) NOT NULL,
  `rg` varchar(20) DEFAULT NULL,
  `telefone` varchar(20) NOT NULL,
  `data_nascimento` date DEFAULT NULL,
  `genero_id` int(10) unsigned DEFAULT NULL,
  `estado_id` int(10) unsigned DEFAULT NULL,
  `cidade_id` int(10) unsigned DEFAULT NULL,
  `bairro` varchar(100) DEFAULT NULL,
  `bairro_id` int(10) unsigned DEFAULT NULL,
  `location_lat` decimal(10,8) DEFAULT NULL,
  `location_lng` decimal(11,8) DEFAULT NULL,
  `rua_id` int(10) unsigned DEFAULT NULL,
  `bairro_nome` varchar(100) DEFAULT NULL,
  `foto_perfil` varchar(255) DEFAULT NULL,
  `bio` text DEFAULT NULL,
  `created_at` datetime DEFAULT NULL,
  `updated_at` datetime DEFAULT NULL,
  `delete_at` datetime DEFAULT NULL,
  PRIMARY KEY (`perfil_id`),
  UNIQUE KEY `cpf` (`cpf`),
  KEY `idx_perfil_bairro` (`bairro_id`),
  KEY `fk_perfil_user_id` (`user_id`),
  KEY `fk_perfil_cidade_id` (`cidade_id`),
  KEY `fk_perfil_genero_id` (`genero_id`),
  KEY `idx_perfil_rua` (`rua_id`),
  CONSTRAINT `fk_perfil_bairro_id` FOREIGN KEY (`bairro_id`) REFERENCES `base_bairros` (`id`) ON DELETE SET NULL ON UPDATE CASCADE,
  CONSTRAINT `fk_perfil_cidade_id` FOREIGN KEY (`cidade_id`) REFERENCES `base_cidades` (`id`) ON DELETE SET NULL ON UPDATE CASCADE,
  CONSTRAINT `fk_perfil_genero_id` FOREIGN KEY (`genero_id`) REFERENCES `base_genero_usuario` (`genero_id`) ON DELETE SET NULL ON UPDATE CASCADE,
  CONSTRAINT `fk_perfil_rua_id` FOREIGN KEY (`rua_id`) REFERENCES `base_ruas` (`id`) ON DELETE SET NULL,
  CONSTRAINT `fk_perfil_user_id` FOREIGN KEY (`user_id`) REFERENCES `users` (`id`) ON DELETE CASCADE ON UPDATE CASCADE
) ENGINE=InnoDB AUTO_INCREMENT=37 DEFAULT CHARSET=utf8mb4 COLLATE=utf8mb4_general_ci;

-- Copiando dados para a tabela u690128405_role.perfil_usuarios_tb: ~19 rows (aproximadamente)
INSERT INTO `perfil_usuarios_tb` (`perfil_id`, `user_id`, `cpf`, `rg`, `telefone`, `data_nascimento`, `genero_id`, `estado_id`, `cidade_id`, `bairro`, `bairro_id`, `location_lat`, `location_lng`, `rua_id`, `bairro_nome`, `foto_perfil`, `bio`, `created_at`, `updated_at`, `delete_at`) VALUES
	(4, 8, '00000000000000', '0000000', '99999999999', '2000-01-01', 1, 26, 5265, NULL, 5600, NULL, NULL, NULL, 'Campo Belo', 'uploads/perfis/8/perfil/1767551771_86d68c31ba6739ae7046.jpg', '', '2026-01-04 18:36:11', '2026-01-04 18:36:11', NULL),
	(5, 10, '01484840500', '397110704', '77998263095', '1985-03-18', 1, 26, 5265, NULL, 5601, NULL, NULL, NULL, 'Liberdade', NULL, '', '2026-01-07 21:59:01', '2026-01-07 21:59:01', NULL),
	(15, 20, '01484840501', '000000001', '11999999999', '2000-01-01', 4, 1, 323, NULL, 3, NULL, NULL, NULL, 'Cidade Nova', NULL, '', '2026-01-11 12:10:51', '2026-01-11 12:10:51', NULL),
	(16, 21, '00000000000002', '00000000', '11959670681', '2001-01-01', 4, 26, 5265, NULL, 5602, NULL, NULL, NULL, 'Glicério', NULL, 'Restaurante que atende por plataformas de delivery. ', '2026-01-12 15:59:38', '2026-01-12 15:59:38', NULL),
	(17, 25, '00000000000003', '390000000', '11982301985', '2000-01-01', 1, 26, 5265, NULL, 5602, NULL, NULL, NULL, 'Glicério', NULL, 'Promoter', '2026-01-16 19:36:11', '2026-01-16 19:36:11', NULL),
	(18, 26, '03520423545', '501827456', '11982465871', '1987-11-05', 1, 1, 323, NULL, 9, NULL, NULL, NULL, 'Centro', NULL, 'Cara simpático estrovetido e companheiro ', '2026-01-17 00:55:08', '2026-01-17 00:55:08', NULL),
	(19, 29, '0000000003', '000000003', '11999999999', '2000-01-01', 4, 26, 5265, NULL, 5601, NULL, NULL, NULL, 'Liberdade', 'uploads/perfis/29/perfil/1768919574_bbc7857af1204203f761.jpg', '', '2026-01-20 11:32:54', '2026-01-20 11:32:54', NULL),
	(20, 30, '00000000000004', '000000004', '111999999999', '2000-01-01', 4, 26, 5265, NULL, 5601, NULL, NULL, NULL, 'Liberdade', NULL, '', '2026-01-20 12:26:17', '2026-01-20 12:26:17', NULL),
	(21, 36, '10000000006', 'RG206', '11990000006', '1985-06-06', 4, 26, 5265, NULL, 5601, NULL, NULL, NULL, 'Liberdade', NULL, 'Gestor da unidade Asia House na Liberdade.', '2026-01-22 17:00:45', '2026-01-22 17:00:45', NULL),
	(22, 37, '10000000007', 'RG207', '11990000007', '1984-07-07', 1, 26, 5265, NULL, 5601, NULL, NULL, NULL, 'Liberdade', NULL, 'Dono do Bento House na Liberdade.', '2026-01-22 17:00:45', '2026-01-22 17:00:45', NULL),
	(23, 32, '10000000002', 'RG202', '11990000002', '1986-02-02', 4, 26, 5265, NULL, 5601, NULL, NULL, NULL, 'Liberdade', NULL, 'Gestor do Hinodê na Liberdade.', '2026-01-22 17:00:45', '2026-01-22 17:00:45', NULL),
	(24, 39, '10000000009', 'RG209', '11990000009', '1982-09-09', 1, 26, 5265, NULL, 5601, NULL, NULL, NULL, 'Liberdade', NULL, 'Responsável pelo restaurante Itidai.', '2026-01-22 17:00:45', '2026-01-22 17:00:45', NULL),
	(25, 40, '10000000010', 'RG210', '11990000010', '1981-10-10', 4, 26, 5265, NULL, 5601, NULL, NULL, NULL, 'Liberdade', NULL, 'Gerencia o rodízio japonês da Liberdade.', '2026-01-22 17:00:45', '2026-01-22 17:00:45', NULL),
	(26, 33, '10000000003', 'RG203', '11990000003', '1987-03-03', 1, 26, 5265, NULL, 5601, NULL, NULL, NULL, 'Liberdade', NULL, 'Dono do Sushi Amigo na Liberdade.', '2026-01-22 17:00:45', '2026-01-22 17:00:45', NULL),
	(27, 31, '10000000001', 'RG201', '11990000001', '1985-01-01', 1, 26, 5265, NULL, 5601, NULL, NULL, NULL, 'Liberdade', NULL, 'Responsável pelo Sushi Isao na Liberdade.', '2026-01-22 17:00:45', '2026-01-22 17:00:45', NULL),
	(28, 38, '10000000008', 'RG208', '11990000008', '1983-08-08', 4, 26, 5265, NULL, 5601, NULL, NULL, NULL, 'Liberdade', NULL, 'Administra o Sushi Kenzo Liberdade.', '2026-01-22 17:00:45', '2026-01-22 17:00:45', NULL),
	(29, 35, '10000000005', 'RG205', '11990000005', '1989-05-05', 1, 26, 5265, NULL, 5601, NULL, NULL, NULL, 'Liberdade', NULL, 'Responsável pelo Sushi Yassu.', '2026-01-22 17:00:45', '2026-01-22 17:00:45', NULL),
	(30, 34, '10000000004', 'RG204', '11990000004', '1988-04-04', 4, 26, 5265, NULL, 5601, NULL, NULL, NULL, 'Liberdade', NULL, 'Administra o Tanka na Praça da Liberdade.', '2026-01-22 17:00:45', '2026-01-22 17:00:45', NULL),
	(36, 48, '000000', NULL, '998263095', NULL, NULL, NULL, NULL, NULL, NULL, NULL, NULL, NULL, NULL, NULL, NULL, NULL, NULL, NULL);

-- Copiando estrutura para tabela u690128405_role.prod_base_produto_tb
CREATE TABLE IF NOT EXISTS `prod_base_produto_tb` (
  `base_id` int(10) unsigned NOT NULL AUTO_INCREMENT,
  `tipo_id` int(10) unsigned NOT NULL,
  `nome` varchar(150) NOT NULL,
  `descricao` text DEFAULT NULL,
  `caracteristica` varchar(150) DEFAULT NULL,
  `unidade_padrao` varchar(50) DEFAULT NULL,
  `tags` longtext DEFAULT NULL,
  `ativo` tinyint(1) NOT NULL DEFAULT 1,
  `created_at` datetime DEFAULT NULL,
  `updated_at` datetime DEFAULT NULL,
  `deleted_at` datetime DEFAULT NULL,
  PRIMARY KEY (`base_id`),
  KEY `prod_base_produto_tb_tipo_id_foreign` (`tipo_id`)
) ENGINE=InnoDB AUTO_INCREMENT=179 DEFAULT CHARSET=utf8mb4 COLLATE=utf8mb4_general_ci;

-- Copiando dados para a tabela u690128405_role.prod_base_produto_tb: ~177 rows (aproximadamente)
INSERT INTO `prod_base_produto_tb` (`base_id`, `tipo_id`, `nome`, `descricao`, `caracteristica`, `unidade_padrao`, `tags`, `ativo`, `created_at`, `updated_at`, `deleted_at`) VALUES
	(1, 1, 'Cachaça 51', 'Cachaça Ouro tradicional', '38% álcool', 'ml', 'cachaça,51', 1, '2025-12-28 08:23:11', '2025-12-28 08:23:11', NULL),
	(2, 2, 'Vodka', 'Vodka premium russa', '40% álcool', 'ml', 'vodka,smirnoff', 1, '2025-12-28 08:23:11', '2025-12-28 08:23:11', NULL),
	(3, 1, 'Velho Barreiro Prata', 'Cachaça prata mineira', '38% álcool', 'ml', 'velho-barreiro', 1, '2025-12-28 08:23:11', '2025-12-28 08:23:11', NULL),
	(4, 8, 'Massa de Coxinha', 'Massa para coxinha', 'fresca', 'kg', 'coxinha,massa', 1, '2025-12-28 08:23:11', '2025-12-28 08:23:11', NULL),
	(5, 9, 'Massa de Pizza', 'Massa tradicional pizza', 'fina', 'kg', 'pizza,massa', 1, '2025-12-28 08:23:11', '2025-12-28 08:23:11', NULL),
	(6, 7, 'Carne de Hambúrguer', 'Carne 160g para burger', 'bovina', 'kg', 'hambúrguer,carne', 1, '2025-12-28 08:23:11', '2025-12-28 08:23:11', NULL),
	(7, 8, 'Recheio Frango', 'Frango desfiado cozido', 'cremoso', 'kg', 'frango,coxinha', 1, '2025-12-28 08:23:11', '2025-12-28 08:23:11', NULL),
	(8, 9, 'Queijo Muçarela', 'Muçarela ralada para pizza', 'fatiado', 'kg', 'queijo,muçarela', 1, '2025-12-28 08:23:11', '2025-12-28 08:23:11', NULL),
	(9, 1, 'Limão Taiti', 'Limão para caipirinha', 'fresco', 'kg', 'limão,caipirinha', 1, '2025-12-28 08:23:11', '2025-12-28 08:23:11', NULL),
	(10, 3, 'Whisky', 'Johnnie Walker Red Label', '40% álcool', 'ml', 'whisky,jw', 1, '2025-12-28 08:23:11', '2025-12-28 08:23:11', NULL),
	(11, 14, 'Coca-Cola', 'Coca-Cola concentrado', 'gelada', 'litro', 'coca,refrigerante', 1, '2025-12-28 08:23:11', '2025-12-28 08:23:11', NULL),
	(13, 17, 'Queijo Provolone', 'Provolone para grelhar', 'fatiado', 'kg', 'provolone', 1, '2025-12-28 08:23:11', '2025-12-28 08:23:11', NULL),
	(14, 9, 'Calabresa', 'Calabresa fatiada fina', 'picante', 'kg', 'calabresa,pizza', 1, '2025-12-28 08:23:11', '2025-12-28 08:23:11', NULL),
	(15, 10, 'Chocolate Branco', 'Chocolate para pizza doce', 'cremoso', 'kg', 'chocolate,doce', 1, '2025-12-28 08:23:11', '2025-12-28 08:23:11', NULL),
	(16, 1, 'Pinga', 'Cachaça branca comum para drinks', 'destilado de cana', 'ml', 'pinga,cachaça,alcool,destilado', 1, '2026-01-12 21:59:30', '2026-01-12 21:59:30', NULL),
	(17, 1, 'Cachaça Envelhecida', 'Cachaça armazenada em barril', 'toque amadeirado', 'ml', 'cachaça,envelhecida,alcool', 1, '2026-01-12 21:59:30', '2026-01-12 21:59:30', NULL),
	(18, 2, 'Vodka', 'Vodka neutra para caipirinhas e drinks', 'destilado neutro', 'ml', 'vodka,alcool,drink', 1, '2026-01-12 21:59:30', '2026-01-12 21:59:30', NULL),
	(19, 3, 'Whisky', 'Whisky padrão para doses e coquetéis', 'blend', 'ml', 'whisky,destilado,dose', 1, '2026-01-12 21:59:30', '2026-01-12 21:59:30', NULL),
	(20, 1, 'Rum Branco', 'Rum claro para coquetéis', 'destilado de cana', 'ml', 'rum,branco,drink', 1, '2026-01-12 21:59:30', '2026-01-12 21:59:30', NULL),
	(21, 1, 'Curaçau Blue', 'Licor azul cítrico para drinks', 'licor', 'ml', 'licor,curacao,blue,drink', 1, '2026-01-12 21:59:30', '2026-01-12 21:59:30', NULL),
	(22, 1, 'Licor de Café', 'Licor doce sabor café', 'doce', 'ml', 'licor,cafe,drink', 1, '2026-01-12 21:59:30', '2026-01-12 21:59:30', NULL),
	(23, 1, 'Licor de Laranja', 'Licor cítrico para coquetéis', 'cítrico', 'ml', 'licor,laranja,drink', 1, '2026-01-12 21:59:30', '2026-01-12 21:59:30', NULL),
	(24, 1, 'Gin', 'Destilado de zimbro para gin tônica', 'aromático', 'ml', 'gin,drink,destilado', 1, '2026-01-12 21:59:30', '2026-01-12 21:59:30', NULL),
	(25, 2, 'Refrigerante Cola', 'Refrigerante sabor cola', 'gaseificado', 'ml', 'refrigerante,cola,refri', 1, '2026-01-12 21:59:30', '2026-01-12 21:59:30', NULL),
	(26, 2, 'Refrigerante Guaraná', 'Refrigerante sabor guaraná', 'gaseificado', 'ml', 'refrigerante,guarana,refri', 1, '2026-01-12 21:59:30', '2026-01-12 21:59:30', NULL),
	(27, 2, 'Água Tônica', 'Bebida gaseificada amarga', 'tônica', 'ml', 'agua tonica,gin,drink', 1, '2026-01-12 21:59:30', '2026-01-12 21:59:30', NULL),
	(28, 2, 'Suco de Laranja', 'Suco concentrado de laranja', 'cítrico', 'ml', 'suco,laranja,bebida', 1, '2026-01-12 21:59:30', '2026-01-12 21:59:30', NULL),
	(29, 2, 'Suco de Limão', 'Suco de limão para drinks e receitas', 'ácido', 'ml', 'suco,limao,drink', 1, '2026-01-12 21:59:30', '2026-01-12 21:59:30', NULL),
	(30, 2, 'Suco de Abacaxi', 'Suco de abacaxi para coquetéis', 'frutado', 'ml', 'suco,abacaxi,drink', 1, '2026-01-12 21:59:30', '2026-01-12 21:59:30', NULL),
	(31, 2, 'Água Mineral sem Gás', 'Água para consumo geral', 'sem gás', 'ml', 'agua,sem gas,bebida', 1, '2026-01-12 21:59:30', '2026-01-12 21:59:30', NULL),
	(32, 2, 'Água Mineral com Gás', 'Água gaseificada', 'gaseificada', 'ml', 'agua,com gas,bebida', 1, '2026-01-12 21:59:30', '2026-01-12 21:59:30', NULL),
	(33, 5, 'Café em Pó', 'Café torrado e moído', 'tradicional', 'kg', 'cafe,po,bebida quente', 1, '2026-01-12 21:59:30', '2026-01-12 21:59:30', NULL),
	(34, 5, 'Grão de Café', 'Café em grãos para moagem própria', 'inteiro', 'kg', 'cafe,grao,torra', 1, '2026-01-12 21:59:30', '2026-01-12 21:59:30', NULL),
	(35, 5, 'Leite Integral', 'Leite para bebidas e receitas', 'integral', 'litro', 'leite,integral,bebida', 1, '2026-01-12 21:59:30', '2026-01-12 21:59:30', NULL),
	(36, 5, 'Leite em Pó', 'Leite em pó para preparos', 'instantâneo', 'kg', 'leite em po,bebida', 1, '2026-01-12 21:59:30', '2026-01-12 21:59:30', NULL),
	(37, 5, 'Chá Preto', 'Folhas ou sachês de chá preto', 'infusão', 'kg', 'cha,preto,bebida quente', 1, '2026-01-12 21:59:30', '2026-01-12 21:59:30', NULL),
	(38, 5, 'Chá de Camomila', 'Chá calmante de camomila', 'erva seca', 'kg', 'cha,camomila,infusao', 1, '2026-01-12 21:59:30', '2026-01-12 21:59:30', NULL),
	(39, 5, 'Chocolate em Pó', 'Chocolate em pó para bebidas', 'adoçado', 'kg', 'chocolate em po,achocolatado', 1, '2026-01-12 21:59:30', '2026-01-12 21:59:30', NULL),
	(40, 3, 'Cerveja Pilsen', 'Cerveja clara tipo pilsen', 'clara', 'ml', 'cerveja,pilsen,garrafa', 1, '2026-01-12 21:59:30', '2026-01-12 21:59:30', NULL),
	(41, 3, 'Cerveja Lager', 'Cerveja lager', 'clara', 'ml', 'cerveja,lager,long neck', 1, '2026-01-12 21:59:30', '2026-01-12 21:59:30', NULL),
	(42, 3, 'Cerveja Escura', 'Cerveja escura tipo stout', 'escura', 'ml', 'cerveja,escura,stout', 1, '2026-01-12 21:59:30', '2026-01-12 21:59:30', NULL),
	(43, 4, 'Chope Pilsen', 'Chope claro', 'pressão', 'litro', 'chope,pilsen,pressao', 1, '2026-01-12 21:59:30', '2026-01-12 21:59:30', NULL),
	(44, 4, 'Chope Escuro', 'Chope escuro', 'pressão', 'litro', 'chope,escuro,pressao', 1, '2026-01-12 21:59:30', '2026-01-12 21:59:30', NULL),
	(45, 1, 'Limão', 'Limão para caipirinhas e temperos', 'in natura', 'kg', 'limao,caipirinha,fruta', 1, '2026-01-12 21:59:30', '2026-01-12 21:59:30', NULL),
	(46, 1, 'Laranja', 'Laranja para sucos e drinks', 'in natura', 'kg', 'laranja,suco,fruta', 1, '2026-01-12 21:59:30', '2026-01-12 21:59:30', NULL),
	(47, 1, 'Abacaxi', 'Abacaxi para drinks e sobremesas', 'fresco', 'kg', 'abacaxi,fruta,drink', 1, '2026-01-12 21:59:30', '2026-01-12 21:59:30', NULL),
	(48, 1, 'Morango', 'Morango inteiro', 'fresco', 'kg', 'morango,fruta,sobremesa', 1, '2026-01-12 21:59:30', '2026-01-12 21:59:30', NULL),
	(49, 1, 'Maracujá', 'Polpa de maracujá', 'ácido', 'kg', 'maracuja,fruta,drink', 1, '2026-01-12 21:59:30', '2026-01-12 21:59:30', NULL),
	(50, 1, 'Kiwi', 'Kiwi fresco', 'in natura', 'kg', 'kiwi,fruta,drink', 1, '2026-01-12 21:59:30', '2026-01-12 21:59:30', NULL),
	(51, 1, 'Manga', 'Manga madura', 'doce', 'kg', 'manga,fruta,suco', 1, '2026-01-12 21:59:30', '2026-01-12 21:59:30', NULL),
	(52, 1, 'Uva', 'Uvas frescas', 'in natura', 'kg', 'uva,fruta,sobremesa', 1, '2026-01-12 21:59:30', '2026-01-12 21:59:30', NULL),
	(53, 1, 'Açúcar Refinado', 'Açúcar branco', 'granulado', 'kg', 'acucar,refinado,drink', 1, '2026-01-12 21:59:30', '2026-01-12 21:59:30', NULL),
	(54, 1, 'Açúcar Cristal', 'Açúcar cristal', 'granulado', 'kg', 'acucar,cristal,cozinha', 1, '2026-01-12 21:59:30', '2026-01-12 21:59:30', NULL),
	(55, 1, 'Açúcar Mascavo', 'Açúcar mascavo', 'escuro', 'kg', 'acucar,mascavo,natural', 1, '2026-01-12 21:59:30', '2026-01-12 21:59:30', NULL),
	(56, 1, 'Xarope Simples', 'Xarope de açúcar e água', 'líquido', 'ml', 'xarope,simple syrup,drink', 1, '2026-01-12 21:59:30', '2026-01-12 21:59:30', NULL),
	(57, 1, 'Xarope de Groselha', 'Xarope vermelho doce', 'concentrado', 'ml', 'xarope,groselha,drink', 1, '2026-01-12 21:59:30', '2026-01-12 21:59:30', NULL),
	(58, 1, 'Mel', 'Mel de abelha', 'natural', 'kg', 'mel,natural,adoçante', 1, '2026-01-12 21:59:30', '2026-01-12 21:59:30', NULL),
	(59, 8, 'Farinha de Trigo', 'Farinha de trigo branca', 'uso geral', 'kg', 'farinha,trigo,cozinha', 1, '2026-01-12 21:59:30', '2026-01-12 21:59:30', NULL),
	(60, 8, 'Farinha de Milho', 'Farinha de milho', 'seca', 'kg', 'farinha,milho,cozinha', 1, '2026-01-12 21:59:30', '2026-01-12 21:59:30', NULL),
	(61, 8, 'Farinha de Rosca', 'Farinha de rosca', 'empanar', 'kg', 'farinha,rosca,empanar', 1, '2026-01-12 21:59:30', '2026-01-12 21:59:30', NULL),
	(62, 8, 'Amido de Milho', 'Amido para molhos e doces', 'fino', 'kg', 'amido,milho,maizena', 1, '2026-01-12 21:59:30', '2026-01-12 21:59:30', NULL),
	(63, 8, 'Arroz Branco', 'Arroz polido', 'grão longo', 'kg', 'arroz,branco,cozinha', 1, '2026-01-12 21:59:30', '2026-01-12 21:59:30', NULL),
	(64, 8, 'Feijão Carioca', 'Feijão para preparo diário', 'grão seco', 'kg', 'feijao,carioca,cozinha', 1, '2026-01-12 21:59:30', '2026-01-12 21:59:30', NULL),
	(65, 8, 'Óleo de Soja', 'Óleo vegetal para frituras', 'uso geral', 'litro', 'oleo,soja,fritura', 1, '2026-01-12 21:59:30', '2026-01-12 21:59:30', NULL),
	(66, 8, 'Óleo de Girassol', 'Óleo vegetal leve', 'uso culinário', 'litro', 'oleo,girassol,cozinha', 1, '2026-01-12 21:59:30', '2026-01-12 21:59:30', NULL),
	(67, 8, 'Azeite de Oliva', 'Azeite extra virgem', 'temperar', 'ml', 'azeite,oliva,temperar', 1, '2026-01-12 21:59:30', '2026-01-12 21:59:30', NULL),
	(68, 9, 'Massa de Pizza', 'Massa básica para pizza', 'disco', 'kg', 'massa,pizza,base', 1, '2026-01-12 21:59:30', '2026-01-12 21:59:30', NULL),
	(69, 9, 'Molho de Tomate', 'Molho de tomate temperado', 'para pizza', 'kg', 'molho,tomate,pizza', 1, '2026-01-12 21:59:30', '2026-01-12 21:59:30', NULL),
	(70, 9, 'Queijo Muçarela', 'Muçarela para pizzas', 'ralado', 'kg', 'queijo,muçarela,pizza', 1, '2026-01-12 21:59:30', '2026-01-12 21:59:30', NULL),
	(71, 9, 'Queijo Prato', 'Queijo prato', 'fatiado', 'kg', 'queijo,prato,pizza', 1, '2026-01-12 21:59:30', '2026-01-12 21:59:30', NULL),
	(72, 9, 'Queijo Parmesão', 'Queijo parmesão ralado', 'duro', 'kg', 'queijo,parmesao,ralado', 1, '2026-01-12 21:59:30', '2026-01-12 21:59:30', NULL),
	(73, 9, 'Calabresa', 'Linguiça calabresa fatiada', 'defumada', 'kg', 'calabresa,pizza,cobertura', 1, '2026-01-12 21:59:30', '2026-01-12 21:59:30', NULL),
	(74, 9, 'Presunto', 'Presunto cozido fatiado', 'fatiado', 'kg', 'presunto,pizza,cobertura', 1, '2026-01-12 21:59:30', '2026-01-12 21:59:30', NULL),
	(75, 9, 'Bacon em Cubos', 'Bacon em cubos', 'defumado', 'kg', 'bacon,pizza,cobertura', 1, '2026-01-12 21:59:30', '2026-01-12 21:59:30', NULL),
	(76, 9, 'Cebola Fatiada', 'Cebola em rodelas', 'fresca', 'kg', 'cebola,pizza,cobertura', 1, '2026-01-12 21:59:30', '2026-01-12 21:59:30', NULL),
	(77, 9, 'Pimentão', 'Pimentão verde ou vermelho', 'fatiado', 'kg', 'pimentao,pizza,cobertura', 1, '2026-01-12 21:59:30', '2026-01-12 21:59:30', NULL),
	(78, 9, 'Azeitona Preta', 'Azeitonas sem caroço', 'inteiras', 'kg', 'azeitona,preta,pizza', 1, '2026-01-12 21:59:30', '2026-01-12 21:59:30', NULL),
	(79, 9, 'Ovo Cozido', 'Ovo cozido picado', 'fatiado', 'dz', 'ovo,pizza,portuguesa', 1, '2026-01-12 21:59:30', '2026-01-12 21:59:30', NULL),
	(80, 9, 'Milho Verde', 'Grãos de milho cozidos', 'enlatado', 'kg', 'milho,pizza,cobertura', 1, '2026-01-12 21:59:30', '2026-01-12 21:59:30', NULL),
	(81, 9, 'Ervilha', 'Ervilha cozida', 'enlatada', 'kg', 'ervilha,pizza,cobertura', 1, '2026-01-12 21:59:30', '2026-01-12 21:59:30', NULL),
	(82, 9, 'Tomate Fatiado', 'Tomate em rodelas', 'fresco', 'kg', 'tomate,pizza,cobertura', 1, '2026-01-12 21:59:30', '2026-01-12 21:59:30', NULL),
	(83, 9, 'Manjericão', 'Folhas de manjericão fresco', 'ervas', 'kg', 'manjericao,ervas,pizza', 1, '2026-01-12 21:59:30', '2026-01-12 21:59:30', NULL),
	(84, 9, 'Orégano', 'Tempero seco', 'ervas secas', 'kg', 'oregano,tempero,pizza', 1, '2026-01-12 21:59:30', '2026-01-12 21:59:30', NULL),
	(85, 10, 'Chocolate ao Leite', 'Chocolate para pizzas doces', 'picado', 'kg', 'chocolate,doce,pizza', 1, '2026-01-12 21:59:30', '2026-01-12 21:59:30', NULL),
	(86, 10, 'Chocolate Branco', 'Chocolate branco picado', 'doce', 'kg', 'chocolate branco,doce,pizza', 1, '2026-01-12 21:59:30', '2026-01-12 21:59:30', NULL),
	(87, 10, 'Leite Condensado', 'Base para sobremesas', 'cremoso', 'kg', 'leite condensado,doce,pizza', 1, '2026-01-12 21:59:30', '2026-01-12 21:59:30', NULL),
	(88, 10, 'Banana', 'Banana fatiada', 'fresca', 'kg', 'banana,pizza doce,sobremesa', 1, '2026-01-12 21:59:30', '2026-01-12 21:59:30', NULL),
	(89, 10, 'Canela em Pó', 'Canela em pó', 'tempero doce', 'kg', 'canela,tempero,doce', 1, '2026-01-12 21:59:30', '2026-01-12 21:59:30', NULL),
	(90, 7, 'Pão de Hambúrguer', 'Pão redondo para sanduíches', 'macio', 'unidade', 'pao,hamburguer,lanche', 1, '2026-01-12 21:59:30', '2026-01-12 21:59:30', NULL),
	(91, 7, 'Carne de Hambúrguer', 'Disco de carne bovina', 'congelado ou fresco', 'kg', 'carne,hamburguer,lanche', 1, '2026-01-12 21:59:30', '2026-01-12 21:59:30', NULL),
	(92, 7, 'Queijo Fatiado', 'Queijo para lanches', 'fatiado', 'kg', 'queijo,lanche,fatiado', 1, '2026-01-12 21:59:30', '2026-01-12 21:59:30', NULL),
	(93, 7, 'Alface', 'Folhas de alface', 'fresca', 'kg', 'alface,lanche,salada', 1, '2026-01-12 21:59:30', '2026-01-12 21:59:30', NULL),
	(94, 7, 'Tomate', 'Tomate fatiado', 'fresco', 'kg', 'tomate,lanche,salada', 1, '2026-01-12 21:59:30', '2026-01-12 21:59:30', NULL),
	(95, 7, 'Cebola Roxa', 'Cebola roxa em rodelas', 'fresca', 'kg', 'cebola roxa,lanche,salada', 1, '2026-01-12 21:59:30', '2026-01-12 21:59:30', NULL),
	(96, 7, 'Picles de Pepino', 'Fatias de pepino em conserva', 'conserva', 'kg', 'picles,pepino,lanche', 1, '2026-01-12 21:59:30', '2026-01-12 21:59:30', NULL),
	(97, 7, 'Molho Maionese', 'Maionese para lanches', 'cremosa', 'kg', 'maionese,lanche,molho', 1, '2026-01-12 21:59:30', '2026-01-12 21:59:30', NULL),
	(98, 7, 'Molho Ketchup', 'Ketchup para lanches', 'tomate', 'kg', 'ketchup,lanche,molho', 1, '2026-01-12 21:59:30', '2026-01-12 21:59:30', NULL),
	(99, 7, 'Molho Mostarda', 'Mostarda amarela', 'condimento', 'kg', 'mostarda,lanche,molho', 1, '2026-01-12 21:59:30', '2026-01-12 21:59:30', NULL),
	(100, 7, 'Bacon Fatiado', 'Bacon para hambúrguer', 'defumado', 'kg', 'bacon,lanche,hamburguer', 1, '2026-01-12 21:59:30', '2026-01-12 21:59:30', NULL),
	(101, 9, 'Batata Palito', 'Batata para fritura', 'congelada ou fresca', 'kg', 'batata,frita,porcao', 1, '2026-01-12 21:59:30', '2026-01-12 21:59:30', NULL),
	(102, 9, 'Mandioca', 'Mandioca para cozimento e fritura', 'raiz', 'kg', 'mandioca,aipim,porcao', 1, '2026-01-12 21:59:30', '2026-01-12 21:59:30', NULL),
	(103, 9, 'Polenta Pré-cozida', 'Base de milho para porção', 'cortada', 'kg', 'polenta,porcao,frito', 1, '2026-01-12 21:59:30', '2026-01-12 21:59:30', NULL),
	(104, 9, 'Linguiça Toscana', 'Linguiça para porção', 'fresca', 'kg', 'linguica,toscana,porcao', 1, '2026-01-12 21:59:30', '2026-01-12 21:59:30', NULL),
	(105, 9, 'Frango em Cubos', 'Frango em pedaços', 'temperado', 'kg', 'frango,croquete,porcao', 1, '2026-01-12 21:59:30', '2026-01-12 21:59:30', NULL),
	(106, 9, 'Peixe em Postas', 'Peixe para fritura', 'branco', 'kg', 'peixe,frito,porcao', 1, '2026-01-12 21:59:30', '2026-01-12 21:59:30', NULL),
	(107, 9, 'Anel de Lula', 'Lula em anéis', 'frutos do mar', 'kg', 'lula,frito,porcao', 1, '2026-01-12 21:59:30', '2026-01-12 21:59:30', NULL),
	(108, 9, 'Queijo Coalho', 'Queijo coalho para grelha', 'espetinho', 'kg', 'queijo coalho,porcao,espetinho', 1, '2026-01-12 21:59:30', '2026-01-12 21:59:30', NULL),
	(109, 9, 'Molho Barbecue', 'Molho barbecue', 'defumado', 'kg', 'molho,barbecue,porcao', 1, '2026-01-12 21:59:30', '2026-01-12 21:59:30', NULL),
	(110, 8, 'Sal Refinado', 'Sal de cozinha', 'fino', 'kg', 'sal,cozinha,tempero', 1, '2026-01-12 21:59:30', '2026-01-12 21:59:30', NULL),
	(111, 8, 'Sal Grosso', 'Sal grosso', 'churrasco', 'kg', 'sal grosso,churrasco,tempero', 1, '2026-01-12 21:59:30', '2026-01-12 21:59:30', NULL),
	(112, 8, 'Pimenta-do-Reino', 'Pimenta-do-reino moída', 'preta', 'kg', 'pimenta,tempero', 1, '2026-01-12 21:59:30', '2026-01-12 21:59:30', NULL),
	(113, 8, 'Colorau', 'Colorífico de urucum', 'tempero', 'kg', 'colorau,tempero,cor', 1, '2026-01-12 21:59:30', '2026-01-12 21:59:30', NULL),
	(114, 8, 'Alho Triturado', 'Alho processado', 'pasta', 'kg', 'alho,tempero,cozinha', 1, '2026-01-12 21:59:30', '2026-01-12 21:59:30', NULL),
	(115, 8, 'Cebola Picada', 'Cebola processada', 'picada', 'kg', 'cebola,tempero,cozinha', 1, '2026-01-12 21:59:30', '2026-01-12 21:59:30', NULL),
	(116, 8, 'Salsinha', 'Salsa fresca', 'picada', 'kg', 'salsa,temperos,cozinha', 1, '2026-01-12 21:59:30', '2026-01-12 21:59:30', NULL),
	(117, 8, 'Cebolinha', 'Cebolinha fresca', 'picada', 'kg', 'cebolinha,tempero,cozinha', 1, '2026-01-12 21:59:30', '2026-01-12 21:59:30', NULL),
	(118, 8, 'Coentro', 'Erva fresca', 'folhas', 'kg', 'coentro,tempero,cozinha', 1, '2026-01-12 21:59:30', '2026-01-12 21:59:30', NULL),
	(119, 8, 'Páprica Doce', 'Páprica moída', 'doce', 'kg', 'paprica,doce,tempero', 1, '2026-01-12 21:59:30', '2026-01-12 21:59:30', NULL),
	(120, 8, 'Páprica Picante', 'Páprica picante', 'forte', 'kg', 'paprica,picante,tempero', 1, '2026-01-12 21:59:30', '2026-01-12 21:59:30', NULL),
	(121, 8, 'Macarrão Espaguete', 'Massa tipo espaguete', 'seco', 'kg', 'macarrao,espaguete,massa', 1, '2026-01-12 21:59:30', '2026-01-12 21:59:30', NULL),
	(122, 8, 'Macarrão Penne', 'Massa curta tipo penne', 'seco', 'kg', 'macarrao,penne,massa', 1, '2026-01-12 21:59:30', '2026-01-12 21:59:30', NULL),
	(123, 8, 'Lasanha em Placas', 'Massa para lasanha', 'seco', 'kg', 'lasanha,placas,massa', 1, '2026-01-12 21:59:30', '2026-01-12 21:59:30', NULL),
	(124, 8, 'Molho Branco', 'Molho à base de leite e farinha', 'cremoso', 'kg', 'molho branco,bechamel', 1, '2026-01-12 21:59:30', '2026-01-12 21:59:30', NULL),
	(125, 8, 'Molho Bolonhesa', 'Molho de carne moída com tomate', 'encorpado', 'kg', 'molho bolonhesa,carne', 1, '2026-01-12 21:59:30', '2026-01-12 21:59:30', NULL),
	(126, 8, 'Carne Bovina em Cubos', 'Carne bovina para ensopados', 'em cubos', 'kg', 'carne bovina,cozinha', 1, '2026-01-12 21:59:30', '2026-01-12 21:59:30', NULL),
	(127, 8, 'Frango Inteiro', 'Frango para assar ou cozinhar', 'inteiro', 'kg', 'frango,assado,cozinha', 1, '2026-01-12 21:59:30', '2026-01-12 21:59:30', NULL),
	(128, 8, 'Filé de Frango', 'Peito de frango em filés', 'limpo', 'kg', 'frango,file,cozinha', 1, '2026-01-12 21:59:30', '2026-01-12 21:59:30', NULL),
	(129, 10, 'Sorvete de Creme', 'Sorvete sabor creme', 'balde', 'litro', 'sorvete,creme,sobremesa', 1, '2026-01-12 21:59:30', '2026-01-12 21:59:30', NULL),
	(130, 10, 'Sorvete de Chocolate', 'Sorvete sabor chocolate', 'balde', 'litro', 'sorvete,chocolate,sobremesa', 1, '2026-01-12 21:59:30', '2026-01-12 21:59:30', NULL),
	(131, 10, 'Creme de Avelã', 'Creme doce de avelã', 'pasta', 'kg', 'creme de avela,doce,sobremesa', 1, '2026-01-12 21:59:30', '2026-01-12 21:59:30', NULL),
	(132, 10, 'Farinha Látea', 'Base doce em pó', 'infantil', 'kg', 'farinha latea,doce,sobremesa', 1, '2026-01-12 21:59:30', '2026-01-12 21:59:30', NULL),
	(133, 10, 'Granulado Colorido', 'Confeitos coloridos', 'decorativo', 'kg', 'granulado,colorido,confeito', 1, '2026-01-12 21:59:30', '2026-01-12 21:59:30', NULL),
	(134, 10, 'Chantilly', 'Creme batido doce', 'aerado', 'kg', 'chantilly,creme,sobremesa', 1, '2026-01-12 21:59:30', '2026-01-12 21:59:30', NULL),
	(135, 6, 'Pão Francês', 'Pão de sal', 'crocante', 'unidade', 'pao frances,padaria,lanche', 1, '2026-01-12 21:59:30', '2026-01-12 21:59:30', NULL),
	(136, 6, 'Pão de Forma', 'Pão de fôrma fatiado', 'macio', 'kg', 'pao de forma,sanduiche', 1, '2026-01-12 21:59:30', '2026-01-12 21:59:30', NULL),
	(137, 6, 'Pão Sírio', 'Pão tipo sírio', 'fino', 'unidade', 'pao sirio,wrap,sanduiche', 1, '2026-01-12 21:59:30', '2026-01-12 21:59:30', NULL),
	(138, 9, 'Queijo Gorgonzola', 'Queijo azul', 'intenso', 'kg', 'queijo,gorgonzola,frios', 1, '2026-01-12 21:59:30', '2026-01-12 21:59:30', NULL),
	(139, 9, 'Queijo Cheddar', 'Queijo processado tipo cheddar', 'cremoso', 'kg', 'queijo,cheddar,lanche', 1, '2026-01-12 21:59:30', '2026-01-12 21:59:30', NULL),
	(140, 9, 'Peito de Peru', 'Fatiado para lanches e saladas', 'fatiado', 'kg', 'peito de peru,frios', 1, '2026-01-12 21:59:30', '2026-01-12 21:59:30', NULL),
	(141, 8, 'Vinagre de Álcool', 'Vinagre branco', 'ácido', 'ml', 'vinagre,alcool,tempero', 1, '2026-01-12 21:59:30', '2026-01-12 21:59:30', NULL),
	(142, 8, 'Vinagre Balsâmico', 'Vinagre escuro', 'adocicado', 'ml', 'vinagre,balsamico,tempero', 1, '2026-01-12 21:59:30', '2026-01-12 21:59:30', NULL),
	(143, 8, 'Mostarda Dijon', 'Mostarda mais forte', 'condimento', 'kg', 'mostarda,dijon,condimento', 1, '2026-01-12 21:59:30', '2026-01-12 21:59:30', NULL),
	(144, 8, 'Molho Inglês', 'Condimento líquido', 'intenso', 'ml', 'molho ingles,condimento', 1, '2026-01-12 21:59:30', '2026-01-12 21:59:30', NULL),
	(145, 8, 'Molho de Soja', 'Molho shoyu', 'salgado', 'ml', 'shoyu,molho de soja,condimento', 1, '2026-01-12 21:59:30', '2026-01-12 21:59:30', NULL),
	(146, 8, 'Gergelim', 'Sementes de gergelim', 'tostado', 'kg', 'gergelim,semente,cozinha', 1, '2026-01-12 21:59:30', '2026-01-12 21:59:30', NULL),
	(147, 8, 'Noz-moscada', 'Especiaria moída', 'aromática', 'kg', 'noz moscada,tempero,cozinha', 1, '2026-01-12 21:59:30', '2026-01-12 21:59:30', NULL),
	(148, 8, 'Cravo-da-Índia', 'Especiaria inteira', 'forte', 'kg', 'cravo da india,tempero,doce', 1, '2026-01-12 21:59:30', '2026-01-12 21:59:30', NULL),
	(149, 8, 'Canela em Pau', 'Canela em rama', 'aromática', 'kg', 'canela,em pau,tempero', 1, '2026-01-12 21:59:30', '2026-01-12 21:59:30', NULL),
	(150, 8, 'Louros em Folha', 'Folhas de louro secas', 'tempero', 'kg', 'louro,folha,tempero', 1, '2026-01-12 21:59:30', '2026-01-12 21:59:30', NULL),
	(151, 8, 'Caldo de Legumes em Pó', 'Base para caldos e sopas', 'industrial', 'kg', 'caldo,legumes,tempero', 1, '2026-01-12 21:59:30', '2026-01-12 21:59:30', NULL),
	(152, 8, 'Caldo de Carne em Pó', 'Base sabor carne', 'industrial', 'kg', 'caldo,carne,tempero', 1, '2026-01-12 21:59:30', '2026-01-12 21:59:30', NULL),
	(153, 8, 'Gelatina Incolor', 'Gelatina sem sabor', 'pó', 'kg', 'gelatina,incolor,sobremesa', 1, '2026-01-12 21:59:30', '2026-01-12 21:59:30', NULL),
	(154, 8, 'Fermento Biológico Seco', 'Fermento para pães', 'seco', 'kg', 'fermento biologico,pao', 1, '2026-01-12 21:59:30', '2026-01-12 21:59:30', NULL),
	(155, 8, 'Fermento Químico em Pó', 'Fermento para bolos', 'químico', 'kg', 'fermento quimico,bolo', 1, '2026-01-12 21:59:30', '2026-01-12 21:59:30', NULL),
	(156, 8, 'Margarina', 'Gordura vegetal para uso geral', 'culinária', 'kg', 'margarina,gordura,cozinha', 1, '2026-01-12 21:59:30', '2026-01-12 21:59:30', NULL),
	(157, 8, 'Manteiga', 'Gordura de leite', 'com sal ou sem sal', 'kg', 'manteiga,gordura,cozinha', 1, '2026-01-12 21:59:30', '2026-01-12 21:59:30', NULL),
	(158, 8, 'Creme de Leite', 'Creme culinário', 'caixinha ou lata', 'kg', 'creme de leite,cozinha,sobremesa', 1, '2026-01-12 21:59:30', '2026-01-12 21:59:30', NULL),
	(159, 23, 'Whisky Passport', 'Whisky Passport Scotch', '40% álcool', 'ml', 'whisky,passport', 1, '2026-01-13 00:16:50', '2026-01-13 00:16:50', NULL),
	(160, 23, 'Whisky Cavalo Branco (Ballantine\'s)', 'Whisky Cavalo Branco', '40% álcool', 'ml', 'whisky,ballantines,cavalo branco', 1, '2026-01-13 00:16:50', '2026-01-13 00:16:50', NULL),
	(161, 23, 'Whisky Ballantine\'s 15 Anos', 'Whisky Ballantine\'s 15 anos', '40% álcool', 'ml', 'whisky,ballantines,15 anos', 1, '2026-01-13 00:16:50', '2026-01-13 00:16:50', NULL),
	(162, 23, 'Whisky Ballantine\'s 12 Anos', 'Whisky Ballantine\'s 12 anos', '40% álcool', 'ml', 'whisky,ballantines,12 anos', 1, '2026-01-13 00:16:50', '2026-01-13 00:16:50', NULL),
	(163, 23, 'Whisky Johnnie Walker Red Label', 'Whisky Red Label', '40% álcool', 'ml', 'whisky,red label,johnnie walker', 1, '2026-01-13 00:16:50', '2026-01-13 00:16:50', NULL),
	(164, 23, 'Whisky Jack Daniel\'s', 'Tennessee Whiskey Jack Daniel\'s', '40% álcool', 'ml', 'whisky,jack daniels', 1, '2026-01-13 00:16:50', '2026-01-13 00:16:50', NULL),
	(165, 23, 'Whisky Chivas Regal 12 Anos', 'Whisky Chivas 12 anos', '40% álcool', 'ml', 'whisky,chivas,12 anos', 1, '2026-01-13 00:16:50', '2026-01-13 00:16:50', NULL),
	(166, 23, 'Whisky Black & White', 'Whisky Black & White', '40% álcool', 'ml', 'whisky,black and white', 1, '2026-01-13 00:16:50', '2026-01-13 00:16:50', NULL),
	(167, 23, 'Whisky Bell\'s', 'Whisky Bell\'s', '40% álcool', 'ml', 'whisky,bells', 1, '2026-01-13 00:16:50', '2026-01-13 00:16:50', NULL),
	(168, 22, 'Vodka Natasha', 'Vodka Natasha', 'vodka nacional', 'ml', 'vodka,natasha', 1, '2026-01-13 00:16:50', '2026-01-13 00:16:50', NULL),
	(169, 22, 'Vodka Orloff', 'Vodka Orloff', 'vodka nacional', 'ml', 'vodka,orloff', 1, '2026-01-13 00:16:50', '2026-01-13 00:16:50', NULL),
	(170, 22, 'Vodka Smirnoff', 'Vodka Smirnoff', 'vodka importada', 'ml', 'vodka,smirnoff', 1, '2026-01-13 00:16:50', '2026-01-13 00:16:50', NULL),
	(171, 22, 'Vodka Skyy', 'Vodka Skyy', 'vodka importada', 'ml', 'vodka,skyy', 1, '2026-01-13 00:16:50', '2026-01-13 00:16:50', NULL),
	(172, 22, 'Vodka Absolut', 'Vodka Absolut', 'vodka premium', 'ml', 'vodka,absolut', 1, '2026-01-13 00:16:50', '2026-01-13 00:16:50', NULL),
	(173, 37, 'Vinho Pérgola Tinto Suave', 'Vinho Pérgola tinto suave', 'suave', 'ml', 'vinho,pergola,tinto,suave', 1, '2026-01-13 00:16:50', '2026-01-13 00:16:50', NULL),
	(174, 37, 'Vinho Cantina da Serra Tinto Suave', 'Vinho Cantina da Serra tinto suave', 'suave', 'ml', 'vinho,cantina da serra,tinto,suave', 1, '2026-01-13 00:16:50', '2026-01-13 00:16:50', NULL),
	(175, 25, 'Catuaba Selvagem', 'Catuaba Selvagem', 'licorosa', 'ml', 'catuaba,selvagem,licorosa', 1, '2026-01-13 01:22:52', '2026-01-13 01:22:52', NULL),
	(176, 37, 'Vinho Pérgola Tinto Suave', 'Vinho Pérgola tinto suave', 'suave', 'ml', 'vinho,pergola,tinto,suave', 1, '2026-01-13 01:22:52', '2026-01-13 01:22:52', NULL),
	(177, 37, 'Vinho Cantina da Serra Tinto Suave', 'Vinho Cantina da Serra tinto suave', 'suave', 'ml', 'vinho,cantina da serra,tinto,suave', 1, '2026-01-13 01:22:52', '2026-01-13 01:22:52', NULL),
	(178, 48, 'Base Não identificada', 'Base genérica para itens sem base definida', 'indefinida', 'un', 'nao-identificado,generico', 1, '2026-01-13 01:48:35', '2026-01-13 01:48:35', NULL);

-- Copiando estrutura para tabela u690128405_role.prod_cardapio_itens_tb
CREATE TABLE IF NOT EXISTS `prod_cardapio_itens_tb` (
  `cardapio_item_id` int(10) unsigned NOT NULL AUTO_INCREMENT,
  `cardapio_id` int(10) unsigned NOT NULL,
  `prod_id` int(10) unsigned NOT NULL,
  `categoria` varchar(100) DEFAULT NULL,
  `ordem` int(11) NOT NULL DEFAULT 0,
  `preco_override` decimal(10,2) DEFAULT NULL,
  `observacoes` varchar(255) DEFAULT NULL,
  `created_at` datetime DEFAULT NULL,
  `updated_at` datetime DEFAULT NULL,
  `deleted_at` datetime DEFAULT NULL,
  PRIMARY KEY (`cardapio_item_id`),
  KEY `prod_cardapio_itens_tb_cardapio_id_foreign` (`cardapio_id`),
  KEY `prod_cardapio_itens_tb_prod_id_foreign` (`prod_id`)
) ENGINE=MyISAM AUTO_INCREMENT=55 DEFAULT CHARSET=utf8mb4 COLLATE=utf8mb4_general_ci;

-- Copiando dados para a tabela u690128405_role.prod_cardapio_itens_tb: 54 rows
/*!40000 ALTER TABLE `prod_cardapio_itens_tb` DISABLE KEYS */;
INSERT INTO `prod_cardapio_itens_tb` (`cardapio_item_id`, `cardapio_id`, `prod_id`, `categoria`, `ordem`, `preco_override`, `observacoes`, `created_at`, `updated_at`, `deleted_at`) VALUES
	(1, 1, 107, 'Alimento', 0, 25.00, '', '2026-01-13 01:59:40', '2026-01-13 01:59:40', NULL),
	(2, 1, 105, 'Alimento', 0, 20.00, '', '2026-01-13 01:59:40', '2026-01-13 01:59:40', NULL),
	(3, 1, 103, 'Alimento', 0, 15.00, '', '2026-01-13 01:59:40', '2026-01-13 01:59:40', NULL),
	(4, 1, 101, 'Alimento', 0, 30.00, '', '2026-01-13 01:59:40', '2026-01-13 01:59:40', NULL),
	(5, 1, 99, 'Alimento', 0, 28.00, '', '2026-01-13 01:59:41', '2026-01-13 01:59:41', NULL),
	(6, 1, 97, 'Alimento', 0, 0.00, '', '2026-01-13 01:59:41', '2026-01-13 01:59:41', NULL),
	(7, 1, 95, 'Alimento', 0, 35.00, '', '2026-01-13 01:59:41', '2026-01-13 01:59:41', NULL),
	(8, 1, 93, 'Alimento', 0, 30.00, '', '2026-01-13 01:59:41', '2026-01-13 01:59:41', NULL),
	(9, 1, 91, 'Alimento', 0, 20.00, '', '2026-01-13 01:59:41', '2026-01-13 01:59:41', NULL),
	(10, 1, 89, 'Alimento', 0, 35.00, '', '2026-01-13 01:59:41', '2026-01-13 01:59:41', NULL),
	(11, 1, 87, 'Alimento', 0, 60.00, '', '2026-01-13 01:59:41', '2026-01-13 01:59:41', NULL),
	(12, 2, 1, 'Bebida', 0, 0.00, '', '2026-01-13 02:03:51', '2026-01-13 02:03:51', NULL),
	(13, 2, 1, 'Bebida', 0, 0.00, '', '2026-01-13 02:03:51', '2026-01-13 02:03:51', NULL),
	(14, 2, 3, 'Bebida', 0, 0.00, '', '2026-01-13 02:03:51', '2026-01-13 02:03:51', NULL),
	(15, 2, 5, 'Bebida', 0, 0.00, '', '2026-01-13 02:03:51', '2026-01-13 02:03:51', NULL),
	(16, 2, 7, 'Bebida', 0, 5.00, '', '2026-01-13 02:03:51', '2026-01-13 02:03:51', NULL),
	(17, 2, 9, 'Bebida', 0, 5.00, '', '2026-01-13 02:03:51', '2026-01-13 02:03:51', NULL),
	(18, 2, 11, 'Bebida', 0, 5.00, '', '2026-01-13 02:03:51', '2026-01-13 02:03:51', NULL),
	(19, 2, 13, 'Bebida', 0, 5.00, '', '2026-01-13 02:03:51', '2026-01-13 02:03:51', NULL),
	(20, 2, 15, 'Bebida', 0, 3.00, '', '2026-01-13 02:03:51', '2026-01-13 02:03:51', NULL),
	(21, 2, 17, 'Bebida', 0, 3.00, '', '2026-01-13 02:03:51', '2026-01-13 02:03:51', NULL),
	(22, 2, 19, 'Bebida', 0, 3.00, '', '2026-01-13 02:03:51', '2026-01-13 02:03:51', NULL),
	(23, 2, 21, 'Bebida', 0, 20.00, '', '2026-01-13 02:03:51', '2026-01-13 02:03:51', NULL),
	(24, 2, 23, 'Bebida', 0, 10.00, '', '2026-01-13 02:03:51', '2026-01-13 02:03:51', NULL),
	(25, 2, 25, 'Bebida', 0, 10.00, '', '2026-01-13 02:03:51', '2026-01-13 02:03:51', NULL),
	(26, 2, 27, 'Bebida', 0, 18.00, '', '2026-01-13 02:03:51', '2026-01-13 02:03:51', NULL),
	(27, 2, 29, 'Bebida', 0, 15.00, '', '2026-01-13 02:03:51', '2026-01-13 02:03:51', NULL),
	(28, 2, 31, 'Bebida', 0, 20.00, '', '2026-01-13 02:03:51', '2026-01-13 02:03:51', NULL),
	(29, 2, 33, 'Bebida', 0, 18.00, '', '2026-01-13 02:03:51', '2026-01-13 02:03:51', NULL),
	(30, 2, 35, 'Bebida', 0, 20.00, '', '2026-01-13 02:03:51', '2026-01-13 02:03:51', NULL),
	(31, 2, 37, 'Bebida', 0, 20.00, '', '2026-01-13 02:03:51', '2026-01-13 02:03:51', NULL),
	(32, 2, 39, 'Bebida', 0, 15.00, '', '2026-01-13 02:03:51', '2026-01-13 02:03:51', NULL),
	(33, 2, 41, 'Bebida', 0, 10.00, '', '2026-01-13 02:03:51', '2026-01-13 02:03:51', NULL),
	(34, 2, 43, 'Bebida', 0, 4.00, '', '2026-01-13 02:03:51', '2026-01-13 02:03:51', NULL),
	(35, 2, 45, 'Bebida', 0, 10.00, '', '2026-01-13 02:03:51', '2026-01-13 02:03:51', NULL),
	(36, 2, 47, 'Bebida', 0, 8.00, '', '2026-01-13 02:03:51', '2026-01-13 02:03:51', NULL),
	(37, 2, 49, 'Bebida', 0, 10.00, '', '2026-01-13 02:03:51', '2026-01-13 02:03:51', NULL),
	(38, 2, 51, 'Bebida', 0, 8.00, '', '2026-01-13 02:03:51', '2026-01-13 02:03:51', NULL),
	(39, 2, 53, 'Bebida', 0, 10.00, '', '2026-01-13 02:03:51', '2026-01-13 02:03:51', NULL),
	(40, 2, 55, 'Bebida', 0, 8.00, '', '2026-01-13 02:03:51', '2026-01-13 02:03:51', NULL),
	(41, 2, 57, 'Bebida', 0, 8.00, '', '2026-01-13 02:03:51', '2026-01-13 02:03:51', NULL),
	(42, 2, 69, 'Bebida', 0, 10.00, '', '2026-01-13 02:03:51', '2026-01-13 02:03:51', NULL),
	(43, 2, 71, 'Bebida', 0, 10.00, '', '2026-01-13 02:03:51', '2026-01-13 02:03:51', NULL),
	(44, 2, 73, 'Bebida', 0, 15.00, '', '2026-01-13 02:03:51', '2026-01-13 02:03:51', NULL),
	(45, 2, 77, 'Bebida', 0, 5.00, '', '2026-01-13 02:03:51', '2026-01-13 02:03:51', NULL),
	(46, 2, 79, 'Bebida', 0, 8.00, '', '2026-01-13 02:03:51', '2026-01-13 02:03:51', NULL),
	(47, 2, 81, 'Bebida', 0, 9.00, '', '2026-01-13 02:03:51', '2026-01-13 02:03:51', NULL),
	(48, 2, 83, 'Bebida', 0, 8.00, '', '2026-01-13 02:03:51', '2026-01-13 02:03:51', NULL),
	(49, 2, 85, 'Bebida', 0, 20.00, '', '2026-01-13 02:03:51', '2026-01-13 02:03:51', NULL),
	(50, 3, 67, 'Bebida', 0, 5.00, '', '2026-01-13 02:05:31', '2026-01-13 02:05:31', NULL),
	(51, 3, 63, 'Bebida', 0, 5.00, '', '2026-01-13 02:05:31', '2026-01-13 02:05:31', NULL),
	(52, 3, 65, 'Bebida', 0, 0.00, '', '2026-01-13 02:05:31', '2026-01-13 02:05:31', NULL),
	(53, 3, 61, 'Bebida', 0, 3.00, '', '2026-01-13 02:05:31', '2026-01-13 02:05:31', NULL),
	(54, 3, 59, 'Bebida', 0, 4.00, '', '2026-01-13 02:05:31', '2026-01-13 02:05:31', NULL);
/*!40000 ALTER TABLE `prod_cardapio_itens_tb` ENABLE KEYS */;

-- Copiando estrutura para tabela u690128405_role.prod_cardapio_tb
CREATE TABLE IF NOT EXISTS `prod_cardapio_tb` (
  `cardapio_id` int(10) unsigned NOT NULL AUTO_INCREMENT,
  `bares_id` int(10) unsigned NOT NULL,
  `nome` varchar(150) NOT NULL,
  `descricao` text DEFAULT NULL,
  `tipo_cardapio` enum('local','delivery','rodizio','cafeteria','padaria','pizzaria','outro') NOT NULL DEFAULT 'local',
  `status` enum('ativo','inativo') NOT NULL DEFAULT 'ativo',
  `created_at` datetime DEFAULT NULL,
  `updated_at` datetime DEFAULT NULL,
  `deleted_at` datetime DEFAULT NULL,
  PRIMARY KEY (`cardapio_id`),
  KEY `prod_cardapio_tb_bares_id_foreign` (`bares_id`)
) ENGINE=InnoDB AUTO_INCREMENT=4 DEFAULT CHARSET=utf8mb4 COLLATE=utf8mb4_general_ci;

-- Copiando dados para a tabela u690128405_role.prod_cardapio_tb: ~3 rows (aproximadamente)
INSERT INTO `prod_cardapio_tb` (`cardapio_id`, `bares_id`, `nome`, `descricao`, `tipo_cardapio`, `status`, `created_at`, `updated_at`, `deleted_at`) VALUES
	(1, 16, 'Porções ', 'Poções feitas na hora. ', 'local', 'ativo', '2026-01-13 01:58:01', '2026-01-13 01:58:10', NULL),
	(2, 16, 'Bebidas Alcoolicas', '', 'local', 'ativo', '2026-01-13 01:59:55', '2026-01-13 02:02:38', NULL),
	(3, 16, 'Bebidas não alcoolicas', '', 'local', 'ativo', '2026-01-13 02:04:33', '2026-01-13 02:04:33', NULL);

-- Copiando estrutura para tabela u690128405_role.prod_familia_produtos_tb
CREATE TABLE IF NOT EXISTS `prod_familia_produtos_tb` (
  `familia_id` int(10) unsigned NOT NULL AUTO_INCREMENT,
  `nome` varchar(100) NOT NULL,
  `descricao` text DEFAULT NULL,
  `ativo` tinyint(1) NOT NULL DEFAULT 1,
  `created_at` datetime DEFAULT NULL,
  `updated_at` datetime DEFAULT NULL,
  `deleted_at` datetime DEFAULT NULL,
  PRIMARY KEY (`familia_id`)
) ENGINE=InnoDB AUTO_INCREMENT=52 DEFAULT CHARSET=utf8mb4 COLLATE=utf8mb4_general_ci;

-- Copiando dados para a tabela u690128405_role.prod_familia_produtos_tb: ~51 rows (aproximadamente)
INSERT INTO `prod_familia_produtos_tb` (`familia_id`, `nome`, `descricao`, `ativo`, `created_at`, `updated_at`, `deleted_at`) VALUES
	(1, 'Bebidas Alcoólicas', 'Drinks e destilados', 1, '2025-12-28 08:23:11', '2025-12-28 08:23:11', NULL),
	(2, 'Bebidas Não Alcoólicas', 'Refrigerantes e sucos', 1, '2025-12-28 08:23:11', '2025-12-28 08:23:11', NULL),
	(3, 'Cervejas', 'Long necks e garrafas', 1, '2025-12-28 08:23:11', '2025-12-28 08:23:11', NULL),
	(4, 'Chopes', 'Chope Brahma e premium', 1, '2025-12-28 08:23:11', '2025-12-28 08:23:11', NULL),
	(5, 'Café e Cha', 'Cafés e bebidas quentes', 1, '2025-12-28 08:23:11', '2025-12-28 08:23:11', NULL),
	(6, 'Lanches', 'Burgers e sanduíches', 1, '2025-12-28 08:23:11', '2025-12-28 08:23:11', NULL),
	(7, 'Pizzas', 'Salgadas e doces', 1, '2025-12-28 08:23:11', '2025-12-28 08:23:11', NULL),
	(8, 'Pratos Principais', 'Massas e carnes', 1, '2025-12-28 08:23:11', '2025-12-28 08:23:11', NULL),
	(9, 'Petiscos', 'Fritos e porções', 1, '2025-12-28 08:23:11', '2025-12-28 08:23:11', NULL),
	(10, 'Sobremesas', 'Doces e milkshakes', 1, '2025-12-28 08:23:11', '2025-12-28 08:23:11', NULL),
	(11, 'Drinks e Coquetéis', 'Drinks clássicos e autorais de bar', 1, '2026-01-12 19:48:29', '2026-01-12 19:48:29', NULL),
	(12, 'Vinhos e Espumantes', 'Carta de vinhos, espumantes e frisantes', 1, '2026-01-12 19:48:29', '2026-01-12 19:48:29', NULL),
	(13, 'Porções de Boteco', 'Comidas de boteco, tábuas e porções para compartilhar', 1, '2026-01-12 19:48:29', '2026-01-12 19:48:29', NULL),
	(14, 'Combos e Promoções', 'Combos de bebida, lanches e porções para grupos', 1, '2026-01-12 19:48:29', '2026-01-12 19:48:29', NULL),
	(15, 'Narguilé e Essências', 'Sabores de narguilé e acessórios para hookah lounge', 1, '2026-01-12 19:48:29', '2026-01-12 19:48:29', NULL),
	(16, 'Café da Manhã e Brunch', 'Itens para cafés, padarias e brunch em rooftops e beach clubs', 1, '2026-01-12 19:48:29', '2026-01-12 19:48:29', NULL),
	(17, 'Saudáveis e Vegetarianos', 'Saladas, bowls, grelhados leves e opções veg/vegan', 1, '2026-01-12 19:48:29', '2026-01-12 19:48:29', NULL),
	(18, 'Menus Degustação', 'Sequências e menus fechados de gastrobar/restaurante', 1, '2026-01-12 19:48:29', '2026-01-12 19:48:29', NULL),
	(19, 'Shots e Doses', 'Shots, doses puras e degustações de destilados', 1, '2026-01-12 19:48:29', '2026-01-12 19:48:29', NULL),
	(20, 'Snacks e Oleaginosas', 'Amendoins, castanhas, chips e snacks de balcão', 1, '2026-01-12 19:48:29', '2026-01-12 19:48:29', NULL),
	(21, 'Menu Kids', 'Pratos e combos infantis com porções menores e adaptadas', 1, '2026-01-12 19:48:57', '2026-01-12 19:48:57', NULL),
	(22, 'Café da Tarde', 'Salgados, bolos, pães e acompanhamentos para café da tarde', 1, '2026-01-12 19:48:57', '2026-01-12 19:48:57', NULL),
	(23, 'Rodízios e Sequências', 'Rodízios de carnes, pizzas, fondue e sequências especiais', 1, '2026-01-12 19:48:57', '2026-01-12 19:48:57', NULL),
	(24, 'Fondues e Sequência Especial', 'Fondues salgados e doces, para dois ou mais pessoas', 1, '2026-01-12 19:48:57', '2026-01-12 19:48:57', NULL),
	(25, 'Drinks Premium e Destilados Raros', 'Carta de destilados especiais, reservas e coquetéis premium', 1, '2026-01-12 19:48:57', '2026-01-12 19:48:57', NULL),
	(26, 'Café Especial e Métodos', 'Cafés especiais e métodos filtrados (V60, prensa, etc.)', 1, '2026-01-12 19:48:57', '2026-01-12 19:48:57', NULL),
	(27, 'Tábua de Frios e Queijos', 'Tábuas para harmonização com vinhos e drinks', 1, '2026-01-12 19:48:57', '2026-01-12 19:48:57', NULL),
	(28, 'Bowl e Saudáveis', 'Bowls, saladas completas e opções low carb/fit', 1, '2026-01-12 19:48:57', '2026-01-12 19:48:57', NULL),
	(29, 'Drinks Sem Álcool & Mocktails', 'Coquetéis sem álcool e bebidas elaboradas não alcoólicas', 1, '2026-01-12 19:48:57', '2026-01-12 19:48:57', NULL),
	(30, 'Café da Manhã', 'Ovos, pães, frutas, sucos e combos matinais', 1, '2026-01-12 19:48:57', '2026-01-12 19:48:57', NULL),
	(31, 'Entradas e Couvert', 'Pães, pastas, couvert artístico e pequenas entradas', 1, '2026-01-12 19:49:20', '2026-01-12 19:49:20', NULL),
	(32, 'Tábuas para Compartilhar', 'Tábuas mistas de carnes, queijos, petiscos e frutos do mar', 1, '2026-01-12 19:49:20', '2026-01-12 19:49:20', NULL),
	(33, 'Bebidas em Balde e Garrafa', 'Baldes de cerveja, combos de garrafa e energéticos', 1, '2026-01-12 19:49:20', '2026-01-12 19:49:20', NULL),
	(34, 'Shots e Drinks de Balada', 'Shots, drinks rápidos e bebidas de pista', 1, '2026-01-12 19:49:20', '2026-01-12 19:49:20', NULL),
	(35, 'Coquetéis Clássicos', 'Margarita, Negroni, Mojito, Caipirinhas e demais clássicos', 1, '2026-01-12 19:49:20', '2026-01-12 19:49:20', NULL),
	(36, 'Coquetéis Autorais', 'Drinks de assinatura da casa e criações exclusivas', 1, '2026-01-12 19:49:20', '2026-01-12 19:49:20', NULL),
	(37, 'Frutos do Mar', 'Porções e pratos com camarão, peixe, lula e afins', 1, '2026-01-12 19:49:20', '2026-01-12 19:49:20', NULL),
	(38, 'Comida de Praia', 'Porções leves, grelhados, saladas e pratos típicos de beach club', 1, '2026-01-12 19:49:20', '2026-01-12 19:49:20', NULL),
	(39, 'Snacks Rápidos', 'Chips, amendoins, castanhas e salgadinhos de balcão', 1, '2026-01-12 19:49:20', '2026-01-12 19:49:20', NULL),
	(40, 'Sobremesas para Compartilhar', 'Sobremesas grandes, tábuas doces e opções para dividir na mesa', 1, '2026-01-12 19:49:20', '2026-01-12 19:49:20', NULL),
	(41, 'Cozinha Internacional', 'Pratos mexicanos, italianos, japoneses, árabes e outros temas', 1, '2026-01-12 19:49:51', '2026-01-12 19:49:51', NULL),
	(42, 'Noites Temáticas', 'Menus especiais como noite mexicana, feijoada, boteco, pizza ou sushi', 1, '2026-01-12 19:49:51', '2026-01-12 19:49:51', NULL),
	(43, 'Eventos e Coquetelaria Finger Food', 'Canapés, mini porções e petiscos para eventos e coquetéis', 1, '2026-01-12 19:49:51', '2026-01-12 19:49:51', NULL),
	(44, 'Datas Comemorativas', 'Menus especiais para Dia dos Namorados, Mães, Natal, Réveillon etc.', 1, '2026-01-12 19:49:51', '2026-01-12 19:49:51', NULL),
	(45, 'Self-Service e Prato a Quilo', 'Buffet por quilo, saladas e pratos quentes em ilha', 1, '2026-01-12 19:49:51', '2026-01-12 19:49:51', NULL),
	(46, 'Delivery e Viagem', 'Itens pensados para entrega, combos e embalagens específicas', 1, '2026-01-12 19:49:51', '2026-01-12 19:49:51', NULL),
	(47, 'Café Express e To Go', 'Bebidas e lanches rápidos para retirada no balcão', 1, '2026-01-12 19:49:51', '2026-01-12 19:49:51', NULL),
	(48, 'Festival e Rodadas Especiais', 'Festivais de chope, de hambúrguer, de pizza ou de frutos do mar', 1, '2026-01-12 19:49:51', '2026-01-12 19:49:51', NULL),
	(49, 'Bebidas Quentes Alcoólicas', 'Vinhos quentes, quentão, irish coffee e outros drinks quentes', 1, '2026-01-12 19:49:51', '2026-01-12 19:49:51', NULL),
	(50, 'Cozinha Regional', 'Comidas típicas brasileiras, feijoada, pratos nordestinos e de festas juninas', 1, '2026-01-12 19:49:51', '2026-01-12 19:49:51', NULL),
	(51, 'Não identificado', 'Família genérica para itens sem classificação', 1, '2026-01-13 01:48:18', '2026-01-13 01:48:18', NULL);

-- Copiando estrutura para tabela u690128405_role.prod_produtos_tb
CREATE TABLE IF NOT EXISTS `prod_produtos_tb` (
  `prod_id` int(10) unsigned NOT NULL AUTO_INCREMENT,
  `bares_id` int(10) unsigned NOT NULL,
  `base_id` int(10) unsigned DEFAULT NULL,
  `familia_id` int(10) unsigned DEFAULT NULL,
  `tipo_id` int(10) unsigned DEFAULT NULL,
  `nome` varchar(150) NOT NULL,
  `descricao` text DEFAULT NULL,
  `tipo_produto` enum('bebida','alimento','lanche','salgado','sobremesa','outro') NOT NULL,
  `subtipo_bebida` enum('alcoolica','nao_alcoolica','cafe','cha','outro') DEFAULT NULL,
  `preco` decimal(10,2) DEFAULT NULL,
  `quantidade_estoque` int(11) DEFAULT NULL,
  `unidade` varchar(50) DEFAULT NULL,
  `tags` longtext DEFAULT NULL,
  `status` enum('ativo','inativo') NOT NULL DEFAULT 'ativo',
  `created_at` datetime DEFAULT NULL,
  `updated_at` datetime DEFAULT NULL,
  `deleted_at` datetime DEFAULT NULL,
  PRIMARY KEY (`prod_id`),
  KEY `prod_produtos_tb_bares_id_foreign` (`bares_id`),
  KEY `prod_produtos_tb_base_id_foreign` (`base_id`),
  KEY `prod_produtos_tb_familia_id_foreign` (`familia_id`),
  KEY `prod_produtos_tb_tipo_id_foreign` (`tipo_id`)
) ENGINE=InnoDB AUTO_INCREMENT=198 DEFAULT CHARSET=utf8mb4 COLLATE=utf8mb4_general_ci;

-- Copiando dados para a tabela u690128405_role.prod_produtos_tb: ~197 rows (aproximadamente)
INSERT INTO `prod_produtos_tb` (`prod_id`, `bares_id`, `base_id`, `familia_id`, `tipo_id`, `nome`, `descricao`, `tipo_produto`, `subtipo_bebida`, `preco`, `quantidade_estoque`, `unidade`, `tags`, `status`, `created_at`, `updated_at`, `deleted_at`) VALUES
	(1, 16, 173, 12, 37, 'Vinho Pérgola Tinto Suave', NULL, 'bebida', 'alcoolica', 0.00, NULL, 'garrafa', 'vinho,pergola,tinto,suave', 'ativo', '2026-01-12 23:07:22', '2026-01-12 23:07:22', NULL),
	(2, 8, 173, 12, 37, 'Vinho Pérgola Tinto Suave', NULL, 'bebida', 'alcoolica', 0.00, NULL, 'garrafa', 'vinho,pergola,tinto,suave', 'ativo', '2026-01-12 23:07:22', '2026-01-12 23:07:22', NULL),
	(3, 16, 174, 12, 37, 'Vinho Cantina da Serra Tinto Suave', NULL, 'bebida', 'alcoolica', 0.00, NULL, 'garrafa', 'vinho,cantina da serra,tinto,suave', 'ativo', '2026-01-12 23:07:22', '2026-01-12 23:07:22', NULL),
	(4, 8, 174, 12, 37, 'Vinho Cantina da Serra Tinto Suave', NULL, 'bebida', 'alcoolica', 0.00, NULL, 'garrafa', 'vinho,cantina da serra,tinto,suave', 'ativo', '2026-01-12 23:07:22', '2026-01-12 23:07:22', NULL),
	(5, 16, 18, 1, 2, 'Vodka', NULL, 'bebida', 'alcoolica', 0.00, NULL, 'dose', 'vodka,destilado,drink', 'ativo', '2026-01-12 23:07:22', '2026-01-12 23:07:22', NULL),
	(6, 8, 18, 1, 2, 'Vodka', NULL, 'bebida', 'alcoolica', 0.00, NULL, 'dose', 'vodka,destilado,drink', 'ativo', '2026-01-12 23:07:22', '2026-01-12 23:07:22', NULL),
	(7, 16, 178, 51, 48, 'Conhaque Dreher', NULL, 'bebida', 'alcoolica', 5.00, NULL, 'dose', 'conhaque,dreher,destilado', 'ativo', '2026-01-12 23:07:22', '2026-01-12 23:07:22', NULL),
	(8, 8, 178, 51, 48, 'Conhaque Dreher', NULL, 'bebida', 'alcoolica', 0.00, NULL, 'dose', 'conhaque,dreher,destilado', 'ativo', '2026-01-12 23:07:22', '2026-01-12 23:07:22', NULL),
	(9, 16, 178, 51, 48, 'Conhaque Presidente', NULL, 'bebida', 'alcoolica', 5.00, NULL, 'dose', 'conhaque,presidente,destilado', 'ativo', '2026-01-12 23:07:22', '2026-01-12 23:07:22', NULL),
	(10, 8, 178, 51, 48, 'Conhaque Presidente', NULL, 'bebida', 'alcoolica', 0.00, NULL, 'dose', 'conhaque,presidente,destilado', 'ativo', '2026-01-12 23:07:22', '2026-01-12 23:07:22', NULL),
	(11, 16, 175, 1, 25, 'Catuaba Selvagem', NULL, 'bebida', 'alcoolica', 5.00, NULL, 'dose', 'catuaba,licorosa,bebida', 'ativo', '2026-01-12 23:07:22', '2026-01-12 23:07:22', NULL),
	(12, 8, 175, 1, 25, 'Catuaba Selvagem', NULL, 'bebida', 'alcoolica', 0.00, NULL, 'dose', 'catuaba,licorosa,bebida', 'ativo', '2026-01-12 23:07:22', '2026-01-12 23:07:22', NULL),
	(13, 16, 16, 1, 1, 'Cachaça Ipioca', NULL, 'bebida', 'alcoolica', 5.00, NULL, 'dose', 'cachaca,ipioca,destilado', 'ativo', '2026-01-12 23:07:22', '2026-01-12 23:07:22', NULL),
	(14, 8, 16, 1, 1, 'Cachaça Ipioca', NULL, 'bebida', 'alcoolica', 0.00, NULL, 'dose', 'cachaca,ipioca,destilado', 'ativo', '2026-01-12 23:07:22', '2026-01-12 23:07:22', NULL),
	(15, 16, 3, 1, 1, 'Cachaça Velho Barreiro', NULL, 'bebida', 'alcoolica', 3.00, NULL, 'dose', 'cachaca,velho barreiro,destilado', 'ativo', '2026-01-12 23:07:22', '2026-01-12 23:07:22', NULL),
	(16, 8, 3, 1, 1, 'Cachaça Velho Barreiro', NULL, 'bebida', 'alcoolica', 0.00, NULL, 'dose', 'cachaca,velho barreiro,destilado', 'ativo', '2026-01-12 23:07:22', '2026-01-12 23:07:22', NULL),
	(17, 16, 1, 1, 1, 'Cachaça 51', NULL, 'bebida', 'alcoolica', 3.00, NULL, 'dose', 'cachaca,51,destilado', 'ativo', '2026-01-12 23:07:22', '2026-01-12 23:07:22', NULL),
	(18, 8, 1, 1, 1, 'Cachaça 51', NULL, 'bebida', 'alcoolica', 0.00, NULL, 'dose', 'cachaca,51,destilado', 'ativo', '2026-01-12 23:07:22', '2026-01-12 23:07:22', NULL),
	(19, 16, 1, 1, 1, 'Cachaça 51 Ouro', NULL, 'bebida', 'alcoolica', 3.00, NULL, 'dose', 'cachaca,51 ouro,destilado', 'ativo', '2026-01-12 23:07:22', '2026-01-12 23:07:22', NULL),
	(20, 8, 1, 1, 1, 'Cachaça 51 Ouro', NULL, 'bebida', 'alcoolica', 0.00, NULL, 'dose', 'cachaca,51 ouro,destilado', 'ativo', '2026-01-12 23:07:22', '2026-01-12 23:07:22', NULL),
	(21, 16, 24, 1, 24, 'Gin Beefeater', NULL, 'bebida', 'alcoolica', 20.00, NULL, 'dose', 'gin,beefeater,destilado', 'ativo', '2026-01-12 23:07:22', '2026-01-12 23:07:22', NULL),
	(22, 8, 24, 1, 24, 'Gin Beefeater', NULL, 'bebida', 'alcoolica', 0.00, NULL, 'dose', 'gin,beefeater,destilado', 'ativo', '2026-01-12 23:07:22', '2026-01-12 23:07:22', NULL),
	(23, 16, 178, 51, 48, 'Drink Rocks', NULL, 'bebida', 'alcoolica', 10.00, NULL, 'dose', 'rocks,drink,destilado', 'ativo', '2026-01-12 23:07:22', '2026-01-12 23:07:22', NULL),
	(24, 8, 178, 51, 48, 'Drink Rocks', NULL, 'bebida', 'alcoolica', 0.00, NULL, 'dose', 'rocks,drink,destilado', 'ativo', '2026-01-12 23:07:22', '2026-01-12 23:07:22', NULL),
	(25, 16, 178, 51, 48, 'Whisky Passport', NULL, 'bebida', 'alcoolica', 10.00, NULL, 'dose', 'whisky,passport,scotch', 'ativo', '2026-01-12 23:16:09', '2026-01-12 23:16:09', NULL),
	(26, 8, 178, 51, 48, 'Whisky Passport', NULL, 'bebida', 'alcoolica', 0.00, NULL, 'dose', 'whisky,passport,scotch', 'ativo', '2026-01-12 23:16:09', '2026-01-12 23:16:09', NULL),
	(27, 16, 178, 51, 48, 'Whisky Cavalo Branco (Ballantine\'s)', NULL, 'bebida', 'alcoolica', 18.00, NULL, 'dose', 'whisky,ballantines,cavalo branco', 'ativo', '2026-01-12 23:16:09', '2026-01-12 23:16:09', NULL),
	(28, 8, 178, 51, 48, 'Whisky Cavalo Branco (Ballantine\'s)', NULL, 'bebida', 'alcoolica', 0.00, NULL, 'dose', 'whisky,ballantines,cavalo branco', 'ativo', '2026-01-12 23:16:09', '2026-01-12 23:16:09', NULL),
	(29, 16, 178, 51, 48, 'Whisky Ballantine\'s 15 Anos', NULL, 'bebida', 'alcoolica', 15.00, NULL, 'dose', 'whisky,ballantines,15 anos', 'ativo', '2026-01-12 23:16:09', '2026-01-12 23:16:09', NULL),
	(30, 8, 178, 51, 48, 'Whisky Ballantine\'s 15 Anos', NULL, 'bebida', 'alcoolica', 0.00, NULL, 'dose', 'whisky,ballantines,15 anos', 'ativo', '2026-01-12 23:16:09', '2026-01-12 23:16:09', NULL),
	(31, 16, 178, 51, 48, 'Whisky Ballantine\'s 12 Anos', NULL, 'bebida', 'alcoolica', 20.00, NULL, 'dose', 'whisky,ballantines,12 anos', 'ativo', '2026-01-12 23:16:09', '2026-01-12 23:16:09', NULL),
	(32, 8, 178, 51, 48, 'Whisky Ballantine\'s 12 Anos', NULL, 'bebida', 'alcoolica', 0.00, NULL, 'dose', 'whisky,ballantines,12 anos', 'ativo', '2026-01-12 23:16:09', '2026-01-12 23:16:09', NULL),
	(33, 16, 178, 51, 48, 'Whisky Johnnie Walker Red Label', NULL, 'bebida', 'alcoolica', 18.00, NULL, 'dose', 'whisky,red label,johnnie walker', 'ativo', '2026-01-12 23:16:09', '2026-01-12 23:16:09', NULL),
	(34, 8, 178, 51, 48, 'Whisky Johnnie Walker Red Label', NULL, 'bebida', 'alcoolica', 0.00, NULL, 'dose', 'whisky,red label,johnnie walker', 'ativo', '2026-01-12 23:16:09', '2026-01-12 23:16:09', NULL),
	(35, 16, 178, 51, 48, 'Whisky Jack Daniel\'s', NULL, 'bebida', 'alcoolica', 20.00, NULL, 'dose', 'whisky,jack daniels,tennessee', 'ativo', '2026-01-12 23:16:09', '2026-01-12 23:16:09', NULL),
	(36, 8, 178, 51, 48, 'Whisky Jack Daniel\'s', NULL, 'bebida', 'alcoolica', 0.00, NULL, 'dose', 'whisky,jack daniels,tennessee', 'ativo', '2026-01-12 23:16:09', '2026-01-12 23:16:09', NULL),
	(37, 16, 178, 51, 48, 'Whisky Chivas Regal 12 Anos', NULL, 'bebida', 'alcoolica', 20.00, NULL, 'dose', 'whisky,chivas,12 anos', 'ativo', '2026-01-12 23:16:09', '2026-01-12 23:16:09', NULL),
	(38, 8, 178, 51, 48, 'Whisky Chivas Regal 12 Anos', NULL, 'bebida', 'alcoolica', 0.00, NULL, 'dose', 'whisky,chivas,12 anos', 'ativo', '2026-01-12 23:16:09', '2026-01-12 23:16:09', NULL),
	(39, 16, 178, 51, 48, 'Whisky Black & White', NULL, 'bebida', 'alcoolica', 15.00, NULL, 'dose', 'whisky,black and white,scotch', 'ativo', '2026-01-12 23:16:09', '2026-01-12 23:16:09', NULL),
	(40, 8, 178, 51, 48, 'Whisky Black & White', NULL, 'bebida', 'alcoolica', 0.00, NULL, 'dose', 'whisky,black and white,scotch', 'ativo', '2026-01-12 23:16:09', '2026-01-12 23:16:09', NULL),
	(41, 16, 178, 51, 48, 'Whisky Bell\'s', NULL, 'bebida', 'alcoolica', 10.00, NULL, 'dose', 'whisky,bells,scotch', 'ativo', '2026-01-12 23:16:09', '2026-01-12 23:16:09', NULL),
	(42, 8, 178, 51, 48, 'Whisky Bell\'s', NULL, 'bebida', 'alcoolica', 0.00, NULL, 'dose', 'whisky,bells,scotch', 'ativo', '2026-01-12 23:16:09', '2026-01-12 23:16:09', NULL),
	(43, 16, 178, 51, 48, 'Cerveja Itaipava 350 ml', NULL, 'bebida', 'alcoolica', 4.00, NULL, 'lata', 'cerveja,itaipava,350ml,lata', 'ativo', '2026-01-12 23:19:54', '2026-01-12 23:19:54', NULL),
	(44, 8, 178, 51, 48, 'Cerveja Itaipava 350 ml', NULL, 'bebida', 'alcoolica', 0.00, NULL, 'lata', 'cerveja,itaipava,350ml,lata', 'ativo', '2026-01-12 23:19:54', '2026-01-12 23:19:54', NULL),
	(45, 16, 178, 51, 48, 'Cerveja Heineken Long Neck', NULL, 'bebida', 'alcoolica', 10.00, NULL, 'garrafa', 'cerveja,heineken,long neck', 'ativo', '2026-01-12 23:19:54', '2026-01-12 23:19:54', NULL),
	(46, 8, 178, 51, 48, 'Cerveja Heineken Long Neck', NULL, 'bebida', 'alcoolica', 0.00, NULL, 'garrafa', 'cerveja,heineken,long neck', 'ativo', '2026-01-12 23:19:54', '2026-01-12 23:19:54', NULL),
	(47, 16, 178, 51, 48, 'Cerveja Budweiser Long Neck', NULL, 'bebida', 'alcoolica', 8.00, NULL, 'garrafa', 'cerveja,budweiser,long neck', 'ativo', '2026-01-12 23:19:54', '2026-01-12 23:19:54', NULL),
	(48, 8, 178, 51, 48, 'Cerveja Budweiser Long Neck', NULL, 'bebida', 'alcoolica', 0.00, NULL, 'garrafa', 'cerveja,budweiser,long neck', 'ativo', '2026-01-12 23:19:54', '2026-01-12 23:19:54', NULL),
	(49, 16, 178, 51, 48, 'Cerveja Stella Artois Long Neck', NULL, 'bebida', 'alcoolica', 10.00, NULL, 'garrafa', 'cerveja,stella,long neck', 'ativo', '2026-01-12 23:19:54', '2026-01-12 23:19:54', NULL),
	(50, 8, 178, 51, 48, 'Cerveja Stella Artois Long Neck', NULL, 'bebida', 'alcoolica', 0.00, NULL, 'garrafa', 'cerveja,stella,long neck', 'ativo', '2026-01-12 23:19:54', '2026-01-12 23:19:54', NULL),
	(51, 16, 178, 51, 48, 'Cerveja Eisenbahn Long Neck', NULL, 'bebida', 'alcoolica', 8.00, NULL, 'garrafa', 'cerveja,eisenbahn,long neck', 'ativo', '2026-01-12 23:19:54', '2026-01-12 23:19:54', NULL),
	(52, 8, 178, 51, 48, 'Cerveja Eisenbahn Long Neck', NULL, 'bebida', 'alcoolica', 0.00, NULL, 'garrafa', 'cerveja,eisenbahn,long neck', 'ativo', '2026-01-12 23:19:54', '2026-01-12 23:19:54', NULL),
	(53, 16, 178, 51, 48, 'Cerveja Corona Long Neck', NULL, 'bebida', 'alcoolica', 10.00, NULL, 'garrafa', 'cerveja,corona,long neck', 'ativo', '2026-01-12 23:19:54', '2026-01-12 23:19:54', NULL),
	(54, 8, 178, 51, 48, 'Cerveja Corona Long Neck', NULL, 'bebida', 'alcoolica', 0.00, NULL, 'garrafa', 'cerveja,corona,long neck', 'ativo', '2026-01-12 23:19:54', '2026-01-12 23:19:54', NULL),
	(55, 16, 178, 51, 48, 'Cerveja Itaipava 600 ml', NULL, 'bebida', 'alcoolica', 8.00, NULL, 'garrafa', 'cerveja,itaipava,600ml', 'ativo', '2026-01-12 23:19:54', '2026-01-12 23:19:54', NULL),
	(56, 8, 178, 51, 48, 'Cerveja Itaipava 600 ml', NULL, 'bebida', 'alcoolica', 0.00, NULL, 'garrafa', 'cerveja,itaipava,600ml', 'ativo', '2026-01-12 23:19:54', '2026-01-12 23:19:54', NULL),
	(57, 16, 178, 51, 48, 'Cerveja Skol 600 ml', NULL, 'bebida', 'alcoolica', 8.00, NULL, 'garrafa', 'cerveja,skol,600ml', 'ativo', '2026-01-12 23:19:54', '2026-01-12 23:19:54', NULL),
	(58, 8, 178, 51, 48, 'Cerveja Skol 600 ml', NULL, 'bebida', 'alcoolica', 0.00, NULL, 'garrafa', 'cerveja,skol,600ml', 'ativo', '2026-01-12 23:19:54', '2026-01-12 23:19:54', NULL),
	(59, 16, 178, 51, 48, 'Água com Gás 500 ml', NULL, 'bebida', 'nao_alcoolica', 4.00, NULL, 'garrafa', 'agua,com gas', 'ativo', '2026-01-12 23:19:54', '2026-01-12 23:19:54', NULL),
	(60, 8, 178, 51, 48, 'Água com Gás 500 ml', NULL, 'bebida', 'nao_alcoolica', 0.00, NULL, 'garrafa', 'agua,com gas', 'ativo', '2026-01-12 23:19:54', '2026-01-12 23:19:54', NULL),
	(61, 16, 178, 51, 48, 'Água Mineral 500 ml', NULL, 'bebida', 'nao_alcoolica', 3.00, NULL, 'garrafa', 'agua,sem gas', 'ativo', '2026-01-12 23:19:54', '2026-01-12 23:19:54', NULL),
	(62, 8, 178, 51, 48, 'Água Mineral 500 ml', NULL, 'bebida', 'nao_alcoolica', 0.00, NULL, 'garrafa', 'agua,sem gas', 'ativo', '2026-01-12 23:19:54', '2026-01-12 23:19:54', NULL),
	(63, 16, 178, 51, 48, 'Água de Coco 200 ml', NULL, 'bebida', 'nao_alcoolica', 5.00, NULL, 'caixa', 'agua de coco,200ml', 'ativo', '2026-01-12 23:19:54', '2026-01-12 23:19:54', NULL),
	(64, 8, 178, 51, 48, 'Água de Coco 200 ml', NULL, 'bebida', 'nao_alcoolica', 0.00, NULL, 'caixa', 'agua de coco,200ml', 'ativo', '2026-01-12 23:19:54', '2026-01-12 23:19:54', NULL),
	(65, 16, 178, 51, 48, 'Energy Drink Red Bull 250 ml', NULL, 'bebida', 'nao_alcoolica', 0.00, NULL, 'lata', 'red bull,energetico', 'ativo', '2026-01-12 23:19:54', '2026-01-12 23:19:54', NULL),
	(66, 8, 178, 51, 48, 'Energy Drink Red Bull 250 ml', NULL, 'bebida', 'nao_alcoolica', 0.00, NULL, 'lata', 'red bull,energetico', 'ativo', '2026-01-12 23:19:54', '2026-01-12 23:19:54', NULL),
	(67, 16, 178, 51, 48, 'Refrigerante Lata 350 ml', NULL, 'bebida', 'nao_alcoolica', 5.00, NULL, 'lata', 'refrigerante,lata,350ml', 'ativo', '2026-01-12 23:19:54', '2026-01-12 23:19:54', NULL),
	(68, 8, 178, 51, 48, 'Refrigerante Lata 350 ml', NULL, 'bebida', 'nao_alcoolica', 0.00, NULL, 'lata', 'refrigerante,lata,350ml', 'ativo', '2026-01-12 23:19:54', '2026-01-12 23:19:54', NULL),
	(69, 16, 178, 51, 48, 'Cabaré Ice', NULL, 'bebida', 'alcoolica', 10.00, NULL, 'garrafa', 'cabare,ice,drink pronto', 'ativo', '2026-01-12 23:19:54', '2026-01-12 23:19:54', NULL),
	(70, 8, 178, 51, 48, 'Cabaré Ice', NULL, 'bebida', 'alcoolica', 0.00, NULL, 'garrafa', 'cabare,ice,drink pronto', 'ativo', '2026-01-12 23:19:54', '2026-01-12 23:19:54', NULL),
	(71, 16, 178, 51, 48, 'Skol Beats Long Neck', NULL, 'bebida', 'alcoolica', 10.00, NULL, 'garrafa', 'skol beats,drink pronto,beer mix', 'ativo', '2026-01-12 23:19:54', '2026-01-12 23:19:54', NULL),
	(72, 8, 178, 51, 48, 'Skol Beats Long Neck', NULL, 'bebida', 'alcoolica', 0.00, NULL, 'garrafa', 'skol beats,drink pronto,beer mix', 'ativo', '2026-01-12 23:19:54', '2026-01-12 23:19:54', NULL),
	(73, 16, 178, 51, 48, 'Caipirinha de Vodka', NULL, 'bebida', 'alcoolica', 15.00, NULL, 'copo', 'caipirinha,vodka,drink', 'ativo', '2026-01-12 23:19:54', '2026-01-12 23:19:54', NULL),
	(74, 8, 178, 51, 48, 'Caipirinha de Vodka', NULL, 'bebida', 'alcoolica', 0.00, NULL, 'copo', 'caipirinha,vodka,drink', 'ativo', '2026-01-12 23:19:54', '2026-01-12 23:19:54', NULL),
	(75, 16, 178, 51, 48, 'Caipirinha de Pinga', NULL, 'bebida', 'alcoolica', 15.00, NULL, 'copo', 'caipirinha,cachaca,drink', 'ativo', '2026-01-12 23:19:54', '2026-01-12 23:19:54', NULL),
	(76, 8, 178, 51, 48, 'Caipirinha de Pinga', NULL, 'bebida', 'alcoolica', 0.00, NULL, 'copo', 'caipirinha,cachaca,drink', 'ativo', '2026-01-12 23:19:54', '2026-01-12 23:19:54', NULL),
	(77, 16, 178, 51, 48, 'Vodka Natasha', NULL, 'bebida', 'alcoolica', 5.00, NULL, 'dose', 'vodka,natasha,destilado', 'ativo', '2026-01-12 23:19:54', '2026-01-12 23:19:54', NULL),
	(78, 8, 178, 51, 48, 'Vodka Natasha', NULL, 'bebida', 'alcoolica', 0.00, NULL, 'dose', 'vodka,natasha,destilado', 'ativo', '2026-01-12 23:19:54', '2026-01-12 23:19:54', NULL),
	(79, 16, 178, 51, 48, 'Vodka Orloff', NULL, 'bebida', 'alcoolica', 8.00, NULL, 'dose', 'vodka,orloff,destilado', 'ativo', '2026-01-12 23:19:54', '2026-01-12 23:19:54', NULL),
	(80, 8, 178, 51, 48, 'Vodka Orloff', NULL, 'bebida', 'alcoolica', 0.00, NULL, 'dose', 'vodka,orloff,destilado', 'ativo', '2026-01-12 23:19:54', '2026-01-12 23:19:54', NULL),
	(81, 16, 178, 51, 48, 'Vodka Smirnoff', NULL, 'bebida', 'alcoolica', 9.00, NULL, 'dose', 'vodka,smirnoff,destilado', 'ativo', '2026-01-12 23:19:54', '2026-01-12 23:19:54', NULL),
	(82, 8, 178, 51, 48, 'Vodka Smirnoff', NULL, 'bebida', 'alcoolica', 0.00, NULL, 'dose', 'vodka,smirnoff,destilado', 'ativo', '2026-01-12 23:19:54', '2026-01-12 23:19:54', NULL),
	(83, 16, 178, 51, 48, 'Vodka Skyy', NULL, 'bebida', 'alcoolica', 8.00, NULL, 'dose', 'vodka,skyy,destilado', 'ativo', '2026-01-12 23:19:54', '2026-01-12 23:19:54', NULL),
	(84, 8, 178, 51, 48, 'Vodka Skyy', NULL, 'bebida', 'alcoolica', 0.00, NULL, 'dose', 'vodka,skyy,destilado', 'ativo', '2026-01-12 23:19:54', '2026-01-12 23:19:54', NULL),
	(85, 16, 178, 51, 48, 'Vodka Absolut', NULL, 'bebida', 'alcoolica', 20.00, NULL, 'dose', 'vodka,absolut,destilado', 'ativo', '2026-01-12 23:19:54', '2026-01-12 23:19:54', NULL),
	(86, 8, 178, 51, 48, 'Vodka Absolut', NULL, 'bebida', 'alcoolica', 0.00, NULL, 'dose', 'vodka,absolut,destilado', 'ativo', '2026-01-12 23:19:54', '2026-01-12 23:19:54', NULL),
	(87, 16, 178, 51, 48, 'Picanha com Aipim e Frituras', NULL, 'alimento', 'outro', 60.00, NULL, 'porção', 'picanha,aipim,frituras,porcao', 'ativo', '2026-01-12 23:20:59', '2026-01-12 23:20:59', NULL),
	(88, 8, 178, 51, 48, 'Picanha com Aipim e Frituras', NULL, 'alimento', 'outro', 0.00, NULL, 'porção', 'picanha,aipim,frituras,porcao', 'ativo', '2026-01-12 23:20:59', '2026-01-12 23:20:59', NULL),
	(89, 16, 178, 51, 48, 'Carne de Sol com Aipim', NULL, 'alimento', 'outro', 35.00, NULL, 'porção', 'carne de sol,aipim,mandioca,porcao', 'ativo', '2026-01-12 23:20:59', '2026-01-12 23:20:59', NULL),
	(90, 8, 178, 51, 48, 'Carne de Sol com Aipim', NULL, 'alimento', 'outro', 0.00, NULL, 'porção', 'carne de sol,aipim,mandioca,porcao', 'ativo', '2026-01-12 23:20:59', '2026-01-12 23:20:59', NULL),
	(91, 16, 178, 51, 48, 'Fígado Acebolado', NULL, 'alimento', 'outro', 20.00, NULL, 'porção', 'figado,acebolado,porcao', 'ativo', '2026-01-12 23:20:59', '2026-01-12 23:20:59', NULL),
	(92, 8, 178, 51, 48, 'Fígado Acebolado', NULL, 'alimento', 'outro', 0.00, NULL, 'porção', 'figado,acebolado,porcao', 'ativo', '2026-01-12 23:20:59', '2026-01-12 23:20:59', NULL),
	(93, 16, 178, 51, 48, 'Frango à Passarinho', NULL, 'alimento', 'outro', 30.00, NULL, 'porção', 'frango a passarinho,frango,frito,porcao', 'ativo', '2026-01-12 23:20:59', '2026-01-12 23:20:59', NULL),
	(94, 8, 178, 51, 48, 'Frango à Passarinho', NULL, 'alimento', 'outro', 0.00, NULL, 'porção', 'frango a passarinho,frango,frito,porcao', 'ativo', '2026-01-12 23:20:59', '2026-01-12 23:20:59', NULL),
	(95, 16, 178, 51, 48, 'Frango à Passarinho com Fritas', NULL, 'alimento', 'outro', 35.00, NULL, 'porção', 'frango a passarinho,batata frita,porcao', 'ativo', '2026-01-12 23:20:59', '2026-01-12 23:20:59', NULL),
	(96, 8, 178, 51, 48, 'Frango à Passarinho com Fritas', NULL, 'alimento', 'outro', 0.00, NULL, 'porção', 'frango a passarinho,batata frita,porcao', 'ativo', '2026-01-12 23:20:59', '2026-01-12 23:20:59', NULL),
	(97, 16, 178, 51, 48, 'Linguiça com Fritas', NULL, 'alimento', 'outro', 0.00, NULL, 'porção', 'linguica,batata frita,porcao', 'ativo', '2026-01-12 23:20:59', '2026-01-12 23:20:59', NULL),
	(98, 8, 178, 51, 48, 'Linguiça com Fritas', NULL, 'alimento', 'outro', 0.00, NULL, 'porção', 'linguica,batata frita,porcao', 'ativo', '2026-01-12 23:20:59', '2026-01-12 23:20:59', NULL),
	(99, 16, 178, 51, 48, 'Porção de Peixe Frito', NULL, 'alimento', 'outro', 28.00, NULL, 'porção', 'peixe,frito,porcao', 'ativo', '2026-01-12 23:20:59', '2026-01-12 23:20:59', NULL),
	(100, 8, 178, 51, 48, 'Porção de Peixe Frito', NULL, 'alimento', 'outro', 0.00, NULL, 'porção', 'peixe,frito,porcao', 'ativo', '2026-01-12 23:20:59', '2026-01-12 23:20:59', NULL),
	(101, 16, 178, 51, 48, 'Isca de Frango com Fritas', NULL, 'alimento', 'outro', 30.00, NULL, 'porção', 'isca de frango,batata frita,porcao', 'ativo', '2026-01-12 23:20:59', '2026-01-12 23:20:59', NULL),
	(102, 8, 178, 51, 48, 'Isca de Frango com Fritas', NULL, 'alimento', 'outro', 0.00, NULL, 'porção', 'isca de frango,batata frita,porcao', 'ativo', '2026-01-12 23:20:59', '2026-01-12 23:20:59', NULL),
	(103, 16, 178, 51, 48, 'Batata Frita Pequena', NULL, 'alimento', 'outro', 15.00, NULL, 'porção', 'batata frita,pequena,porcao', 'ativo', '2026-01-12 23:20:59', '2026-01-12 23:20:59', NULL),
	(104, 8, 178, 51, 48, 'Batata Frita Pequena', NULL, 'alimento', 'outro', 0.00, NULL, 'porção', 'batata frita,pequena,porcao', 'ativo', '2026-01-12 23:20:59', '2026-01-12 23:20:59', NULL),
	(105, 16, 178, 51, 48, 'Batata Frita Média', NULL, 'alimento', 'outro', 20.00, NULL, 'porção', 'batata frita,media,porcao', 'ativo', '2026-01-12 23:20:59', '2026-01-12 23:20:59', NULL),
	(106, 8, 178, 51, 48, 'Batata Frita Média', NULL, 'alimento', 'outro', 0.00, NULL, 'porção', 'batata frita,media,porcao', 'ativo', '2026-01-12 23:20:59', '2026-01-12 23:20:59', NULL),
	(107, 16, 178, 51, 48, 'Batata Frita Grande', NULL, 'alimento', 'outro', 25.00, NULL, 'porção', 'batata frita,grande,porcao', 'ativo', '2026-01-12 23:20:59', '2026-01-12 23:20:59', NULL),
	(108, 8, 6, 9, 19, 'Batata Frita Grande', NULL, 'alimento', 'outro', 0.00, 1, 'porção', 'batata frita,grande,porcao', 'ativo', '2026-01-12 23:20:59', '2026-01-12 23:20:59', NULL),
	(109, 16, 6, 6, 19, 'Pão Grego', '', 'lanche', 'alcoolica', 8.00, 1, 'un', NULL, 'ativo', '2026-01-13 01:26:36', '2026-01-13 01:26:36', NULL),
	(110, 8, 173, 12, 37, 'Vinho Pérgola Tinto Suave', NULL, 'bebida', 'alcoolica', 0.00, NULL, 'garrafa', 'vinho,pergola,tinto,suave', 'ativo', '2026-01-12 23:07:22', '2026-01-12 23:07:22', NULL),
	(111, 8, 174, 12, 37, 'Vinho Cantina da Serra Tinto Suave', NULL, 'bebida', 'alcoolica', 0.00, NULL, 'garrafa', 'vinho,cantina da serra,tinto,suave', 'ativo', '2026-01-12 23:07:22', '2026-01-12 23:07:22', NULL),
	(112, 8, 18, 1, 2, 'Vodka', NULL, 'bebida', 'alcoolica', 0.00, NULL, 'dose', 'vodka,destilado,drink', 'ativo', '2026-01-12 23:07:22', '2026-01-12 23:07:22', NULL),
	(113, 8, 178, 51, 48, 'Conhaque Dreher', NULL, 'bebida', 'alcoolica', 5.00, NULL, 'dose', 'conhaque,dreher,destilado', 'ativo', '2026-01-12 23:07:22', '2026-01-12 23:07:22', NULL),
	(114, 8, 178, 51, 48, 'Conhaque Presidente', NULL, 'bebida', 'alcoolica', 5.00, NULL, 'dose', 'conhaque,presidente,destilado', 'ativo', '2026-01-12 23:07:22', '2026-01-12 23:07:22', NULL),
	(115, 8, 175, 1, 25, 'Catuaba Selvagem', NULL, 'bebida', 'alcoolica', 5.00, NULL, 'dose', 'catuaba,licorosa,bebida', 'ativo', '2026-01-12 23:07:22', '2026-01-12 23:07:22', NULL),
	(116, 8, 16, 1, 1, 'Cachaça Ipioca', NULL, 'bebida', 'alcoolica', 5.00, NULL, 'dose', 'cachaca,ipioca,destilado', 'ativo', '2026-01-12 23:07:22', '2026-01-12 23:07:22', NULL),
	(117, 8, 3, 1, 1, 'Cachaça Velho Barreiro', NULL, 'bebida', 'alcoolica', 3.00, NULL, 'dose', 'cachaca,velho barreiro,destilado', 'ativo', '2026-01-12 23:07:22', '2026-01-12 23:07:22', NULL),
	(118, 8, 1, 1, 1, 'Cachaça 51', NULL, 'bebida', 'alcoolica', 3.00, NULL, 'dose', 'cachaca,51,destilado', 'ativo', '2026-01-12 23:07:22', '2026-01-12 23:07:22', NULL),
	(119, 8, 1, 1, 1, 'Cachaça 51 Ouro', NULL, 'bebida', 'alcoolica', 3.00, NULL, 'dose', 'cachaca,51 ouro,destilado', 'ativo', '2026-01-12 23:07:22', '2026-01-12 23:07:22', NULL),
	(120, 8, 24, 1, 24, 'Gin Beefeater', NULL, 'bebida', 'alcoolica', 20.00, NULL, 'dose', 'gin,beefeater,destilado', 'ativo', '2026-01-12 23:07:22', '2026-01-12 23:07:22', NULL),
	(121, 8, 178, 51, 48, 'Drink Rocks', NULL, 'bebida', 'alcoolica', 10.00, NULL, 'dose', 'rocks,drink,destilado', 'ativo', '2026-01-12 23:07:22', '2026-01-12 23:07:22', NULL),
	(122, 8, 178, 51, 48, 'Whisky Passport', NULL, 'bebida', 'alcoolica', 10.00, NULL, 'dose', 'whisky,passport,scotch', 'ativo', '2026-01-12 23:16:09', '2026-01-12 23:16:09', NULL),
	(123, 8, 178, 51, 48, 'Whisky Cavalo Branco (Ballantine\'s)', NULL, 'bebida', 'alcoolica', 18.00, NULL, 'dose', 'whisky,ballantines,cavalo branco', 'ativo', '2026-01-12 23:16:09', '2026-01-12 23:16:09', NULL),
	(124, 8, 178, 51, 48, 'Whisky Ballantine\'s 15 Anos', NULL, 'bebida', 'alcoolica', 15.00, NULL, 'dose', 'whisky,ballantines,15 anos', 'ativo', '2026-01-12 23:16:09', '2026-01-12 23:16:09', NULL),
	(125, 8, 178, 51, 48, 'Whisky Ballantine\'s 12 Anos', NULL, 'bebida', 'alcoolica', 20.00, NULL, 'dose', 'whisky,ballantines,12 anos', 'ativo', '2026-01-12 23:16:09', '2026-01-12 23:16:09', NULL),
	(126, 8, 178, 51, 48, 'Whisky Johnnie Walker Red Label', NULL, 'bebida', 'alcoolica', 18.00, NULL, 'dose', 'whisky,red label,johnnie walker', 'ativo', '2026-01-12 23:16:09', '2026-01-12 23:16:09', NULL),
	(127, 8, 178, 51, 48, 'Whisky Jack Daniel\'s', NULL, 'bebida', 'alcoolica', 20.00, NULL, 'dose', 'whisky,jack daniels,tennessee', 'ativo', '2026-01-12 23:16:09', '2026-01-12 23:16:09', NULL),
	(128, 8, 178, 51, 48, 'Whisky Chivas Regal 12 Anos', NULL, 'bebida', 'alcoolica', 20.00, NULL, 'dose', 'whisky,chivas,12 anos', 'ativo', '2026-01-12 23:16:09', '2026-01-12 23:16:09', NULL),
	(129, 8, 178, 51, 48, 'Whisky Black & White', NULL, 'bebida', 'alcoolica', 15.00, NULL, 'dose', 'whisky,black and white,scotch', 'ativo', '2026-01-12 23:16:09', '2026-01-12 23:16:09', NULL),
	(130, 8, 178, 51, 48, 'Whisky Bell\'s', NULL, 'bebida', 'alcoolica', 10.00, NULL, 'dose', 'whisky,bells,scotch', 'ativo', '2026-01-12 23:16:09', '2026-01-12 23:16:09', NULL),
	(131, 8, 178, 51, 48, 'Cerveja Itaipava 350 ml', NULL, 'bebida', 'alcoolica', 4.00, NULL, 'lata', 'cerveja,itaipava,350ml,lata', 'ativo', '2026-01-12 23:19:54', '2026-01-12 23:19:54', NULL),
	(132, 8, 178, 51, 48, 'Cerveja Heineken Long Neck', NULL, 'bebida', 'alcoolica', 10.00, NULL, 'garrafa', 'cerveja,heineken,long neck', 'ativo', '2026-01-12 23:19:54', '2026-01-12 23:19:54', NULL),
	(133, 8, 178, 51, 48, 'Cerveja Budweiser Long Neck', NULL, 'bebida', 'alcoolica', 8.00, NULL, 'garrafa', 'cerveja,budweiser,long neck', 'ativo', '2026-01-12 23:19:54', '2026-01-12 23:19:54', NULL),
	(134, 8, 178, 51, 48, 'Cerveja Stella Artois Long Neck', NULL, 'bebida', 'alcoolica', 10.00, NULL, 'garrafa', 'cerveja,stella,long neck', 'ativo', '2026-01-12 23:19:54', '2026-01-12 23:19:54', NULL),
	(135, 8, 178, 51, 48, 'Cerveja Eisenbahn Long Neck', NULL, 'bebida', 'alcoolica', 8.00, NULL, 'garrafa', 'cerveja,eisenbahn,long neck', 'ativo', '2026-01-12 23:19:54', '2026-01-12 23:19:54', NULL),
	(136, 8, 178, 51, 48, 'Cerveja Corona Long Neck', NULL, 'bebida', 'alcoolica', 10.00, NULL, 'garrafa', 'cerveja,corona,long neck', 'ativo', '2026-01-12 23:19:54', '2026-01-12 23:19:54', NULL),
	(137, 8, 178, 51, 48, 'Cerveja Itaipava 600 ml', NULL, 'bebida', 'alcoolica', 8.00, NULL, 'garrafa', 'cerveja,itaipava,600ml', 'ativo', '2026-01-12 23:19:54', '2026-01-12 23:19:54', NULL),
	(138, 8, 178, 51, 48, 'Cerveja Skol 600 ml', NULL, 'bebida', 'alcoolica', 8.00, NULL, 'garrafa', 'cerveja,skol,600ml', 'ativo', '2026-01-12 23:19:54', '2026-01-12 23:19:54', NULL),
	(139, 8, 178, 51, 48, 'Água com Gás 500 ml', NULL, 'bebida', 'nao_alcoolica', 4.00, NULL, 'garrafa', 'agua,com gas', 'ativo', '2026-01-12 23:19:54', '2026-01-12 23:19:54', NULL),
	(140, 8, 178, 51, 48, 'Água Mineral 500 ml', NULL, 'bebida', 'nao_alcoolica', 3.00, NULL, 'garrafa', 'agua,sem gas', 'ativo', '2026-01-12 23:19:54', '2026-01-12 23:19:54', NULL),
	(141, 8, 178, 51, 48, 'Água de Coco 200 ml', NULL, 'bebida', 'nao_alcoolica', 5.00, NULL, 'caixa', 'agua de coco,200ml', 'ativo', '2026-01-12 23:19:54', '2026-01-12 23:19:54', NULL),
	(142, 8, 178, 51, 48, 'Energy Drink Red Bull 250 ml', NULL, 'bebida', 'nao_alcoolica', 0.00, NULL, 'lata', 'red bull,energetico', 'ativo', '2026-01-12 23:19:54', '2026-01-12 23:19:54', NULL),
	(143, 8, 178, 51, 48, 'Refrigerante Lata 350 ml', NULL, 'bebida', 'nao_alcoolica', 5.00, NULL, 'lata', 'refrigerante,lata,350ml', 'ativo', '2026-01-12 23:19:54', '2026-01-12 23:19:54', NULL),
	(144, 8, 178, 51, 48, 'Cabaré Ice', NULL, 'bebida', 'alcoolica', 10.00, NULL, 'garrafa', 'cabare,ice,drink pronto', 'ativo', '2026-01-12 23:19:54', '2026-01-12 23:19:54', NULL),
	(145, 8, 178, 51, 48, 'Skol Beats Long Neck', NULL, 'bebida', 'alcoolica', 10.00, NULL, 'garrafa', 'skol beats,drink pronto,beer mix', 'ativo', '2026-01-12 23:19:54', '2026-01-12 23:19:54', NULL),
	(146, 8, 178, 51, 48, 'Caipirinha de Vodka', NULL, 'bebida', 'alcoolica', 15.00, NULL, 'copo', 'caipirinha,vodka,drink', 'ativo', '2026-01-12 23:19:54', '2026-01-12 23:19:54', NULL),
	(147, 8, 178, 51, 48, 'Caipirinha de Pinga', NULL, 'bebida', 'alcoolica', 15.00, NULL, 'copo', 'caipirinha,cachaca,drink', 'ativo', '2026-01-12 23:19:54', '2026-01-12 23:19:54', NULL),
	(148, 8, 178, 51, 48, 'Vodka Natasha', NULL, 'bebida', 'alcoolica', 5.00, NULL, 'dose', 'vodka,natasha,destilado', 'ativo', '2026-01-12 23:19:54', '2026-01-12 23:19:54', NULL),
	(149, 8, 178, 51, 48, 'Vodka Orloff', NULL, 'bebida', 'alcoolica', 8.00, NULL, 'dose', 'vodka,orloff,destilado', 'ativo', '2026-01-12 23:19:54', '2026-01-12 23:19:54', NULL),
	(150, 8, 178, 51, 48, 'Vodka Smirnoff', NULL, 'bebida', 'alcoolica', 9.00, NULL, 'dose', 'vodka,smirnoff,destilado', 'ativo', '2026-01-12 23:19:54', '2026-01-12 23:19:54', NULL),
	(151, 8, 178, 51, 48, 'Vodka Skyy', NULL, 'bebida', 'alcoolica', 8.00, NULL, 'dose', 'vodka,skyy,destilado', 'ativo', '2026-01-12 23:19:54', '2026-01-12 23:19:54', NULL),
	(152, 8, 178, 51, 48, 'Vodka Absolut', NULL, 'bebida', 'alcoolica', 20.00, NULL, 'dose', 'vodka,absolut,destilado', 'ativo', '2026-01-12 23:19:54', '2026-01-12 23:19:54', NULL),
	(153, 8, 178, 51, 48, 'Picanha com Aipim e Frituras', NULL, 'alimento', 'outro', 60.00, NULL, 'porção', 'picanha,aipim,frituras,porcao', 'ativo', '2026-01-12 23:20:59', '2026-01-12 23:20:59', NULL),
	(154, 8, 178, 51, 48, 'Carne de Sol com Aipim', NULL, 'alimento', 'outro', 35.00, NULL, 'porção', 'carne de sol,aipim,mandioca,porcao', 'ativo', '2026-01-12 23:20:59', '2026-01-12 23:20:59', NULL),
	(155, 8, 178, 51, 48, 'Fígado Acebolado', NULL, 'alimento', 'outro', 20.00, NULL, 'porção', 'figado,acebolado,porcao', 'ativo', '2026-01-12 23:20:59', '2026-01-12 23:20:59', NULL),
	(156, 8, 178, 51, 48, 'Frango à Passarinho', NULL, 'alimento', 'outro', 30.00, NULL, 'porção', 'frango a passarinho,frango,frito,porcao', 'ativo', '2026-01-12 23:20:59', '2026-01-12 23:20:59', NULL),
	(157, 8, 178, 51, 48, 'Frango à Passarinho com Fritas', NULL, 'alimento', 'outro', 35.00, NULL, 'porção', 'frango a passarinho,batata frita,porcao', 'ativo', '2026-01-12 23:20:59', '2026-01-12 23:20:59', NULL),
	(158, 8, 178, 51, 48, 'Linguiça com Fritas', NULL, 'alimento', 'outro', 0.00, NULL, 'porção', 'linguica,batata frita,porcao', 'ativo', '2026-01-12 23:20:59', '2026-01-12 23:20:59', NULL),
	(159, 8, 178, 51, 48, 'Porção de Peixe Frito', NULL, 'alimento', 'outro', 28.00, NULL, 'porção', 'peixe,frito,porcao', 'ativo', '2026-01-12 23:20:59', '2026-01-12 23:20:59', NULL),
	(160, 8, 178, 51, 48, 'Isca de Frango com Fritas', NULL, 'alimento', 'outro', 30.00, NULL, 'porção', 'isca de frango,batata frita,porcao', 'ativo', '2026-01-12 23:20:59', '2026-01-12 23:20:59', NULL),
	(161, 8, 178, 51, 48, 'Batata Frita Pequena', NULL, 'alimento', 'outro', 15.00, NULL, 'porção', 'batata frita,pequena,porcao', 'ativo', '2026-01-12 23:20:59', '2026-01-12 23:20:59', NULL),
	(162, 8, 178, 51, 48, 'Batata Frita Média', NULL, 'alimento', 'outro', 20.00, NULL, 'porção', 'batata frita,media,porcao', 'ativo', '2026-01-12 23:20:59', '2026-01-12 23:20:59', NULL),
	(163, 8, 178, 51, 48, 'Batata Frita Grande', NULL, 'alimento', 'outro', 25.00, NULL, 'porção', 'batata frita,grande,porcao', 'ativo', '2026-01-12 23:20:59', '2026-01-12 23:20:59', NULL),
	(164, 8, 6, 6, 19, 'Pão Grego', '', 'lanche', 'alcoolica', 8.00, 1, 'un', NULL, 'ativo', '2026-01-13 01:26:36', '2026-01-13 01:26:36', NULL),
	(165, 8, 179, 1, 23, 'Whisky Old Parr 12 Anos', NULL, 'bebida', 'alcoolica', 22.00, NULL, 'dose', 'whisky,old parr,12 anos,scotch', 'ativo', '2026-01-13 03:00:00', '2026-01-13 03:00:00', NULL),
	(166, 8, 180, 1, 23, 'Whisky Johnnie Walker Black Label', NULL, 'bebida', 'alcoolica', 25.00, NULL, 'dose', 'whisky,black label,johnnie walker,scotch', 'ativo', '2026-01-13 03:00:00', '2026-01-13 03:00:00', NULL),
	(167, 8, 181, 1, 23, 'Whisky Johnnie Walker Gold Label', NULL, 'bebida', 'alcoolica', 28.00, NULL, 'dose', 'whisky,gold label,johnnie walker,scotch', 'ativo', '2026-01-13 03:00:00', '2026-01-13 03:00:00', NULL),
	(168, 8, 182, 1, 23, 'Whisky Buchanan\'s 12 Anos', NULL, 'bebida', 'alcoolica', 26.00, NULL, 'dose', 'whisky,buchanans,12 anos,scotch', 'ativo', '2026-01-13 03:00:00', '2026-01-13 03:00:00', NULL),
	(169, 8, 183, 1, 23, 'Whisky Grant\'s Triple Wood', NULL, 'bebida', 'alcoolica', 14.00, NULL, 'dose', 'whisky,grants,triple wood,scotch', 'ativo', '2026-01-13 03:00:00', '2026-01-13 03:00:00', NULL),
	(170, 8, 184, 1, 22, 'Vodka Cîroc', NULL, 'bebida', 'alcoolica', 28.00, NULL, 'dose', 'vodka,ciroc,premium,destilado', 'ativo', '2026-01-13 03:00:00', '2026-01-13 03:00:00', NULL),
	(171, 8, 185, 1, 22, 'Vodka Grey Goose', NULL, 'bebida', 'alcoolica', 30.00, NULL, 'dose', 'vodka,grey goose,premium,destilado', 'ativo', '2026-01-13 03:00:00', '2026-01-13 03:00:00', NULL),
	(172, 8, 186, 1, 22, 'Vodka Ketel One', NULL, 'bebida', 'alcoolica', 24.00, NULL, 'dose', 'vodka,ketel one,holandesa,destilado', 'ativo', '2026-01-13 03:00:00', '2026-01-13 03:00:00', NULL),
	(173, 8, 187, 1, 1, 'Rum Bacardi Carta Blanca', NULL, 'bebida', 'alcoolica', 10.00, NULL, 'dose', 'rum,bacardi,branco,drink', 'ativo', '2026-01-13 03:00:00', '2026-01-13 03:00:00', NULL),
	(174, 8, 188, 1, 1, 'Rum Bacardi Carta Oro', NULL, 'bebida', 'alcoolica', 12.00, NULL, 'dose', 'rum,bacardi,ouro,drink', 'ativo', '2026-01-13 03:00:00', '2026-01-13 03:00:00', NULL),
	(175, 8, 189, 1, 1, 'Rum Havana Club 3 Anos', NULL, 'bebida', 'alcoolica', 14.00, NULL, 'dose', 'rum,havana club,3 anos,drink', 'ativo', '2026-01-13 03:00:00', '2026-01-13 03:00:00', NULL),
	(176, 8, 190, 1, 1, 'Tequila Jose Cuervo Prata', NULL, 'bebida', 'alcoolica', 14.00, NULL, 'dose', 'tequila,jose cuervo,prata,shot', 'ativo', '2026-01-13 03:00:00', '2026-01-13 03:00:00', NULL),
	(177, 8, 191, 1, 1, 'Tequila Jose Cuervo Ouro', NULL, 'bebida', 'alcoolica', 16.00, NULL, 'dose', 'tequila,jose cuervo,ouro,shot', 'ativo', '2026-01-13 03:00:00', '2026-01-13 03:00:00', NULL),
	(178, 8, 192, 1, 1, 'Tequila Patrón Silver', NULL, 'bebida', 'alcoolica', 32.00, NULL, 'dose', 'tequila,patron,silver,premium,shot', 'ativo', '2026-01-13 03:00:00', '2026-01-13 03:00:00', NULL),
	(179, 8, 193, 1, 24, 'Gin Tanqueray', NULL, 'bebida', 'alcoolica', 22.00, NULL, 'dose', 'gin,tanqueray,destilado,drink', 'ativo', '2026-01-13 03:00:00', '2026-01-13 03:00:00', NULL),
	(180, 8, 194, 1, 24, 'Gin Gordon\'s', NULL, 'bebida', 'alcoolica', 16.00, NULL, 'dose', 'gin,gordons,destilado,drink', 'ativo', '2026-01-13 03:00:00', '2026-01-13 03:00:00', NULL),
	(181, 8, 195, 1, 25, 'Licor Amarula', NULL, 'bebida', 'alcoolica', 16.00, NULL, 'dose', 'licor,amarula,cremoso,destilado', 'ativo', '2026-01-13 03:00:00', '2026-01-13 03:00:00', NULL),
	(182, 8, 196, 1, 25, 'Licor Baileys Irish Cream', NULL, 'bebida', 'alcoolica', 18.00, NULL, 'dose', 'licor,baileys,irish cream,cremoso', 'ativo', '2026-01-13 03:00:00', '2026-01-13 03:00:00', NULL),
	(183, 8, 197, 1, 25, 'Licor 43', NULL, 'bebida', 'alcoolica', 18.00, NULL, 'dose', 'licor,licor 43,baunilha,espanhol', 'ativo', '2026-01-13 03:00:00', '2026-01-13 03:00:00', NULL),
	(184, 8, 198, 1, 1, 'Grappa Italiana', NULL, 'bebida', 'alcoolica', 18.00, NULL, 'dose', 'grappa,italiana,destilado,uvas', 'ativo', '2026-01-13 03:00:00', '2026-01-13 03:00:00', NULL),
	(185, 8, 179, 2, 29, 'Coca-Cola Lata 350 ml', NULL, 'bebida', 'nao_alcoolica', 6.00, NULL, 'lata', 'refrigerante,coca cola,350ml,lata', 'ativo', '2026-01-13 04:05:00', '2026-01-13 04:05:00', NULL),
	(186, 8, 180, 2, 29, 'Guaraná Antarctica Lata 350 ml', NULL, 'bebida', 'nao_alcoolica', 6.00, NULL, 'lata', 'refrigerante,guarana antarctica,350ml,lata', 'ativo', '2026-01-13 04:05:00', '2026-01-13 04:05:00', NULL),
	(187, 8, 181, 2, 29, 'Fanta Laranja Lata 350 ml', NULL, 'bebida', 'nao_alcoolica', 6.00, NULL, 'lata', 'refrigerante,fanta laranja,350ml,lata', 'ativo', '2026-01-13 04:05:00', '2026-01-13 04:05:00', NULL),
	(188, 8, 182, 2, 29, 'Sprite Lata 350 ml', NULL, 'bebida', 'nao_alcoolica', 6.00, NULL, 'lata', 'refrigerante,sprite,350ml,lata', 'ativo', '2026-01-13 04:05:00', '2026-01-13 04:05:00', NULL),
	(189, 8, 183, 2, 28, 'Suco de Laranja 300 ml', NULL, 'bebida', 'nao_alcoolica', 7.00, NULL, 'garrafa', 'suco,laranja,natural,300ml', 'ativo', '2026-01-13 04:05:00', '2026-01-13 04:05:00', NULL),
	(190, 8, 184, 2, 28, 'Suco de Uva Integral 300 ml', NULL, 'bebida', 'nao_alcoolica', 8.00, NULL, 'garrafa', 'suco,uva,integral,300ml', 'ativo', '2026-01-13 04:05:00', '2026-01-13 04:05:00', NULL),
	(191, 8, 185, 2, 28, 'Suco de Abacaxi 300 ml', NULL, 'bebida', 'nao_alcoolica', 7.00, NULL, 'garrafa', 'suco,abacaxi,300ml', 'ativo', '2026-01-13 04:05:00', '2026-01-13 04:05:00', NULL),
	(192, 8, 186, 2, 28, 'Suco de Maracujá 300 ml', NULL, 'bebida', 'nao_alcoolica', 7.00, NULL, 'garrafa', 'suco,maracuja,300ml', 'ativo', '2026-01-13 04:05:00', '2026-01-13 04:05:00', NULL),
	(193, 8, 187, 2, 28, 'Chá Gelado de Limão 300 ml', NULL, 'bebida', 'nao_alcoolica', 7.00, NULL, 'garrafa', 'cha gelado,limao,300ml', 'ativo', '2026-01-13 04:05:00', '2026-01-13 04:05:00', NULL),
	(194, 8, 188, 2, 28, 'Chá Gelado de Pêssego 300 ml', NULL, 'bebida', 'nao_alcoolica', 7.00, NULL, 'garrafa', 'cha gelado,pessego,300ml', 'ativo', '2026-01-13 04:05:00', '2026-01-13 04:05:00', NULL),
	(195, 8, 189, 2, 28, 'H2OH! Limão 500 ml', NULL, 'bebida', 'nao_alcoolica', 7.00, NULL, 'garrafa', 'refrigerante,leve,h2oh,limao,500ml', 'ativo', '2026-01-13 04:05:00', '2026-01-13 04:05:00', NULL),
	(196, 8, 190, 2, 28, 'Guaraná Natural 300 ml', NULL, 'bebida', 'nao_alcoolica', 7.00, NULL, 'garrafa', 'guarana,natural,300ml', 'ativo', '2026-01-13 04:05:00', '2026-01-13 04:05:00', NULL),
	(197, 18, NULL, 5, 40, 'TESTE', 'DASD', 'bebida', 'alcoolica', 12.00, 22, '22', 'QWE', 'ativo', '2026-02-14 11:43:43', '2026-02-14 11:43:43', NULL);

-- Copiando estrutura para tabela u690128405_role.prod_tipo_produtos_tb
CREATE TABLE IF NOT EXISTS `prod_tipo_produtos_tb` (
  `tipo_id` int(10) unsigned NOT NULL AUTO_INCREMENT,
  `familia_id` int(10) unsigned NOT NULL,
  `nome` varchar(100) NOT NULL,
  `descricao` text DEFAULT NULL,
  `ativo` tinyint(1) NOT NULL DEFAULT 1,
  `created_at` datetime DEFAULT NULL,
  `updated_at` datetime DEFAULT NULL,
  `deleted_at` datetime DEFAULT NULL,
  PRIMARY KEY (`tipo_id`),
  KEY `prod_tipo_produtos_tb_familia_id_foreign` (`familia_id`)
) ENGINE=InnoDB AUTO_INCREMENT=50 DEFAULT CHARSET=utf8mb4 COLLATE=utf8mb4_general_ci;

-- Copiando dados para a tabela u690128405_role.prod_tipo_produtos_tb: ~49 rows (aproximadamente)
INSERT INTO `prod_tipo_produtos_tb` (`tipo_id`, `familia_id`, `nome`, `descricao`, `ativo`, `created_at`, `updated_at`, `deleted_at`) VALUES
	(1, 1, 'Cachaças', 'Caipirinha e batidas', 1, '2025-12-28 08:23:11', '2025-12-28 08:23:11', NULL),
	(2, 1, 'Vodka', 'Vodka com energético', 1, '2025-12-28 08:23:11', '2025-12-28 08:23:11', NULL),
	(3, 1, 'Whisky', 'Whisky com coca', 1, '2025-12-28 08:23:11', '2025-12-28 08:23:11', NULL),
	(4, 3, 'Long Neck', 'Brahma, Skol, Bohemia', 1, '2025-12-28 08:23:11', '2025-12-28 08:23:11', NULL),
	(5, 3, 'Garrafa 600ml', 'Antarctica, Stella', 1, '2025-12-28 08:23:11', '2025-12-28 08:23:11', NULL),
	(6, 4, 'Chope Brahma', '300ml e 500ml', 1, '2025-12-28 08:23:11', '2025-12-28 08:23:11', NULL),
	(7, 6, 'Hambúrgueres', 'X-burger, x-bacon', 1, '2025-12-28 08:23:11', '2025-12-28 08:23:11', NULL),
	(8, 9, 'Fritos', 'Coxinha, pastel, bolinho', 1, '2025-12-28 08:23:11', '2025-12-28 08:23:11', NULL),
	(9, 7, 'Pizzas Salgadas', 'Calabresa, margherita', 1, '2025-12-28 08:23:11', '2025-12-28 08:23:11', NULL),
	(10, 7, 'Pizzas Doces', 'Chocolate, banana', 1, '2025-12-28 08:23:11', '2025-12-28 08:23:11', NULL),
	(11, 9, 'Porções', 'Batata, mandioca', 1, '2025-12-28 08:23:11', '2025-12-28 08:23:11', NULL),
	(12, 8, 'Massas', 'Macarrão, lasanha', 1, '2025-12-28 08:23:11', '2025-12-28 08:23:11', NULL),
	(13, 1, 'Coquetéis', 'Drinks clássicos', 1, '2025-12-28 08:23:11', '2025-12-28 08:23:11', NULL),
	(14, 2, 'Refrigerantes', 'Coca, guaraná', 1, '2025-12-28 08:23:11', '2025-12-28 08:23:11', NULL),
	(15, 10, 'Doces', 'Brigadeiro, bolo', 1, '2025-12-28 08:23:11', '2025-12-28 08:23:11', NULL),
	(16, 6, 'Combos', 'Combo burger + batata', 1, '2025-12-28 08:23:11', '2025-12-28 08:23:11', NULL),
	(17, 9, 'Queijos', 'Provolone, dadinho', 1, '2025-12-28 08:23:11', '2025-12-28 08:23:11', NULL),
	(18, 5, 'Cafés', 'Cappuccino, expresso', 1, '2025-12-28 08:23:11', '2025-12-28 08:23:11', NULL),
	(19, 3, 'Artesanais', 'Brahma artesanal', 1, '2025-12-28 08:23:11', '2025-12-28 08:23:11', NULL),
	(20, 7, 'Broto', 'Pizzas individuais', 1, '2025-12-28 08:23:11', '2025-12-28 08:23:11', NULL),
	(21, 1, 'Cachaças', 'Cachaças brancas e ouro', 1, '2026-01-13 00:07:01', '2026-01-13 00:07:01', NULL),
	(22, 1, 'Vodkas', 'Vodkas nacionais e importadas', 1, '2026-01-13 00:07:01', '2026-01-13 00:07:01', NULL),
	(23, 1, 'Whiskies', 'Whisky nacional e importado', 1, '2026-01-13 00:07:01', '2026-01-13 00:07:01', NULL),
	(24, 1, 'Gins', 'Drinks à base de gin', 1, '2026-01-13 00:07:01', '2026-01-13 00:07:01', NULL),
	(25, 1, 'Licores e Catuabas', 'Licores e bebidas licorosas', 1, '2026-01-13 00:07:01', '2026-01-13 00:07:01', NULL),
	(26, 3, 'Cervejas Long Neck', 'Cervejas long neck variadas', 1, '2026-01-13 00:07:01', '2026-01-13 00:07:01', NULL),
	(27, 3, 'Cervejas 600 ml', 'Cervejas garrafa 600 ml', 1, '2026-01-13 00:07:01', '2026-01-13 00:07:01', NULL),
	(28, 2, 'Águas e Refrescos', 'Águas, água de coco, energéticos', 1, '2026-01-13 00:07:01', '2026-01-13 00:07:01', NULL),
	(29, 2, 'Refrigerantes Lata', 'Refrigerantes em lata', 1, '2026-01-13 00:07:01', '2026-01-13 00:07:01', NULL),
	(30, 1, 'Drinks e Caipirinhas', 'Caipirinhas e coquetéis simples', 1, '2026-01-13 00:07:01', '2026-01-13 00:07:01', NULL),
	(31, 9, 'Porções de Carne', 'Picanha, carne de sol, fígado etc.', 1, '2026-01-13 00:07:01', '2026-01-13 00:07:01', NULL),
	(32, 9, 'Porções de Frango', 'Frango à passarinho, iscas etc.', 1, '2026-01-13 00:07:01', '2026-01-13 00:07:01', NULL),
	(33, 9, 'Porções de Peixe', 'Peixe frito e frutos do mar', 1, '2026-01-13 00:07:01', '2026-01-13 00:07:01', NULL),
	(34, 9, 'Porções de Batata', 'Batata frita em tamanhos diversos', 1, '2026-01-13 00:07:01', '2026-01-13 00:07:01', NULL),
	(35, 1, 'Gins', 'Drinks à base de gin', 1, '2026-01-13 00:16:06', '2026-01-13 00:16:06', NULL),
	(36, 1, 'Whiskies', 'Whisky nacional e importado', 1, '2026-01-13 00:16:06', '2026-01-13 00:16:06', NULL),
	(37, 1, 'Vinhos', 'Vinhos de garrafa e box', 1, '2026-01-13 00:16:06', '2026-01-13 00:16:06', NULL),
	(38, 1, 'Licores e Catuabas', 'Licores, catuabas e bebidas licorosas', 1, '2026-01-13 00:16:06', '2026-01-13 00:16:06', NULL),
	(39, 3, 'Cervejas Long Neck', 'Cervejas long neck variadas', 1, '2026-01-13 00:16:06', '2026-01-13 00:16:06', NULL),
	(40, 3, 'Cervejas 600 ml', 'Cervejas garrafa 600 ml', 1, '2026-01-13 00:16:06', '2026-01-13 00:16:06', NULL),
	(41, 2, 'Águas e Refrescos', 'Águas, água de coco, energéticos', 1, '2026-01-13 00:16:06', '2026-01-13 00:16:06', NULL),
	(42, 2, 'Refrigerantes Lata', 'Refrigerantes em lata', 1, '2026-01-13 00:16:06', '2026-01-13 00:16:06', NULL),
	(43, 1, 'Drinks e Caipirinhas', 'Caipirinhas e coquetéis simples', 1, '2026-01-13 00:16:06', '2026-01-13 00:16:06', NULL),
	(44, 9, 'Porções de Carne', 'Picanha, carne de sol, fígado etc.', 1, '2026-01-13 00:16:06', '2026-01-13 00:16:06', NULL),
	(45, 9, 'Porções de Frango', 'Frango à passarinho, iscas etc.', 1, '2026-01-13 00:16:06', '2026-01-13 00:16:06', NULL),
	(46, 9, 'Porções de Peixe', 'Peixe frito e frutos do mar', 1, '2026-01-13 00:16:06', '2026-01-13 00:16:06', NULL),
	(47, 9, 'Porções de Batata', 'Batata frita em tamanhos diversos', 1, '2026-01-13 00:16:06', '2026-01-13 00:16:06', NULL),
	(48, 51, 'Não identificado', 'Tipo genérico para itens sem classificação', 1, '2026-01-13 01:48:26', '2026-01-13 01:48:26', NULL),
	(49, 1, 'Vodka', NULL, 1, '2026-02-14 23:10:43', '2026-02-14 23:10:43', NULL);

-- Copiando estrutura para tabela u690128405_role.sessions
CREATE TABLE IF NOT EXISTS `sessions` (
  `id` varchar(255) NOT NULL,
  `user_id` bigint(20) unsigned DEFAULT NULL,
  `ip_address` varchar(45) DEFAULT NULL,
  `user_agent` text DEFAULT NULL,
  `payload` longtext NOT NULL,
  `last_activity` int(11) NOT NULL,
  PRIMARY KEY (`id`),
  KEY `sessions_user_id_index` (`user_id`),
  KEY `sessions_last_activity_index` (`last_activity`)
) ENGINE=InnoDB DEFAULT CHARSET=utf8mb4 COLLATE=utf8mb4_unicode_ci;

-- Copiando dados para a tabela u690128405_role.sessions: ~4 rows (aproximadamente)
INSERT INTO `sessions` (`id`, `user_id`, `ip_address`, `user_agent`, `payload`, `last_activity`) VALUES
	('5iSq8TiczNCpXPfAKlHbyDLVBtvIdRTNCen4M671', NULL, '::1', 'Mozilla/5.0 (Windows NT 10.0; Win64; x64; rv:147.0) Gecko/20100101 Firefox/147.0', 'YTozOntzOjY6Il90b2tlbiI7czo0MDoiTkkySXh0MkZKNXlock9GUHFyWlFteElMSlNCM0duVE1qR3NhMWZmZSI7czo2OiJfZmxhc2giO2E6Mjp7czozOiJvbGQiO2E6MDp7fXM6MzoibmV3IjthOjA6e319czo5OiJfcHJldmlvdXMiO2E6Mjp7czozOiJ1cmwiO3M6MzM6Imh0dHA6Ly9ndWlhcm9sZXMubG9jYWwvYXV0aC9sb2dpbiI7czo1OiJyb3V0ZSI7czoxMDoiYXV0aC5sb2dpbiI7fX0=', 1771039493),
	('PeMRI8NY38BF1xzuZlgIwIYEGctVNVlzcZfFueXM', NULL, '::1', 'Mozilla/5.0 (Windows NT 10.0; Win64; x64) AppleWebKit/537.36 (KHTML, like Gecko) Chrome/135.0.0.0 Safari/537.36', 'YTo0OntzOjY6Il90b2tlbiI7czo0MDoiZER2aHN4MDBTSTVhRlBkRTFLY1hEMVFiWWU2RHhOcDVVODhPSXZkZiI7czozOiJ1cmwiO2E6MTp7czo4OiJpbnRlbmRlZCI7czo1NDoiaHR0cDovL2d1aWFyb2xlcy5sb2NhbC9kYXNoYm9hcmQvYmFyaXN0YS9ldmVudG9zL3RpcG9zIjt9czo5OiJfcHJldmlvdXMiO2E6Mjp7czozOiJ1cmwiO3M6NTQ6Imh0dHA6Ly9ndWlhcm9sZXMubG9jYWwvZGFzaGJvYXJkL2JhcmlzdGEvZXZlbnRvcy90aXBvcyI7czo1OiJyb3V0ZSI7czozMDoiZGFzaGJvYXJkLmJhcmlzdGEuZXZlbnRzLnR5cGVzIjt9czo2OiJfZmxhc2giO2E6Mjp7czozOiJvbGQiO2E6MDp7fXM6MzoibmV3IjthOjA6e319fQ==', 1771110841),
	('pPQ6OwPOnRQ6Rwf2fiUQIKKAijwT93hzNsPaGV0u', NULL, '::1', 'Mozilla/5.0 (Windows NT 10.0; Win64; x64) AppleWebKit/537.36 (KHTML, like Gecko) Chrome/135.0.0.0 Safari/537.36', 'YTozOntzOjY6Il90b2tlbiI7czo0MDoiOFY4bjZPOVZmYmR3MjJXZzBEWXpxZTdQeGpXelBOdlhNaW5mTmozMSI7czo5OiJfcHJldmlvdXMiO2E6Mjp7czozOiJ1cmwiO3M6MzM6Imh0dHA6Ly9ndWlhcm9sZXMubG9jYWwvYXV0aC9sb2dpbiI7czo1OiJyb3V0ZSI7czoxMDoiYXV0aC5sb2dpbiI7fXM6NjoiX2ZsYXNoIjthOjI6e3M6Mzoib2xkIjthOjA6e31zOjM6Im5ldyI7YTowOnt9fX0=', 1771040822),
	('qlUjfo1CBed744s6reP7S8MroqsFZdM7NCPjL40g', NULL, '::1', 'Mozilla/5.0 (Windows NT 10.0; Win64; x64) AppleWebKit/537.36 (KHTML, like Gecko) Chrome/135.0.0.0 Safari/537.36', 'YTo0OntzOjY6Il90b2tlbiI7czo0MDoibnR4WTk0V3lXcDVRTFhNeWR3M2RWMnJ4T3p2S1Jzb0E2enFnV2ZveSI7czozOiJ1cmwiO2E6MTp7czo4OiJpbnRlbmRlZCI7czo1NToiaHR0cDovL2d1aWFyb2xlcy5sb2NhbC9kYXNoYm9hcmQvYmFyaXN0YS9ldmVudG9zL2NyZWF0ZSI7fXM6OToiX3ByZXZpb3VzIjthOjI6e3M6MzoidXJsIjtzOjU1OiJodHRwOi8vZ3VpYXJvbGVzLmxvY2FsL2Rhc2hib2FyZC9iYXJpc3RhL2V2ZW50b3MvY3JlYXRlIjtzOjU6InJvdXRlIjtzOjMxOiJkYXNoYm9hcmQuYmFyaXN0YS5ldmVudHMuY3JlYXRlIjt9czo2OiJfZmxhc2giO2E6Mjp7czozOiJvbGQiO2E6MDp7fXM6MzoibmV3IjthOjA6e319fQ==', 1771101777);

-- Copiando estrutura para tabela u690128405_role.shop_carts_tb
CREATE TABLE IF NOT EXISTS `shop_carts_tb` (
  `cart_id` int(11) unsigned NOT NULL AUTO_INCREMENT,
  `session_id` varchar(64) DEFAULT NULL,
  `user_id` int(11) unsigned DEFAULT NULL,
  `bares_id` int(11) unsigned NOT NULL,
  `status` varchar(20) NOT NULL DEFAULT 'open',
  `created_at` datetime DEFAULT NULL,
  `updated_at` datetime DEFAULT NULL,
  `deleted_at` datetime DEFAULT NULL,
  PRIMARY KEY (`cart_id`)
) ENGINE=InnoDB AUTO_INCREMENT=31 DEFAULT CHARSET=utf8mb4 COLLATE=utf8mb4_general_ci;

-- Copiando dados para a tabela u690128405_role.shop_carts_tb: ~30 rows (aproximadamente)
INSERT INTO `shop_carts_tb` (`cart_id`, `session_id`, `user_id`, `bares_id`, `status`, `created_at`, `updated_at`, `deleted_at`) VALUES
	(1, 'a4955e3e9f5b78d32ae1e1af8f46c711', 20, 16, 'open', '2026-01-13 01:26:56', '2026-01-13 01:26:56', NULL),
	(2, 'c80eaed979dba48da43f5b438d2588ac', NULL, 16, 'open', '2026-01-13 03:27:18', '2026-01-13 03:27:18', NULL),
	(3, '8167e788d10acc5f24211b6b91bcc80a', 8, 16, 'open', '2026-01-13 16:51:11', '2026-01-13 16:51:11', NULL),
	(4, '5c88973664362b7ae2f6fa558e85bd42', 20, 16, 'open', '2026-01-13 17:06:15', '2026-01-13 17:06:15', NULL),
	(5, 'd8203ed5ca13934a867eaf6c07e3d000', 20, 16, 'open', '2026-01-13 17:13:54', '2026-01-13 17:13:54', NULL),
	(6, '24cd8a3a99b8bc7b56b00420821205c1', 20, 16, 'open', '2026-01-13 17:52:50', '2026-01-13 17:52:50', NULL),
	(7, 'a31972bbe4338695ecff0e68308249a5', 20, 16, 'open', '2026-01-13 18:05:23', '2026-01-13 18:05:23', NULL),
	(8, 'df38256e8c6c4ef905e932ea3a4778c6', NULL, 16, 'open', '2026-01-13 18:09:07', '2026-01-13 18:09:07', NULL),
	(9, 'ef9271e2f350105617de849f07846924', 8, 16, 'open', '2026-01-13 19:10:17', '2026-01-13 19:10:17', NULL),
	(10, '95356b5506bbe170a7254852132a1650', 20, 16, 'open', '2026-01-13 19:18:53', '2026-01-13 19:18:53', NULL),
	(11, '98140a8ece5ccde52f301b64b66df845', NULL, 16, 'open', '2026-01-13 19:38:51', '2026-01-13 19:38:51', NULL),
	(12, '083cb9154056d19174fbe3099ab3c8aa', 20, 16, 'open', '2026-01-13 19:40:47', '2026-01-13 19:40:47', NULL),
	(13, '81be769972728447b491d40a7082781c', NULL, 16, 'open', '2026-01-13 22:29:34', '2026-01-13 22:29:34', NULL),
	(14, '63d96f9bdaf5df34f7d8cf43d295ac65', 8, 16, 'open', '2026-01-14 15:38:45', '2026-01-14 15:38:45', NULL),
	(15, 'de3a76f03b430843a7e6a6a40abc689c', 20, 16, 'open', '2026-01-15 16:30:55', '2026-01-15 16:30:55', NULL),
	(16, '17a5fa4e5dd664ab403a787c70a69e02', NULL, 16, 'open', '2026-01-15 16:31:46', '2026-01-15 16:31:46', NULL),
	(17, '173706936da4eab204df20adcae1abb7', NULL, 16, 'open', '2026-01-15 18:08:58', '2026-01-15 18:08:58', NULL),
	(18, '3fb1553255ad9de85a7d9977b6a17e1a', NULL, 16, 'open', '2026-01-15 22:56:55', '2026-01-15 22:56:55', NULL),
	(19, 'a8ad3475f3ff0da010735ec5489a8f01', 10, 16, 'open', '2026-01-17 17:20:40', '2026-01-17 17:20:40', NULL),
	(20, '285d5834a8c79daa6e624bf9cef97d12', 27, 16, 'open', '2026-01-17 17:47:45', '2026-01-17 17:47:45', NULL),
	(21, '06773847d951847572731569ef66b6ff', 10, 16, 'open', '2026-01-17 18:40:55', '2026-01-17 18:40:55', NULL),
	(22, '6952f37f35299fcb7f906b7bca1e6196', NULL, 16, 'open', '2026-01-19 13:23:31', '2026-01-19 13:23:31', NULL),
	(23, 'd3b1b1a9271d925991927af37f4012ec', 10, 16, 'open', '2026-01-20 17:17:16', '2026-01-20 17:17:16', NULL),
	(24, '7cc69b4bfe46bcb8123e06c9a309245a', NULL, 16, 'open', '2026-01-20 20:48:49', '2026-01-20 20:48:49', NULL),
	(25, '357189e0988ed897768eb1781b8e2576', NULL, 16, 'open', '2026-01-24 21:43:27', '2026-01-24 21:43:27', NULL),
	(26, 'c0ce16a2e52dd1305b93bad8653d9b23', NULL, 16, 'open', '2026-01-25 22:24:38', '2026-01-25 22:24:38', NULL),
	(27, 'f4883ab2b42dd15d748ef4834c43ed4c', NULL, 16, 'open', '2026-01-30 12:15:32', '2026-01-30 12:15:32', NULL),
	(28, '4121db10f59a9f5617e6100f55e0964f', NULL, 16, 'open', '2026-01-30 16:08:26', '2026-01-30 16:08:26', NULL),
	(29, '3a0d623932ab92b8e72d30db6469aa53', NULL, 16, 'open', '2026-02-02 17:20:13', '2026-02-02 17:20:13', NULL),
	(30, 'c1148198f34473744a78944af0c3725d', NULL, 16, 'open', '2026-02-07 20:21:15', '2026-02-07 20:21:15', NULL);

-- Copiando estrutura para tabela u690128405_role.shop_cart_items_tb
CREATE TABLE IF NOT EXISTS `shop_cart_items_tb` (
  `item_id` int(11) unsigned NOT NULL AUTO_INCREMENT,
  `cart_id` int(11) unsigned NOT NULL,
  `produto_id` int(11) unsigned DEFAULT NULL,
  `name` varchar(150) NOT NULL,
  `price` decimal(10,2) NOT NULL DEFAULT 0.00,
  `qty` int(11) unsigned NOT NULL DEFAULT 1,
  `created_at` datetime DEFAULT NULL,
  `updated_at` datetime DEFAULT NULL,
  `deleted_at` datetime DEFAULT NULL,
  PRIMARY KEY (`item_id`),
  KEY `cart_id` (`cart_id`)
) ENGINE=InnoDB AUTO_INCREMENT=65 DEFAULT CHARSET=utf8mb4 COLLATE=utf8mb4_general_ci;

-- Copiando dados para a tabela u690128405_role.shop_cart_items_tb: ~64 rows (aproximadamente)
INSERT INTO `shop_cart_items_tb` (`item_id`, `cart_id`, `produto_id`, `name`, `price`, `qty`, `created_at`, `updated_at`, `deleted_at`) VALUES
	(1, 1, NULL, 'Pão Grego', 8.00, 1, '2026-01-13 01:26:56', '2026-01-13 01:27:07', '2026-01-13 01:27:07'),
	(2, 2, NULL, 'Carne de Sol com Aipim', 35.00, 1, '2026-01-13 03:27:18', '2026-01-13 03:35:12', '2026-01-13 03:35:12'),
	(3, 2, NULL, 'Frango à Passarinho', 30.00, 1, '2026-01-13 03:35:22', '2026-01-13 03:35:22', NULL),
	(4, 2, NULL, 'Batata Frita Grande', 25.00, 1, '2026-01-13 03:35:29', '2026-01-13 03:35:29', NULL),
	(5, 2, NULL, 'Isca de Frango com Fritas', 30.00, 1, '2026-01-13 03:35:35', '2026-01-13 03:35:35', NULL),
	(6, 3, NULL, 'Fígado Acebolado', 20.00, 1, '2026-01-13 16:51:11', '2026-01-13 16:51:11', NULL),
	(7, 4, NULL, 'Carne de Sol com Aipim', 35.00, 1, '2026-01-13 17:06:15', '2026-01-13 17:06:15', NULL),
	(8, 5, NULL, 'Carne de Sol com Aipim', 35.00, 4, '2026-01-13 17:13:54', '2026-01-13 17:14:18', '2026-01-13 17:14:18'),
	(9, 5, NULL, 'Carne de Sol com Aipim', 35.00, 3, '2026-01-13 17:14:44', '2026-01-13 17:18:35', NULL),
	(10, 6, NULL, 'Carne de Sol com Aipim', 35.00, 1, '2026-01-13 17:52:50', '2026-01-13 17:52:50', NULL),
	(11, 6, NULL, 'Fígado Acebolado', 20.00, 1, '2026-01-13 17:52:52', '2026-01-13 17:52:52', NULL),
	(12, 7, NULL, 'Carne de Sol com Aipim', 35.00, 1, '2026-01-13 18:05:23', '2026-01-13 18:05:23', NULL),
	(13, 7, NULL, 'Frango à Passarinho com Fritas', 35.00, 1, '2026-01-13 18:05:23', '2026-01-13 18:05:23', NULL),
	(14, 7, NULL, 'Frango à Passarinho', 30.00, 1, '2026-01-13 18:05:23', '2026-01-13 18:05:23', NULL),
	(15, 7, NULL, 'Fígado Acebolado', 20.00, 1, '2026-01-13 18:05:23', '2026-01-13 18:05:23', NULL),
	(16, 7, NULL, 'Batata Frita Média', 20.00, 1, '2026-01-13 18:05:24', '2026-01-13 18:05:24', NULL),
	(17, 8, NULL, 'Carne de Sol com Aipim', 35.00, 2, '2026-01-13 18:09:07', '2026-01-13 18:09:14', NULL),
	(18, 8, NULL, 'Fígado Acebolado', 20.00, 2, '2026-01-13 18:09:08', '2026-01-13 18:09:14', NULL),
	(19, 9, NULL, 'Carne de Sol com Aipim', 35.00, 1, '2026-01-13 19:10:17', '2026-01-13 19:10:17', NULL),
	(20, 10, NULL, 'Carne de Sol com Aipim', 35.00, 1, '2026-01-13 19:18:53', '2026-01-13 19:18:53', NULL),
	(21, 11, NULL, 'Carne de Sol com Aipim', 35.00, 2, '2026-01-13 19:38:51', '2026-01-13 19:38:53', NULL),
	(22, 12, NULL, 'Carne de Sol com Aipim', 35.00, 1, '2026-01-13 19:40:47', '2026-01-13 19:40:47', NULL),
	(23, 12, NULL, 'Fígado Acebolado', 20.00, 1, '2026-01-13 19:40:49', '2026-01-13 19:40:49', NULL),
	(24, 13, NULL, 'Carne de Sol com Aipim', 35.00, 1, '2026-01-13 22:29:34', '2026-01-14 00:19:56', '2026-01-14 00:19:56'),
	(25, 13, NULL, 'Fígado Acebolado', 20.00, 1, '2026-01-13 22:29:39', '2026-01-14 00:19:57', '2026-01-14 00:19:57'),
	(26, 13, NULL, 'Pão Grego', 8.00, 1, '2026-01-13 22:30:00', '2026-01-14 00:20:09', '2026-01-14 00:20:09'),
	(27, 13, NULL, 'Carne de Sol com Aipim', 35.00, 1, '2026-01-14 00:21:38', '2026-01-14 00:24:50', '2026-01-14 00:24:50'),
	(28, 13, NULL, 'Fígado Acebolado', 20.00, 2, '2026-01-14 00:21:41', '2026-01-14 00:24:51', '2026-01-14 00:24:51'),
	(29, 13, NULL, 'Frango à Passarinho', 30.00, 1, '2026-01-14 00:21:43', '2026-01-14 00:24:52', '2026-01-14 00:24:52'),
	(30, 14, NULL, 'Carne de Sol com Aipim', 35.00, 1, '2026-01-14 15:38:45', '2026-01-14 15:38:45', NULL),
	(31, 14, NULL, 'Fígado Acebolado', 20.00, 1, '2026-01-14 15:38:49', '2026-01-14 15:38:49', NULL),
	(32, 14, NULL, 'Frango à Passarinho', 30.00, 1, '2026-01-14 15:38:52', '2026-01-14 15:38:52', NULL),
	(33, 15, NULL, 'Carne de Sol com Aipim', 35.00, 1, '2026-01-15 16:30:55', '2026-01-15 16:30:55', NULL),
	(34, 15, NULL, 'Fígado Acebolado', 20.00, 1, '2026-01-15 16:30:58', '2026-01-15 16:30:58', NULL),
	(35, 16, NULL, 'Carne de Sol com Aipim', 35.00, 1, '2026-01-15 16:31:46', '2026-01-15 16:31:46', NULL),
	(36, 16, NULL, 'Fígado Acebolado', 20.00, 1, '2026-01-15 16:31:47', '2026-01-15 16:31:47', NULL),
	(37, 16, NULL, 'Frango à Passarinho', 30.00, 1, '2026-01-15 16:31:50', '2026-01-15 16:31:50', NULL),
	(38, 17, NULL, 'Carne de Sol com Aipim', 35.00, 2, '2026-01-15 18:08:58', '2026-01-15 20:02:09', NULL),
	(39, 17, NULL, 'Fígado Acebolado', 20.00, 1, '2026-01-15 20:02:13', '2026-01-15 20:02:13', NULL),
	(40, 18, NULL, 'Carne de Sol com Aipim', 35.00, 1, '2026-01-15 22:56:55', '2026-01-15 22:56:55', NULL),
	(41, 18, NULL, 'Fígado Acebolado', 20.00, 1, '2026-01-15 22:56:57', '2026-01-15 22:56:57', NULL),
	(42, 19, NULL, 'Carne de Sol com Aipim', 35.00, 2, '2026-01-17 17:20:40', '2026-01-17 17:20:51', NULL),
	(43, 20, NULL, 'Carne de Sol com Aipim', 35.00, 1, '2026-01-17 17:47:45', '2026-01-17 17:47:45', NULL),
	(44, 20, NULL, 'Fígado Acebolado', 20.00, 1, '2026-01-17 17:47:46', '2026-01-17 17:47:46', NULL),
	(45, 20, NULL, 'Frango à Passarinho', 30.00, 1, '2026-01-17 17:47:49', '2026-01-17 17:47:49', NULL),
	(46, 21, NULL, 'Carne de Sol com Aipim', 35.00, 1, '2026-01-17 18:40:55', '2026-01-17 18:40:55', NULL),
	(47, 22, NULL, 'Carne de Sol com Aipim', 35.00, 1, '2026-01-19 13:23:31', '2026-01-19 13:23:31', NULL),
	(48, 22, NULL, 'Fígado Acebolado', 20.00, 1, '2026-01-19 13:23:32', '2026-01-19 13:23:32', NULL),
	(49, 23, NULL, 'Carne de Sol com Aipim', 35.00, 1, '2026-01-20 17:17:16', '2026-01-20 17:17:16', NULL),
	(50, 24, NULL, 'Carne de Sol com Aipim', 35.00, 1, '2026-01-20 20:48:49', '2026-01-20 20:48:49', NULL),
	(51, 24, NULL, 'Fígado Acebolado', 20.00, 1, '2026-01-20 20:48:52', '2026-01-20 20:48:52', NULL),
	(52, 24, NULL, 'Frango à Passarinho', 30.00, 1, '2026-01-20 20:48:54', '2026-01-20 20:48:54', NULL),
	(53, 25, NULL, 'Frango à Passarinho', 30.00, 3, '2026-01-24 21:43:27', '2026-01-24 21:43:29', NULL),
	(54, 26, NULL, 'Carne de Sol com Aipim', 35.00, 1, '2026-01-25 22:24:38', '2026-01-25 22:24:38', NULL),
	(55, 26, NULL, 'Fígado Acebolado', 20.00, 1, '2026-01-25 22:24:41', '2026-01-25 22:24:41', NULL),
	(56, 26, NULL, 'Frango à Passarinho', 30.00, 2, '2026-01-25 22:24:42', '2026-01-25 22:24:43', NULL),
	(57, 27, NULL, 'Carne de Sol com Aipim', 35.00, 1, '2026-01-30 12:15:32', '2026-01-30 12:15:32', NULL),
	(58, 28, NULL, 'Carne de Sol com Aipim', 35.00, 1, '2026-01-30 16:08:26', '2026-01-30 16:08:26', NULL),
	(59, 28, NULL, 'Fígado Acebolado', 20.00, 1, '2026-01-30 16:08:31', '2026-01-30 16:08:31', NULL),
	(60, 28, NULL, 'Frango à Passarinho', 30.00, 1, '2026-01-30 16:08:33', '2026-01-30 16:08:33', NULL),
	(61, 29, NULL, 'Carne de Sol com Aipim', 35.00, 1, '2026-02-02 17:20:13', '2026-02-02 17:20:13', NULL),
	(62, 29, NULL, 'Fígado Acebolado', 20.00, 1, '2026-02-02 17:20:15', '2026-02-02 17:20:15', NULL),
	(63, 30, NULL, 'Carne de Sol com Aipim', 35.00, 1, '2026-02-07 20:21:15', '2026-02-07 20:21:15', NULL),
	(64, 30, NULL, 'Fígado Acebolado', 20.00, 1, '2026-02-07 20:21:17', '2026-02-07 20:21:17', NULL);

-- Copiando estrutura para tabela u690128405_role.sponsored_highlights_tb
CREATE TABLE IF NOT EXISTS `sponsored_highlights_tb` (
  `highlight_id` int(11) unsigned NOT NULL AUTO_INCREMENT,
  `evento_id` int(11) unsigned NOT NULL,
  `image_url` varchar(255) DEFAULT NULL,
  `start_at` datetime NOT NULL,
  `end_at` datetime NOT NULL,
  `active` tinyint(1) NOT NULL DEFAULT 1,
  `created_at` datetime DEFAULT NULL,
  `updated_at` datetime DEFAULT NULL,
  PRIMARY KEY (`highlight_id`)
) ENGINE=InnoDB AUTO_INCREMENT=7 DEFAULT CHARSET=utf8mb4 COLLATE=utf8mb4_general_ci;

-- Copiando dados para a tabela u690128405_role.sponsored_highlights_tb: ~2 rows (aproximadamente)
INSERT INTO `sponsored_highlights_tb` (`highlight_id`, `evento_id`, `image_url`, `start_at`, `end_at`, `active`, `created_at`, `updated_at`) VALUES
	(5, 4, NULL, '2016-01-18 00:01:00', '2026-01-24 23:59:00', 1, '2026-01-17 23:07:22', '2026-01-17 23:07:22'),
	(6, 5, NULL, '2026-01-20 17:07:00', '2026-01-23 00:07:00', 1, '2026-01-20 17:07:20', '2026-01-20 17:07:20');

-- Copiando estrutura para tabela u690128405_role.users
CREATE TABLE IF NOT EXISTS `users` (
  `id` int(10) unsigned NOT NULL AUTO_INCREMENT,
  `name` varchar(100) NOT NULL,
  `email` varchar(150) NOT NULL,
  `password` varchar(255) NOT NULL,
  `role` varchar(255) NOT NULL,
  `type_user` int(11) NOT NULL DEFAULT 2 COMMENT '1=Barista, 2=User',
  `is_active` tinyint(4) NOT NULL DEFAULT 1,
  `created_at` datetime DEFAULT NULL,
  `updated_at` datetime DEFAULT NULL,
  `deleted_at` datetime DEFAULT NULL,
  PRIMARY KEY (`id`) USING BTREE,
  UNIQUE KEY `email` (`email`) USING BTREE
) ENGINE=InnoDB AUTO_INCREMENT=49 DEFAULT CHARSET=utf8mb4 COLLATE=utf8mb4_general_ci;

-- Copiando dados para a tabela u690128405_role.users: ~25 rows (aproximadamente)
INSERT INTO `users` (`id`, `name`, `email`, `password`, `role`, `type_user`, `is_active`, `created_at`, `updated_at`, `deleted_at`) VALUES
	(8, 'Boteco do Jhon', 'botecodojohn@gmail.com', '$2y$12$DJs8oiMLNT5UM9I4l2kyH.spDijjPt98G9euj7pNaao1kTAgYgfhi', 'client', 1, 1, '2026-01-04 16:58:41', '2026-02-16 18:01:24', NULL),
	(10, 'Alexandre Lettiere', 'alexandre.prtn@gmail.com', '$2y$12$o2MTvAvs8I.fOEOiuaW1POzPy1rHb.CDz3Po8i/gYUscVlBdI.vBu', 'client', 1, 1, '2026-01-07 21:55:55', '2026-02-14 13:30:12', NULL),
	(20, 'Espaço Avenida', 'espacoavenida@gmail.com', '$2y$10$eFpM.Vf2Egqe.IZ9J59cb.ueZcLPoWyQOkyuVml17D6ANowINl3.m', 'client', 1, 1, '2026-01-11 12:08:47', '2026-01-11 12:08:47', NULL),
	(21, 'M&S Bar e Restaurante', 'm&s@barerestaurante.com.br', '$2y$10$L1fSgBq1U4kiRgrxV.jRB.0mkjRTErR3E9jIM/ZVIdXpoR8RLXYLC', 'client', 1, 1, '2026-01-12 15:50:55', '2026-01-12 15:50:55', NULL),
	(23, 'Alessandra lettiere', 'lettiere.mm@icloud.com', '$2y$10$ciNW2lH4wIk.1eQ/yMshd.MIYOYvmqUn2ZNh/uOyPAdX/HfMXPFUy', 'client', 2, 1, '2026-01-13 20:21:54', '2026-01-13 20:21:54', NULL),
	(25, 'Alexandre Lettiere', 'ale.lettiere@gmail.com', '$2y$10$Ki8rqZOK/AXx8HwZ0lHKl.FQBMYkCSL/tzktL6s8Ksb.nA9oboKLS', 'client', 2, 1, '2026-01-16 19:12:10', '2026-01-16 19:12:10', NULL),
	(26, 'Josimar Alcântara pereira', 'josimaralcantara707@gmail.com', '$2y$10$WrR0p.kVJnqSOOchdAL/vurCUP8Vu5UAEE9qcB7WXEtRceCB5MkPq', 'client', 1, 1, '2026-01-17 00:42:33', '2026-01-28 13:43:27', NULL),
	(27, 'Master Admin', 'master@master.com', '$2y$10$i/YR/FcIh4TNmVYnUKgXKu6fAlaHB7FD2V9jMK6jZXV1.rLStQPpS', 'admin', 3, 1, '2026-01-17 13:10:31', '2026-01-17 13:10:31', NULL),
	(29, 'Chayeen', 'chayeen@chayeen.com', '$2y$10$sumnZuGFrveeANt5lvfzWOSj9e1Llle8ebyXmWPJ5ffN.ilgX5QF.', 'client', 1, 1, '2026-01-20 11:27:32', '2026-01-20 11:27:32', NULL),
	(30, 'Hello Kit', 'kellokit@hellokit.com', '$2y$10$sumnZuGFrveeANt5lvfzWOSj9e1Llle8ebyXmWPJ5ffN.ilgX5QF.', 'client', 1, 1, '2026-01-20 12:20:29', '2026-01-20 12:20:29', NULL),
	(31, 'Sushi Isao Liberdade', 'contato@sushiisao-liberdade.com', '$2y$10$sumnZuGFrveeANt5lvfzWOSj9e1Llle8ebyXmWPJ5ffN.ilgX5QF.', 'client', 1, 1, '2026-01-22 16:53:31', '2026-01-22 16:53:31', NULL),
	(32, 'Hinodê Liberdade', 'contato@hinode-liberdade.com', '$2y$10$sumnZuGFrveeANt5lvfzWOSj9e1Llle8ebyXmWPJ5ffN.ilgX5QF.', 'client', 1, 1, '2026-01-22 16:53:31', '2026-01-22 16:53:31', NULL),
	(33, 'Sushi Amigo Liberdade', 'contato@sushiamigo-liberdade.com', '$2y$10$sumnZuGFrveeANt5lvfzWOSj9e1Llle8ebyXmWPJ5ffN.ilgX5QF.', 'client', 1, 1, '2026-01-22 16:53:31', '2026-01-22 16:53:31', NULL),
	(34, 'Tanka Liberdade', 'contato@tanka-liberdade.com', '$2y$10$sumnZuGFrveeANt5lvfzWOSj9e1Llle8ebyXmWPJ5ffN.ilgX5QF.', 'client', 1, 1, '2026-01-22 16:53:31', '2026-01-22 16:53:31', NULL),
	(35, 'Sushi Yassu Liberdade', 'contato@sushiyassu-liberdade.com', '$2y$10$sumnZuGFrveeANt5lvfzWOSj9e1Llle8ebyXmWPJ5ffN.ilgX5QF.', 'client', 1, 1, '2026-01-22 16:53:31', '2026-01-22 16:53:31', NULL),
	(36, 'Asia House Liberdade', 'contato@asiahouse-liberdade.com', '$2y$10$sumnZuGFrveeANt5lvfzWOSj9e1Llle8ebyXmWPJ5ffN.ilgX5QF.', 'client', 1, 1, '2026-01-22 16:53:31', '2026-01-22 16:53:31', NULL),
	(37, 'Bento House Liberdade', 'contato@bentohouse-liberdade.com', '$2y$10$sumnZuGFrveeANt5lvfzWOSj9e1Llle8ebyXmWPJ5ffN.ilgX5QF.', 'client', 1, 1, '2026-01-22 16:53:31', '2026-01-22 16:53:31', NULL),
	(38, 'Sushi Kenzo Liberdade', 'contato@sushikenzo-liberdade.com', '$2y$10$sumnZuGFrveeANt5lvfzWOSj9e1Llle8ebyXmWPJ5ffN.ilgX5QF.', 'client', 1, 1, '2026-01-22 16:53:31', '2026-01-22 16:53:31', NULL),
	(39, 'Itidai Liberdade', 'contato@itidai-liberdade.com', '$2y$10$sumnZuGFrveeANt5lvfzWOSj9e1Llle8ebyXmWPJ5ffN.ilgX5QF.', 'client', 1, 1, '2026-01-22 16:53:31', '2026-01-22 16:53:31', NULL),
	(40, 'Rodízio Liberdade 258', 'contato@rodiziolib258.com', '$2y$10$sumnZuGFrveeANt5lvfzWOSj9e1Llle8ebyXmWPJ5ffN.ilgX5QF.', 'client', 1, 1, '2026-01-22 16:53:31', '2026-01-22 16:53:31', NULL),
	(42, 'Maracatu', 'maracatu@maracatu.com', '$2y$10$enFZfmyjddN0DHkiGSu9XuqrNq4UMR69cmntRwp9nSzg9/iWJfu9i', 'client', 1, 1, '2026-01-26 14:05:06', '2026-01-26 14:05:06', NULL),
	(44, 'Karaoke Tequilas Oficial', 'KaraokeTequilasOficial@KaraokeTequilasOficial.com', '$2y$10$Zlw4VDNSGlZ8fvwWD.sCE.FTwAhAWzXMdHer/JPKfiXFw3Ym0N3Eu', 'client', 1, 1, '2026-02-02 15:03:03', '2026-02-02 15:03:03', NULL),
	(46, 'Lettiere', 'paulosantos@gmail.com', '$2y$12$Tqx0kyp0enPGvVKg9A6NveOKdN.eQzuhc1H8E95Mbpzr6YJcK3Ufi', 'client', 2, 1, '2026-02-14 03:10:07', '2026-02-14 03:10:07', NULL),
	(47, 'barista', 'barista@barista.com', '$2y$12$1ybpsSIZus861ou5AOzj/u9J4gE/yElAPdc5DZa9cZckm8MEpkw9q', 'client', 1, 1, '2026-02-14 03:49:22', '2026-02-14 03:49:22', NULL),
	(48, 'Alexandre Lettiere', 'al3.lettiere@gmail.com', '$2y$12$XkAF.y1.dqhY6EY/K3ns4.DLK9wYV040x.O6m3.sHJpkrooWx0cIq', 'client', 2, 1, '2026-02-16 13:41:13', '2026-02-16 13:41:13', NULL);

-- Copiando estrutura para tabela u690128405_role.user_media_tb
CREATE TABLE IF NOT EXISTS `user_media_tb` (
  `media_id` int(10) unsigned NOT NULL AUTO_INCREMENT,
  `user_id` int(10) unsigned NOT NULL,
  `tipo` enum('perfil_foto','post_imagem') NOT NULL DEFAULT 'perfil_foto',
  `url` varchar(255) NOT NULL,
  `created_at` datetime DEFAULT NULL,
  `updated_at` datetime DEFAULT NULL,
  `deleted_at` datetime DEFAULT NULL,
  PRIMARY KEY (`media_id`),
  KEY `user_id` (`user_id`)
) ENGINE=MyISAM AUTO_INCREMENT=15 DEFAULT CHARSET=utf8mb4 COLLATE=utf8mb4_general_ci;

-- Copiando dados para a tabela u690128405_role.user_media_tb: 14 rows
/*!40000 ALTER TABLE `user_media_tb` DISABLE KEYS */;
INSERT INTO `user_media_tb` (`media_id`, `user_id`, `tipo`, `url`, `created_at`, `updated_at`, `deleted_at`) VALUES
	(1, 20, 'post_imagem', 'uploads/perfis/20/posts/1768257466_31c1cafd513e5cb91d9c.jpg', '2026-01-12 22:37:46', '2026-01-12 22:37:46', NULL),
	(2, 20, 'post_imagem', 'uploads/perfis/20/posts/1768275448_ba2d71003aca6325117d.jpg', '2026-01-13 03:37:28', '2026-01-13 03:37:28', NULL),
	(3, 8, 'post_imagem', 'uploads/perfis/8/posts/1768305616_f884cdbf17e5decb4fe1.jpg', '2026-01-13 12:00:16', '2026-01-13 12:00:16', NULL),
	(4, 25, 'post_imagem', 'C:/wamp64/www/rolesbr/public/uploads/perfis/25/posts/1768603014_3273568fcc49b8f90ade.jpg', '2026-01-16 19:36:55', '2026-01-16 19:36:55', NULL),
	(5, 8, 'post_imagem', 'uploads/perfis/8/posts/1768605919_236258f4cf845193c0b9.jpg', '2026-01-16 20:25:19', '2026-01-16 20:25:19', NULL),
	(6, 8, 'perfil_foto', 'uploads/perfis/8/perfil/1768605941_1e2b3f9997e1af447ddf.webp', '2026-01-16 20:25:41', '2026-01-16 20:25:41', NULL),
	(7, 10, 'perfil_foto', 'uploads/perfis/10/perfil/1768608454_ead7493de92ffc80eb9c.jpg', '2026-01-16 21:07:34', '2026-01-16 21:07:34', NULL),
	(8, 10, 'post_imagem', 'uploads/perfis/10/posts/1768608598_299fd544c9085cf7f87e.jpg', '2026-01-16 21:09:58', '2026-01-16 21:09:58', NULL),
	(9, 10, 'post_imagem', 'uploads/perfis/10/posts/1768681028_22103501c5a77d34682b.jpg', '2026-01-17 17:17:08', '2026-01-17 17:17:08', NULL),
	(10, 29, 'perfil_foto', 'uploads/perfis/29/perfil/1768919574_bbc7857af1204203f761.jpg', '2026-01-20 11:32:54', '2026-01-20 11:32:54', NULL),
	(11, 29, 'post_imagem', 'uploads/perfis/29/posts/1768921770_13d67e37a94b3f2753f7.jpg', '2026-01-20 12:09:30', '2026-01-20 12:09:30', NULL),
	(12, 10, 'post_imagem', 'uploads/perfis/10/posts/1769415533_a41a30724e7283afdf9d.jpg', '2026-01-26 05:18:53', '2026-01-26 05:18:53', NULL),
	(13, 26, 'post_imagem', 'uploads/perfis/26/posts/1769618983_fc9daecfefcb4a38ab48.jpg', '2026-01-28 13:49:43', '2026-01-28 13:49:43', NULL),
	(14, 10, 'post_imagem', 'uploads/perfis/10/posts/1770172512_50b7c9c7fdc33e3b50d2.jpg', '2026-02-03 23:35:12', '2026-02-03 23:35:12', NULL);
/*!40000 ALTER TABLE `user_media_tb` ENABLE KEYS */;

-- Copiando estrutura para tabela u690128405_role.user_posts_tb
CREATE TABLE IF NOT EXISTS `user_posts_tb` (
  `post_id` int(10) unsigned NOT NULL AUTO_INCREMENT,
  `user_id` int(10) unsigned NOT NULL,
  `owner_user_id` int(10) unsigned DEFAULT NULL,
  `owner_bar_id` int(10) unsigned DEFAULT NULL,
  `posted_as_type` varchar(10) DEFAULT NULL,
  `posted_as_id` int(10) unsigned DEFAULT NULL,
  `visibility` varchar(20) DEFAULT NULL,
  `likes_count` int(11) DEFAULT 0,
  `comments_count` int(11) DEFAULT 0,
  `caption` text DEFAULT NULL,
  `image_url` varchar(255) NOT NULL,
  `location_lat` decimal(10,6) DEFAULT NULL,
  `location_lng` decimal(10,6) DEFAULT NULL,
  `neighborhood` varchar(120) DEFAULT NULL,
  `location_id` int(10) unsigned DEFAULT NULL,
  `created_at` datetime DEFAULT NULL,
  `updated_at` datetime DEFAULT NULL,
  `deleted_at` datetime DEFAULT NULL,
  PRIMARY KEY (`post_id`),
  KEY `user_id` (`user_id`),
  KEY `idx_user_posts_posted_as` (`posted_as_type`,`posted_as_id`),
  KEY `idx_user_posts_visibility` (`visibility`),
  KEY `idx_user_posts_location_id` (`location_id`)
) ENGINE=MyISAM AUTO_INCREMENT=15 DEFAULT CHARSET=utf8mb4 COLLATE=utf8mb4_general_ci;

-- Copiando dados para a tabela u690128405_role.user_posts_tb: 14 rows
/*!40000 ALTER TABLE `user_posts_tb` DISABLE KEYS */;
INSERT INTO `user_posts_tb` (`post_id`, `user_id`, `owner_user_id`, `owner_bar_id`, `posted_as_type`, `posted_as_id`, `visibility`, `likes_count`, `comments_count`, `caption`, `image_url`, `location_lat`, `location_lng`, `neighborhood`, `location_id`, `created_at`, `updated_at`, `deleted_at`) VALUES
	(1, 20, NULL, NULL, NULL, NULL, NULL, 0, 0, NULL, 'uploads/perfis/20/posts/1768257466_31c1cafd513e5cb91d9c.jpg', NULL, NULL, NULL, NULL, '2026-01-12 22:37:46', '2026-01-12 22:37:46', NULL),
	(2, 20, NULL, NULL, NULL, NULL, NULL, 0, 0, NULL, 'uploads/perfis/20/posts/1768275448_ba2d71003aca6325117d.jpg', NULL, NULL, NULL, NULL, '2026-01-13 03:37:28', '2026-01-13 03:37:28', NULL),
	(3, 8, NULL, NULL, NULL, NULL, NULL, 0, 0, NULL, 'uploads/perfis/8/posts/1768305616_f884cdbf17e5decb4fe1.jpg', NULL, NULL, NULL, NULL, '2026-01-13 12:00:16', '2026-01-13 12:03:29', '2026-01-13 12:03:29'),
	(4, 8, NULL, NULL, NULL, NULL, NULL, 0, 0, 'O melhor boteco de  Campo Belo ', 'uploads/perfis/8/posts/1768572244_9b3b63ffc3dad3d1fcc9.jpg', NULL, NULL, NULL, NULL, '2026-01-16 11:04:04', '2026-01-16 20:30:14', '2026-01-16 20:30:14'),
	(5, 8, NULL, NULL, NULL, NULL, NULL, 0, 0, NULL, 'uploads/perfis/8/posts/1768572256_905f0d605aa92b0ad0a3.jpg', NULL, NULL, NULL, NULL, '2026-01-16 11:04:16', '2026-01-16 20:30:12', '2026-01-16 20:30:12'),
	(6, 8, NULL, NULL, NULL, NULL, NULL, 0, 0, NULL, 'uploads/perfis/8/posts/1768572444_edf1ff2704304a886772.jpg', NULL, NULL, NULL, NULL, '2026-01-16 11:07:24', '2026-01-16 20:30:10', '2026-01-16 20:30:10'),
	(7, 25, NULL, NULL, NULL, NULL, NULL, 0, 0, NULL, 'C:/wamp64/www/rolesbr/public/uploads/perfis/25/posts/1768603014_3273568fcc49b8f90ade.jpg', NULL, NULL, NULL, NULL, '2026-01-16 19:36:55', '2026-01-16 19:36:55', NULL),
	(8, 8, NULL, NULL, NULL, NULL, NULL, 0, 0, NULL, 'uploads/perfis/8/posts/1768605919_236258f4cf845193c0b9.jpg', NULL, NULL, NULL, NULL, '2026-01-16 20:25:19', '2026-01-16 20:25:19', NULL),
	(9, 10, NULL, NULL, NULL, NULL, NULL, 0, 0, NULL, 'uploads/perfis/10/posts/1768608598_299fd544c9085cf7f87e.jpg', NULL, NULL, NULL, NULL, '2026-01-16 21:09:58', '2026-01-16 21:09:58', NULL),
	(10, 10, NULL, NULL, NULL, NULL, NULL, 0, 0, 'Hoje tem... ', 'uploads/perfis/10/posts/1768681028_22103501c5a77d34682b.jpg', NULL, NULL, NULL, NULL, '2026-01-17 17:17:08', '2026-01-17 17:17:08', NULL),
	(11, 29, NULL, NULL, NULL, NULL, NULL, 0, 0, NULL, 'uploads/perfis/29/posts/1768921770_13d67e37a94b3f2753f7.jpg', NULL, NULL, NULL, NULL, '2026-01-20 12:09:30', '2026-01-20 12:09:30', NULL),
	(12, 10, NULL, NULL, NULL, NULL, NULL, 0, 0, NULL, 'uploads/perfis/10/posts/1769415533_a41a30724e7283afdf9d.jpg', NULL, NULL, NULL, NULL, '2026-01-26 05:18:53', '2026-01-26 05:18:53', NULL),
	(13, 26, NULL, NULL, NULL, NULL, NULL, 0, 0, 'Venha curtir o esquenta do carnaval 2026.', 'uploads/perfis/26/posts/1769618983_fc9daecfefcb4a38ab48.jpg', NULL, NULL, NULL, NULL, '2026-01-28 13:49:43', '2026-01-28 13:49:43', NULL),
	(14, 10, NULL, NULL, NULL, NULL, NULL, 0, 0, NULL, 'uploads/perfis/10/posts/1770172512_50b7c9c7fdc33e3b50d2.jpg', NULL, NULL, NULL, NULL, '2026-02-03 23:35:12', '2026-02-03 23:35:12', NULL);
/*!40000 ALTER TABLE `user_posts_tb` ENABLE KEYS */;

-- Copiando estrutura para tabela u690128405_role.user_post_comments_tb
CREATE TABLE IF NOT EXISTS `user_post_comments_tb` (
  `comment_id` int(10) unsigned NOT NULL AUTO_INCREMENT,
  `post_id` int(10) unsigned NOT NULL,
  `user_id` int(10) unsigned NOT NULL,
  `parent_id` int(10) unsigned DEFAULT NULL,
  `content` text NOT NULL,
  `edited_at` datetime DEFAULT NULL,
  `created_at` datetime DEFAULT NULL,
  `updated_at` datetime DEFAULT NULL,
  `deleted_at` datetime DEFAULT NULL,
  PRIMARY KEY (`comment_id`),
  KEY `post_id_parent_id` (`post_id`,`parent_id`)
) ENGINE=MyISAM AUTO_INCREMENT=7 DEFAULT CHARSET=utf8mb4 COLLATE=utf8mb4_general_ci;

-- Copiando dados para a tabela u690128405_role.user_post_comments_tb: 6 rows
/*!40000 ALTER TABLE `user_post_comments_tb` DISABLE KEYS */;
INSERT INTO `user_post_comments_tb` (`comment_id`, `post_id`, `user_id`, `parent_id`, `content`, `edited_at`, `created_at`, `updated_at`, `deleted_at`) VALUES
	(1, 13, 25, NULL, 'eithaaaaa boraaaaaaa', NULL, '2026-02-02 23:00:14', '2026-02-02 23:00:14', NULL),
	(2, 13, 25, 1, 'nao sei o que fazer', NULL, '2026-02-02 23:04:01', '2026-02-02 23:04:01', NULL),
	(3, 13, 25, NULL, 'testo', NULL, '2026-02-02 23:04:16', '2026-02-02 23:04:16', NULL),
	(4, 13, 25, NULL, 'testoriano', NULL, '2026-02-02 23:04:23', '2026-02-02 23:04:23', NULL),
	(5, 13, 25, 3, 'testo', NULL, '2026-02-02 23:04:32', '2026-02-02 23:04:32', NULL),
	(6, 7, 25, NULL, 'Linda', NULL, '2026-02-03 10:22:08', '2026-02-03 10:22:08', NULL);
/*!40000 ALTER TABLE `user_post_comments_tb` ENABLE KEYS */;

-- Copiando estrutura para tabela u690128405_role.user_post_likes_tb
CREATE TABLE IF NOT EXISTS `user_post_likes_tb` (
  `id` int(10) unsigned NOT NULL AUTO_INCREMENT,
  `user_id` int(10) unsigned NOT NULL,
  `post_id` int(10) unsigned NOT NULL,
  `created_at` datetime DEFAULT NULL,
  `update_at` datetime DEFAULT NULL,
  `delete_at` int(11) DEFAULT NULL,
  PRIMARY KEY (`id`),
  UNIQUE KEY `uniq_user_post_like` (`user_id`,`post_id`),
  KEY `user_id_post_id` (`user_id`,`post_id`)
) ENGINE=MyISAM AUTO_INCREMENT=12 DEFAULT CHARSET=utf8mb4 COLLATE=utf8mb4_general_ci;

-- Copiando dados para a tabela u690128405_role.user_post_likes_tb: 5 rows
/*!40000 ALTER TABLE `user_post_likes_tb` DISABLE KEYS */;
INSERT INTO `user_post_likes_tb` (`id`, `user_id`, `post_id`, `created_at`, `update_at`, `delete_at`) VALUES
	(2, 26, 13, '2026-01-28 13:50:34', NULL, NULL),
	(4, 25, 13, '2026-02-02 23:40:53', NULL, NULL),
	(5, 25, 11, '2026-02-02 23:41:16', NULL, NULL),
	(6, 25, 12, '2026-02-03 00:33:59', NULL, NULL),
	(11, 25, 14, '2026-02-03 23:48:45', NULL, NULL);
/*!40000 ALTER TABLE `user_post_likes_tb` ENABLE KEYS */;

-- Copiando estrutura para tabela u690128405_role.user_post_tags_tb
CREATE TABLE IF NOT EXISTS `user_post_tags_tb` (
  `tag_id` int(10) unsigned NOT NULL AUTO_INCREMENT,
  `post_id` int(10) unsigned NOT NULL,
  `target_type` enum('user','bar') NOT NULL,
  `target_id` int(10) unsigned NOT NULL,
  `created_at` datetime DEFAULT NULL,
  `update_at` datetime DEFAULT NULL,
  `delete_at` datetime DEFAULT NULL,
  PRIMARY KEY (`tag_id`),
  KEY `post_id_target_type_target_id` (`post_id`,`target_type`,`target_id`)
) ENGINE=MyISAM DEFAULT CHARSET=utf8mb4 COLLATE=utf8mb4_general_ci;

-- Copiando dados para a tabela u690128405_role.user_post_tags_tb: 0 rows
/*!40000 ALTER TABLE `user_post_tags_tb` DISABLE KEYS */;
/*!40000 ALTER TABLE `user_post_tags_tb` ENABLE KEYS */;

-- Copiando estrutura para tabela u690128405_role.user_post_texts_tb
CREATE TABLE IF NOT EXISTS `user_post_texts_tb` (
  `text_id` int(10) unsigned NOT NULL AUTO_INCREMENT,
  `post_id` int(10) unsigned NOT NULL,
  `text_body` text NOT NULL,
  `created_at` datetime DEFAULT NULL,
  `updated_at` datetime DEFAULT NULL,
  `deleted_at` datetime DEFAULT NULL,
  PRIMARY KEY (`text_id`),
  KEY `post_id` (`post_id`)
) ENGINE=MyISAM AUTO_INCREMENT=4 DEFAULT CHARSET=utf8mb4 COLLATE=utf8mb4_general_ci;

-- Copiando dados para a tabela u690128405_role.user_post_texts_tb: 3 rows
/*!40000 ALTER TABLE `user_post_texts_tb` DISABLE KEYS */;
INSERT INTO `user_post_texts_tb` (`text_id`, `post_id`, `text_body`, `created_at`, `updated_at`, `deleted_at`) VALUES
	(1, 4, 'O melhor boteco de  Campo Belo ', '2026-01-16 11:04:04', '2026-01-16 11:04:04', NULL),
	(2, 10, 'Hoje tem... ', '2026-01-17 17:17:08', '2026-01-17 17:17:08', NULL),
	(3, 13, 'Venha curtir o esquenta do carnaval 2026.', '2026-01-28 13:49:43', '2026-01-28 13:49:43', NULL);
/*!40000 ALTER TABLE `user_post_texts_tb` ENABLE KEYS */;

-- Copiando estrutura para tabela u690128405_role.user_stories_tb
CREATE TABLE IF NOT EXISTS `user_stories_tb` (
  `story_id` int(10) unsigned NOT NULL AUTO_INCREMENT,
  `user_id` int(10) unsigned NOT NULL,
  `image_url` varchar(255) NOT NULL,
  `expires_at` datetime NOT NULL,
  `created_at` datetime DEFAULT NULL,
  `updated_at` datetime DEFAULT NULL,
  `deleted_at` datetime DEFAULT NULL,
  `overlay_json` text DEFAULT NULL COMMENT 'JSON com elementos posicionados sobre a imagem',
  PRIMARY KEY (`story_id`),
  KEY `user_id` (`user_id`)
) ENGINE=MyISAM AUTO_INCREMENT=30 DEFAULT CHARSET=utf8mb4 COLLATE=utf8mb4_general_ci;

-- Copiando dados para a tabela u690128405_role.user_stories_tb: 29 rows
/*!40000 ALTER TABLE `user_stories_tb` DISABLE KEYS */;
INSERT INTO `user_stories_tb` (`story_id`, `user_id`, `image_url`, `expires_at`, `created_at`, `updated_at`, `deleted_at`, `overlay_json`) VALUES
	(1, 8, 'uploads/perfis/8/stories/1768305684_f43fb63b2fd615510523.jpg', '2026-01-14 12:01:24', '2026-01-13 12:01:24', '2026-01-13 12:03:44', '2026-01-13 12:03:44', '{"elements":[],"mentions":[]}'),
	(2, 8, 'uploads/perfis/8/stories/1768305700_a12540564c1a1de5a2be.jpg', '2026-01-14 12:01:40', '2026-01-13 12:01:40', '2026-01-13 12:03:42', '2026-01-13 12:03:42', '{"elements":[],"mentions":[]}'),
	(3, 8, 'uploads/perfis/8/stories/1768305797_ab2bb377c181a12c1977.jpg', '2026-01-14 12:03:17', '2026-01-13 12:03:17', '2026-01-13 12:03:41', '2026-01-13 12:03:41', '{"elements":[],"mentions":[]}'),
	(4, 8, 'uploads/perfis/8/stories/1768305908_9b798b4c6abc13066370.jpg', '2026-01-14 12:05:08', '2026-01-13 12:05:08', '2026-01-14 15:36:25', '2026-01-14 15:36:25', '{"elements":[],"mentions":[]}'),
	(5, 8, 'uploads/perfis/8/stories/1768305919_bd17c26ac0faf8d71aa2.jpg', '2026-01-14 12:05:19', '2026-01-13 12:05:19', '2026-01-14 15:36:25', '2026-01-14 15:36:25', '{"elements":[],"mentions":[]}'),
	(6, 8, 'uploads/perfis/8/stories/1768305933_4f757ac60c4cca0f65cc.jpg', '2026-01-14 12:05:33', '2026-01-13 12:05:33', '2026-01-14 15:36:25', '2026-01-14 15:36:25', '{"elements":[],"mentions":[]}'),
	(7, 20, 'uploads/perfis/20/stories/1768307394_7a31b431c2bbe8907fa9.jpg', '2026-01-14 12:29:54', '2026-01-13 12:29:54', '2026-01-14 15:36:25', '2026-01-14 15:36:25', '{"elements":[],"mentions":[]}'),
	(8, 8, 'uploads/perfis/8/stories/1768415798_3b81e6f009e52c166a82.jpg', '2026-01-15 15:36:38', '2026-01-14 15:36:38', '2026-01-15 16:19:00', '2026-01-15 16:19:00', '{"elements":[],"mentions":[]}'),
	(9, 8, 'uploads/perfis/8/stories/1768415831_2fedeca0e8dcf8feaf6c.jpg', '2026-01-15 15:37:11', '2026-01-14 15:37:11', '2026-01-15 16:19:00', '2026-01-15 16:19:00', '{"elements":[],"mentions":[]}'),
	(10, 20, 'uploads/perfis/20/stories/1768504757_da77f2ec549fe47a74cd.jpg', '2026-01-16 16:19:17', '2026-01-15 16:19:17', '2026-01-16 19:36:13', '2026-01-16 19:36:13', '{"elements":[],"mentions":[]}'),
	(11, 8, 'uploads/perfis/8/stories/1768566623_d4e36186f07724425be4.jpg', '2026-01-17 09:30:23', '2026-01-16 09:30:23', '2026-01-16 11:01:24', '2026-01-16 11:01:24', '{"elements":[],"mentions":[]}'),
	(12, 8, 'uploads/perfis/8/stories/1768572166_e11c7e6654f66ec57629.jpg', '2026-01-17 11:02:46', '2026-01-16 11:02:46', '2026-01-17 12:08:14', '2026-01-17 12:08:14', '{"elements":[],"mentions":[]}'),
	(13, 8, 'uploads/perfis/8/stories/1768572186_237805b8b458b820d7ec.jpg', '2026-01-17 11:03:06', '2026-01-16 11:03:06', '2026-01-17 12:08:14', '2026-01-17 12:08:14', '{"elements":[],"mentions":[]}'),
	(14, 10, 'uploads/perfis/10/stories/1768606160_e757696cb1ee22b11085.jpg', '2026-01-17 20:29:20', '2026-01-16 20:29:20', '2026-01-18 11:04:58', '2026-01-18 11:04:58', '{"elements":[],"mentions":[]}'),
	(15, 10, 'uploads/perfis/10/stories/1768606172_ff1120bd1e6f6d005f87.jpg', '2026-01-17 20:29:32', '2026-01-16 20:29:32', '2026-01-18 11:04:58', '2026-01-18 11:04:58', '{"elements":[],"mentions":[]}'),
	(16, 10, 'uploads/perfis/10/stories/1768608755_e3be997693183930a2c4.jpg', '2026-01-17 21:12:35', '2026-01-16 21:12:35', '2026-01-18 11:04:58', '2026-01-18 11:04:58', '{"elements":[{"type":"text","text":"@Alessandra lettiere","x":-2.232147216796875,"y":26.785644531250092,"scaleX":0.43450481605870367,"scaleY":0.4345048160587038,"rotation":0,"fill":"#00d1ff","src":null}],"mentions":[{"id":23,"type":"user","name":"Alessandra lettiere","nodeId":4}]}'),
	(17, 10, 'uploads/perfis/10/stories/1768680549_5ccd7a05d0e9d5551c3e.jpg', '2026-01-18 17:09:10', '2026-01-17 17:09:10', '2026-01-20 11:32:54', '2026-01-20 11:32:54', '{"elements":[],"mentions":[]}'),
	(18, 8, 'uploads/perfis/8/stories/1768935975_76c22a7c53e5281f9593.jpg', '2026-01-21 16:06:15', '2026-01-20 16:06:15', '2026-01-25 14:28:35', '2026-01-25 14:28:35', '{"elements":[],"mentions":[]}'),
	(19, 10, 'uploads/perfis/10/stories/1768939178_4eccc10fba7f65ebbd92.jpg', '2026-01-21 16:59:38', '2026-01-20 16:59:38', '2026-01-25 14:28:35', '2026-01-25 14:28:35', '{"elements":[],"mentions":[]}'),
	(20, 10, 'uploads/perfis/10/stories/1769362165_8047ffcf8dbac900856f.jpg', '2026-01-26 14:29:25', '2026-01-25 14:29:25', '2026-01-29 19:27:39', '2026-01-29 19:27:39', '{"elements":[],"mentions":[]}'),
	(21, 10, 'uploads/perfis/10/stories/1769415504_0ccf2474edc11b60efee.jpg', '2026-01-27 05:18:24', '2026-01-26 05:18:24', '2026-01-29 19:27:39', '2026-01-29 19:27:39', '{"elements":[],"mentions":[]}'),
	(22, 10, 'uploads/perfis/10/stories/1769725688_cad63a0967e15b12baa8.jpg', '2026-01-30 19:28:09', '2026-01-29 19:28:09', '2026-01-31 00:01:14', '2026-01-31 00:01:14', '{"elements":[],"mentions":[]}'),
	(23, 10, 'uploads/perfis/10/stories/1769725794_3a372a858428ea7f9019.jpg', '2026-01-30 19:29:54', '2026-01-29 19:29:54', '2026-01-31 00:01:14', '2026-01-31 00:01:14', '{"elements":[],"mentions":[]}'),
	(24, 10, 'uploads/perfis/10/stories/1769828505_1ec3a9d832b7a77cbf5a.jpg', '2026-02-01 00:01:45', '2026-01-31 00:01:45', '2026-02-02 12:09:18', '2026-02-02 12:09:18', '{"elements":[],"mentions":[]}'),
	(25, 43, 'C:/wamp64/www/rolesbr/public/uploads/perfis/43/stories/1770044968_7b3bef1dd04e4113b50c.jpg', '2026-02-03 12:09:28', '2026-02-02 12:09:28', '2026-02-03 15:09:58', '2026-02-03 15:09:58', '{"elements":[],"mentions":[]}'),
	(26, 25, 'uploads/perfis/25/stories/1770142217_b6a07101eebac5a4fb11.jpg', '2026-02-04 15:10:18', '2026-02-03 15:10:18', '2026-02-04 19:03:55', '2026-02-04 19:03:55', '{"elements":[],"mentions":[]}'),
	(27, 10, 'uploads/perfis/10/stories/1770172480_415a64e562415d02bcf2.jpg', '2026-02-04 23:34:40', '2026-02-03 23:34:40', '2026-02-05 20:36:53', '2026-02-05 20:36:53', '{"elements":[],"mentions":[]}'),
	(28, 10, 'uploads/perfis/10/stories/1770242704_3cc8224eecf6a7951335.jpg', '2026-02-05 19:05:04', '2026-02-04 19:05:04', '2026-02-05 20:36:53', '2026-02-05 20:36:53', '{"elements":[],"mentions":[]}'),
	(29, 25, 'uploads/perfis/25/stories/1770334628_ed8d16c640cb1bc52660.jpg', '2026-02-06 20:37:08', '2026-02-05 20:37:08', '2026-02-05 20:37:08', NULL, '{"elements":[],"mentions":[]}');
/*!40000 ALTER TABLE `user_stories_tb` ENABLE KEYS */;

/*!40103 SET TIME_ZONE=IFNULL(@OLD_TIME_ZONE, 'system') */;
/*!40101 SET SQL_MODE=IFNULL(@OLD_SQL_MODE, '') */;
/*!40014 SET FOREIGN_KEY_CHECKS=IFNULL(@OLD_FOREIGN_KEY_CHECKS, 1) */;
/*!40101 SET CHARACTER_SET_CLIENT=@OLD_CHARACTER_SET_CLIENT */;
/*!40111 SET SQL_NOTES=IFNULL(@OLD_SQL_NOTES, 1) */;
